Image,Actual_Label,Predicted_Label
Image_0,0,0
Image_1,0,0
Image_2,0,0
Image_3,0,0
Image_4,0,0
Image_5,0,0
Image_6,0,0
Image_7,0,0
Image_8,0,0
Image_9,0,0
Image_10,0,0
Image_11,0,0
Image_12,0,0
Image_13,0,0
Image_14,0,0
Image_15,0,0
Image_16,0,0
Image_17,0,0
Image_18,0,0
Image_19,0,0
Image_20,0,0
Image_21,0,0
Image_22,0,0
Image_23,0,0
Image_24,0,0
Image_25,0,0
Image_26,0,0
Image_27,0,0
Image_28,0,0
Image_29,0,0
Image_30,0,0
Image_31,0,0
Image_32,0,0
Image_33,0,0
Image_34,0,0
Image_35,0,0
Image_36,0,0
Image_37,0,0
Image_38,0,0
Image_39,0,0
Image_40,0,0
Image_41,0,0
Image_42,0,0
Image_43,0,0
Image_44,0,0
Image_45,0,0
Image_46,0,0
Image_47,0,0
Image_48,0,0
Image_49,0,0
Image_50,0,0
Image_51,0,0
Image_52,0,0
Image_53,0,0
Image_54,0,0
Image_55,0,0
Image_56,0,0
Image_57,0,0
Image_58,0,0
Image_59,0,0
Image_60,0,0
Image_61,0,0
Image_62,0,0
Image_63,0,0
Image_64,0,0
Image_65,0,0
Image_66,0,0
Image_67,0,0
Image_68,0,0
Image_69,0,0
Image_70,0,0
Image_71,0,0
Image_72,0,0
Image_73,0,0
Image_74,0,0
Image_75,0,0
Image_76,0,0
Image_77,0,0
Image_78,0,0
Image_79,0,0
Image_80,0,0
Image_81,0,0
Image_82,0,0
Image_83,0,0
Image_84,0,0
Image_85,0,0
Image_86,0,0
Image_87,0,0
Image_88,0,0
Image_89,0,0
Image_90,0,0
Image_91,0,0
Image_92,0,0
Image_93,0,0
Image_94,0,0
Image_95,0,0
Image_96,0,0
Image_97,0,0
Image_98,0,0
Image_99,0,0
Image_100,0,0
Image_101,0,0
Image_102,0,0
Image_103,0,0
Image_104,0,0
Image_105,0,0
Image_106,0,0
Image_107,0,0
Image_108,0,0
Image_109,0,0
Image_110,0,0
Image_111,0,0
Image_112,0,0
Image_113,0,0
Image_114,0,0
Image_115,0,0
Image_116,0,0
Image_117,0,0
Image_118,0,0
Image_119,0,0
Image_120,0,0
Image_121,0,0
Image_122,0,0
Image_123,0,0
Image_124,0,0
Image_125,0,0
Image_126,0,0
Image_127,0,0
Image_128,0,0
Image_129,0,0
Image_130,0,0
Image_131,0,0
Image_132,0,0
Image_133,0,0
Image_134,0,0
Image_135,0,0
Image_136,0,0
Image_137,0,0
Image_138,0,0
Image_139,0,0
Image_140,0,0
Image_141,0,0
Image_142,0,0
Image_143,0,0
Image_144,0,0
Image_145,0,0
Image_146,0,0
Image_147,0,0
Image_148,0,0
Image_149,0,0
Image_150,0,0
Image_151,0,0
Image_152,0,0
Image_153,0,0
Image_154,0,0
Image_155,0,0
Image_156,0,0
Image_157,0,0
Image_158,0,0
Image_159,0,0
Image_160,0,0
Image_161,1,1
Image_162,1,1
Image_163,1,1
Image_164,1,1
Image_165,1,1
Image_166,1,1
Image_167,1,1
Image_168,1,1
Image_169,1,1
Image_170,1,1
Image_171,1,1
Image_172,1,1
Image_173,1,1
Image_174,1,1
Image_175,1,1
Image_176,1,1
Image_177,1,1
Image_178,1,1
Image_179,1,1
Image_180,1,1
Image_181,1,1
Image_182,1,1
Image_183,1,1
Image_184,1,1
Image_185,1,125
Image_186,1,1
Image_187,1,1
Image_188,1,1
Image_189,1,1
Image_190,1,1
Image_191,1,1
Image_192,1,1
Image_193,1,1
Image_194,1,1
Image_195,1,1
Image_196,1,1
Image_197,1,1
Image_198,1,1
Image_199,1,1
Image_200,1,1
Image_201,1,1
Image_202,1,1
Image_203,1,1
Image_204,1,1
Image_205,1,1
Image_206,1,1
Image_207,1,1
Image_208,1,1
Image_209,1,1
Image_210,1,1
Image_211,1,1
Image_212,1,1
Image_213,1,1
Image_214,1,1
Image_215,1,1
Image_216,1,1
Image_217,1,1
Image_218,1,1
Image_219,1,1
Image_220,1,1
Image_221,1,1
Image_222,1,1
Image_223,1,1
Image_224,1,1
Image_225,1,1
Image_226,1,1
Image_227,1,1
Image_228,1,1
Image_229,1,1
Image_230,1,1
Image_231,1,1
Image_232,1,1
Image_233,1,1
Image_234,1,1
Image_235,1,1
Image_236,1,1
Image_237,1,1
Image_238,1,1
Image_239,1,1
Image_240,1,1
Image_241,1,1
Image_242,1,1
Image_243,1,1
Image_244,1,1
Image_245,1,1
Image_246,1,1
Image_247,1,1
Image_248,1,1
Image_249,1,1
Image_250,1,1
Image_251,1,1
Image_252,1,1
Image_253,1,1
Image_254,1,1
Image_255,1,1
Image_256,1,1
Image_257,1,1
Image_258,1,1
Image_259,1,1
Image_260,1,1
Image_261,1,1
Image_262,1,1
Image_263,1,1
Image_264,1,1
Image_265,1,1
Image_266,1,1
Image_267,1,1
Image_268,1,1
Image_269,1,1
Image_270,1,1
Image_271,1,1
Image_272,1,1
Image_273,1,1
Image_274,1,1
Image_275,1,1
Image_276,1,1
Image_277,1,1
Image_278,1,1
Image_279,1,1
Image_280,1,1
Image_281,1,1
Image_282,1,1
Image_283,1,1
Image_284,1,1
Image_285,1,1
Image_286,1,1
Image_287,1,1
Image_288,1,1
Image_289,1,1
Image_290,1,1
Image_291,1,1
Image_292,1,1
Image_293,1,1
Image_294,1,1
Image_295,1,1
Image_296,1,1
Image_297,1,1
Image_298,1,1
Image_299,1,1
Image_300,1,1
Image_301,1,1
Image_302,1,1
Image_303,1,1
Image_304,1,1
Image_305,1,1
Image_306,1,1
Image_307,1,1
Image_308,1,1
Image_309,1,1
Image_310,1,1
Image_311,1,1
Image_312,1,1
Image_313,1,1
Image_314,1,1
Image_315,1,1
Image_316,1,1
Image_317,1,1
Image_318,1,125
Image_319,1,1
Image_320,1,1
Image_321,2,2
Image_322,2,2
Image_323,2,2
Image_324,2,2
Image_325,2,2
Image_326,2,2
Image_327,2,2
Image_328,2,2
Image_329,2,2
Image_330,2,2
Image_331,2,2
Image_332,2,2
Image_333,2,2
Image_334,2,2
Image_335,2,2
Image_336,2,2
Image_337,2,2
Image_338,2,2
Image_339,2,2
Image_340,2,2
Image_341,2,2
Image_342,2,2
Image_343,2,2
Image_344,2,2
Image_345,2,2
Image_346,2,2
Image_347,2,2
Image_348,2,2
Image_349,2,2
Image_350,2,2
Image_351,2,2
Image_352,2,2
Image_353,2,2
Image_354,2,2
Image_355,2,2
Image_356,2,2
Image_357,2,13
Image_358,2,2
Image_359,2,2
Image_360,2,2
Image_361,2,2
Image_362,2,2
Image_363,2,2
Image_364,2,2
Image_365,2,2
Image_366,2,2
Image_367,2,2
Image_368,2,2
Image_369,2,2
Image_370,2,2
Image_371,2,2
Image_372,2,2
Image_373,2,2
Image_374,2,2
Image_375,2,2
Image_376,2,2
Image_377,2,2
Image_378,2,2
Image_379,2,2
Image_380,2,2
Image_381,2,2
Image_382,2,2
Image_383,2,2
Image_384,2,2
Image_385,2,2
Image_386,2,2
Image_387,2,2
Image_388,2,2
Image_389,2,2
Image_390,2,2
Image_391,2,13
Image_392,2,2
Image_393,2,2
Image_394,2,2
Image_395,2,2
Image_396,2,2
Image_397,2,2
Image_398,2,2
Image_399,2,2
Image_400,2,2
Image_401,2,2
Image_402,2,2
Image_403,2,2
Image_404,2,2
Image_405,2,2
Image_406,2,2
Image_407,2,2
Image_408,2,2
Image_409,2,2
Image_410,2,2
Image_411,2,2
Image_412,2,2
Image_413,2,2
Image_414,2,2
Image_415,2,2
Image_416,2,2
Image_417,2,2
Image_418,2,2
Image_419,2,2
Image_420,2,2
Image_421,2,2
Image_422,2,2
Image_423,2,2
Image_424,2,2
Image_425,2,2
Image_426,2,2
Image_427,2,2
Image_428,2,2
Image_429,2,2
Image_430,2,2
Image_431,2,2
Image_432,2,2
Image_433,2,2
Image_434,2,2
Image_435,2,2
Image_436,2,2
Image_437,2,2
Image_438,2,2
Image_439,2,2
Image_440,2,2
Image_441,2,2
Image_442,2,2
Image_443,2,2
Image_444,2,2
Image_445,2,2
Image_446,2,2
Image_447,2,2
Image_448,2,2
Image_449,2,2
Image_450,2,2
Image_451,2,2
Image_452,2,2
Image_453,2,2
Image_454,2,2
Image_455,2,2
Image_456,2,2
Image_457,2,2
Image_458,2,2
Image_459,2,2
Image_460,2,2
Image_461,2,2
Image_462,2,2
Image_463,2,13
Image_464,2,2
Image_465,2,2
Image_466,2,2
Image_467,2,2
Image_468,2,2
Image_469,2,2
Image_470,2,2
Image_471,2,2
Image_472,2,2
Image_473,2,2
Image_474,2,2
Image_475,2,2
Image_476,2,2
Image_477,2,2
Image_478,2,13
Image_479,2,2
Image_480,2,2
Image_481,2,2
Image_482,2,2
Image_483,2,2
Image_484,2,2
Image_485,2,2
Image_486,2,2
Image_487,2,2
Image_488,2,2
Image_489,2,2
Image_490,2,2
Image_491,2,2
Image_492,2,2
Image_493,2,2
Image_494,2,2
Image_495,2,2
Image_496,2,2
Image_497,2,2
Image_498,2,2
Image_499,2,2
Image_500,2,2
Image_501,2,2
Image_502,2,2
Image_503,2,2
Image_504,2,2
Image_505,2,2
Image_506,2,2
Image_507,2,2
Image_508,2,2
Image_509,2,2
Image_510,2,2
Image_511,2,2
Image_512,2,2
Image_513,2,2
Image_514,2,2
Image_515,2,2
Image_516,2,2
Image_517,2,2
Image_518,2,2
Image_519,2,2
Image_520,2,13
Image_521,2,2
Image_522,2,2
Image_523,2,2
Image_524,2,2
Image_525,2,2
Image_526,2,2
Image_527,2,2
Image_528,2,2
Image_529,2,2
Image_530,2,2
Image_531,2,2
Image_532,2,2
Image_533,2,2
Image_534,2,2
Image_535,2,2
Image_536,2,2
Image_537,2,2
Image_538,3,3
Image_539,3,3
Image_540,3,3
Image_541,3,3
Image_542,3,3
Image_543,3,3
Image_544,3,3
Image_545,3,3
Image_546,3,3
Image_547,3,3
Image_548,3,3
Image_549,3,3
Image_550,3,3
Image_551,3,3
Image_552,3,3
Image_553,3,3
Image_554,3,3
Image_555,3,3
Image_556,3,3
Image_557,3,3
Image_558,3,3
Image_559,3,3
Image_560,3,3
Image_561,3,3
Image_562,3,3
Image_563,3,3
Image_564,3,3
Image_565,3,3
Image_566,3,3
Image_567,3,3
Image_568,3,3
Image_569,3,3
Image_570,3,3
Image_571,3,3
Image_572,3,3
Image_573,3,3
Image_574,3,3
Image_575,3,3
Image_576,3,3
Image_577,3,3
Image_578,3,3
Image_579,3,3
Image_580,3,3
Image_581,3,3
Image_582,3,3
Image_583,3,3
Image_584,3,3
Image_585,3,3
Image_586,3,3
Image_587,3,3
Image_588,3,3
Image_589,3,3
Image_590,3,3
Image_591,3,3
Image_592,3,3
Image_593,3,3
Image_594,3,3
Image_595,3,3
Image_596,3,3
Image_597,3,3
Image_598,3,3
Image_599,3,3
Image_600,3,3
Image_601,3,3
Image_602,3,3
Image_603,3,3
Image_604,3,3
Image_605,3,3
Image_606,3,3
Image_607,3,3
Image_608,3,3
Image_609,3,3
Image_610,3,3
Image_611,3,3
Image_612,3,3
Image_613,3,3
Image_614,3,3
Image_615,3,3
Image_616,3,3
Image_617,3,3
Image_618,3,3
Image_619,3,3
Image_620,3,3
Image_621,3,3
Image_622,3,3
Image_623,3,3
Image_624,3,3
Image_625,3,3
Image_626,3,3
Image_627,3,3
Image_628,3,3
Image_629,3,3
Image_630,3,3
Image_631,3,3
Image_632,3,3
Image_633,3,3
Image_634,3,3
Image_635,3,3
Image_636,3,3
Image_637,3,3
Image_638,3,3
Image_639,3,3
Image_640,3,3
Image_641,3,3
Image_642,3,3
Image_643,3,3
Image_644,3,3
Image_645,3,3
Image_646,3,3
Image_647,3,3
Image_648,3,3
Image_649,3,3
Image_650,3,3
Image_651,3,3
Image_652,3,3
Image_653,3,3
Image_654,3,3
Image_655,3,3
Image_656,3,3
Image_657,3,3
Image_658,3,3
Image_659,3,3
Image_660,3,3
Image_661,3,3
Image_662,3,3
Image_663,3,3
Image_664,3,3
Image_665,3,3
Image_666,3,3
Image_667,3,3
Image_668,3,3
Image_669,3,3
Image_670,3,3
Image_671,3,3
Image_672,3,3
Image_673,3,3
Image_674,3,3
Image_675,3,3
Image_676,3,3
Image_677,3,3
Image_678,3,3
Image_679,3,3
Image_680,3,3
Image_681,3,3
Image_682,3,3
Image_683,3,3
Image_684,3,3
Image_685,3,3
Image_686,3,3
Image_687,3,3
Image_688,3,3
Image_689,3,3
Image_690,3,3
Image_691,3,3
Image_692,3,3
Image_693,3,3
Image_694,3,3
Image_695,3,3
Image_696,3,3
Image_697,3,3
Image_698,4,4
Image_699,4,4
Image_700,4,4
Image_701,4,4
Image_702,4,4
Image_703,4,4
Image_704,4,4
Image_705,4,4
Image_706,4,4
Image_707,4,4
Image_708,4,4
Image_709,4,4
Image_710,4,4
Image_711,4,4
Image_712,4,4
Image_713,4,4
Image_714,4,4
Image_715,4,4
Image_716,4,4
Image_717,4,4
Image_718,4,4
Image_719,4,4
Image_720,4,4
Image_721,4,4
Image_722,4,4
Image_723,4,4
Image_724,4,4
Image_725,4,4
Image_726,4,4
Image_727,4,4
Image_728,4,4
Image_729,4,4
Image_730,4,4
Image_731,4,4
Image_732,4,4
Image_733,4,4
Image_734,4,4
Image_735,4,4
Image_736,4,4
Image_737,4,4
Image_738,4,4
Image_739,4,4
Image_740,4,4
Image_741,4,4
Image_742,4,4
Image_743,4,4
Image_744,4,4
Image_745,4,4
Image_746,4,4
Image_747,4,4
Image_748,4,4
Image_749,4,4
Image_750,4,4
Image_751,4,4
Image_752,4,4
Image_753,4,4
Image_754,4,4
Image_755,4,4
Image_756,4,4
Image_757,4,4
Image_758,4,4
Image_759,4,4
Image_760,4,4
Image_761,4,4
Image_762,4,4
Image_763,4,4
Image_764,4,4
Image_765,4,4
Image_766,4,4
Image_767,4,4
Image_768,4,4
Image_769,4,4
Image_770,4,4
Image_771,4,4
Image_772,4,4
Image_773,4,4
Image_774,4,4
Image_775,4,4
Image_776,4,4
Image_777,4,4
Image_778,4,4
Image_779,4,4
Image_780,4,4
Image_781,4,4
Image_782,4,4
Image_783,4,4
Image_784,4,4
Image_785,4,4
Image_786,4,4
Image_787,4,4
Image_788,4,4
Image_789,4,4
Image_790,4,4
Image_791,4,4
Image_792,4,4
Image_793,4,4
Image_794,4,4
Image_795,4,4
Image_796,4,4
Image_797,4,4
Image_798,4,4
Image_799,4,4
Image_800,4,4
Image_801,4,4
Image_802,4,4
Image_803,4,4
Image_804,4,4
Image_805,4,4
Image_806,4,4
Image_807,4,4
Image_808,4,4
Image_809,4,4
Image_810,4,4
Image_811,4,4
Image_812,4,4
Image_813,4,4
Image_814,4,4
Image_815,4,4
Image_816,4,4
Image_817,4,4
Image_818,4,4
Image_819,4,4
Image_820,4,4
Image_821,4,4
Image_822,4,4
Image_823,4,4
Image_824,4,4
Image_825,4,4
Image_826,4,4
Image_827,4,4
Image_828,4,4
Image_829,4,4
Image_830,4,4
Image_831,4,4
Image_832,4,4
Image_833,4,4
Image_834,4,4
Image_835,4,4
Image_836,4,4
Image_837,4,4
Image_838,4,4
Image_839,4,4
Image_840,4,4
Image_841,4,4
Image_842,4,4
Image_843,4,4
Image_844,4,4
Image_845,4,4
Image_846,4,4
Image_847,4,4
Image_848,4,4
Image_849,4,4
Image_850,4,4
Image_851,4,4
Image_852,4,4
Image_853,4,4
Image_854,4,4
Image_855,4,4
Image_856,5,5
Image_857,5,5
Image_858,5,5
Image_859,5,5
Image_860,5,5
Image_861,5,5
Image_862,5,5
Image_863,5,5
Image_864,5,5
Image_865,5,5
Image_866,5,5
Image_867,5,5
Image_868,5,5
Image_869,5,5
Image_870,5,5
Image_871,5,5
Image_872,5,5
Image_873,5,5
Image_874,5,5
Image_875,5,5
Image_876,5,5
Image_877,5,5
Image_878,5,5
Image_879,5,5
Image_880,5,5
Image_881,5,5
Image_882,5,5
Image_883,5,5
Image_884,5,5
Image_885,5,5
Image_886,5,5
Image_887,5,5
Image_888,5,5
Image_889,5,5
Image_890,5,5
Image_891,5,5
Image_892,5,5
Image_893,5,5
Image_894,5,5
Image_895,5,5
Image_896,5,5
Image_897,5,5
Image_898,5,5
Image_899,5,5
Image_900,5,5
Image_901,5,5
Image_902,5,5
Image_903,5,5
Image_904,5,5
Image_905,5,5
Image_906,5,5
Image_907,5,5
Image_908,5,5
Image_909,5,5
Image_910,5,5
Image_911,5,5
Image_912,5,5
Image_913,5,5
Image_914,5,5
Image_915,5,5
Image_916,5,5
Image_917,5,5
Image_918,5,5
Image_919,5,5
Image_920,5,5
Image_921,5,5
Image_922,5,5
Image_923,5,5
Image_924,5,5
Image_925,5,5
Image_926,5,5
Image_927,5,5
Image_928,5,5
Image_929,5,5
Image_930,5,5
Image_931,5,5
Image_932,5,5
Image_933,5,5
Image_934,5,5
Image_935,5,5
Image_936,5,5
Image_937,5,5
Image_938,5,5
Image_939,5,5
Image_940,5,5
Image_941,5,5
Image_942,5,5
Image_943,5,5
Image_944,5,5
Image_945,5,5
Image_946,5,5
Image_947,5,5
Image_948,5,5
Image_949,5,5
Image_950,5,5
Image_951,5,5
Image_952,5,5
Image_953,5,5
Image_954,5,5
Image_955,5,5
Image_956,5,5
Image_957,5,5
Image_958,5,5
Image_959,5,5
Image_960,5,5
Image_961,5,5
Image_962,5,5
Image_963,5,5
Image_964,5,5
Image_965,5,5
Image_966,5,5
Image_967,5,5
Image_968,5,5
Image_969,5,5
Image_970,5,5
Image_971,5,5
Image_972,5,5
Image_973,5,5
Image_974,5,5
Image_975,5,5
Image_976,5,5
Image_977,5,5
Image_978,5,5
Image_979,5,5
Image_980,5,5
Image_981,5,5
Image_982,5,5
Image_983,5,5
Image_984,5,5
Image_985,5,5
Image_986,5,5
Image_987,5,5
Image_988,5,5
Image_989,5,5
Image_990,5,5
Image_991,5,5
Image_992,5,5
Image_993,5,5
Image_994,5,5
Image_995,5,5
Image_996,5,5
Image_997,5,5
Image_998,5,5
Image_999,5,5
Image_1000,5,5
Image_1001,5,5
Image_1002,5,5
Image_1003,5,5
Image_1004,5,5
Image_1005,5,5
Image_1006,5,5
Image_1007,5,5
Image_1008,5,5
Image_1009,5,5
Image_1010,5,5
Image_1011,6,6
Image_1012,6,6
Image_1013,6,6
Image_1014,6,6
Image_1015,6,6
Image_1016,6,6
Image_1017,6,6
Image_1018,6,6
Image_1019,6,6
Image_1020,6,6
Image_1021,6,6
Image_1022,6,6
Image_1023,6,6
Image_1024,6,6
Image_1025,6,6
Image_1026,6,6
Image_1027,6,6
Image_1028,6,6
Image_1029,6,6
Image_1030,6,6
Image_1031,6,6
Image_1032,6,6
Image_1033,6,6
Image_1034,6,6
Image_1035,6,6
Image_1036,6,6
Image_1037,6,6
Image_1038,6,6
Image_1039,6,6
Image_1040,6,6
Image_1041,6,6
Image_1042,6,6
Image_1043,6,6
Image_1044,6,6
Image_1045,6,6
Image_1046,6,6
Image_1047,6,6
Image_1048,6,6
Image_1049,6,6
Image_1050,6,6
Image_1051,6,6
Image_1052,6,6
Image_1053,6,6
Image_1054,6,6
Image_1055,6,6
Image_1056,6,6
Image_1057,6,6
Image_1058,6,6
Image_1059,6,6
Image_1060,6,6
Image_1061,6,6
Image_1062,6,6
Image_1063,6,6
Image_1064,6,6
Image_1065,6,6
Image_1066,6,6
Image_1067,6,6
Image_1068,6,6
Image_1069,6,6
Image_1070,6,6
Image_1071,6,6
Image_1072,6,6
Image_1073,6,6
Image_1074,6,6
Image_1075,6,6
Image_1076,6,6
Image_1077,6,6
Image_1078,6,6
Image_1079,6,6
Image_1080,6,6
Image_1081,6,6
Image_1082,6,6
Image_1083,6,6
Image_1084,6,6
Image_1085,6,6
Image_1086,6,6
Image_1087,6,6
Image_1088,6,6
Image_1089,6,6
Image_1090,6,6
Image_1091,6,6
Image_1092,6,6
Image_1093,6,6
Image_1094,6,6
Image_1095,6,6
Image_1096,6,6
Image_1097,6,6
Image_1098,6,6
Image_1099,6,6
Image_1100,6,6
Image_1101,6,6
Image_1102,6,6
Image_1103,6,6
Image_1104,6,6
Image_1105,6,6
Image_1106,6,6
Image_1107,6,6
Image_1108,6,6
Image_1109,6,6
Image_1110,6,6
Image_1111,6,6
Image_1112,6,6
Image_1113,6,6
Image_1114,6,6
Image_1115,6,6
Image_1116,6,6
Image_1117,6,6
Image_1118,6,6
Image_1119,6,6
Image_1120,6,6
Image_1121,6,6
Image_1122,6,6
Image_1123,6,6
Image_1124,6,6
Image_1125,6,6
Image_1126,6,6
Image_1127,6,6
Image_1128,6,6
Image_1129,6,6
Image_1130,6,6
Image_1131,6,6
Image_1132,6,6
Image_1133,6,6
Image_1134,6,6
Image_1135,6,6
Image_1136,6,6
Image_1137,6,6
Image_1138,6,6
Image_1139,6,6
Image_1140,6,6
Image_1141,6,6
Image_1142,6,6
Image_1143,6,6
Image_1144,6,6
Image_1145,6,6
Image_1146,6,6
Image_1147,6,6
Image_1148,6,6
Image_1149,6,6
Image_1150,6,6
Image_1151,6,6
Image_1152,6,6
Image_1153,6,6
Image_1154,6,6
Image_1155,6,6
Image_1156,6,6
Image_1157,6,6
Image_1158,6,6
Image_1159,6,6
Image_1160,6,6
Image_1161,6,6
Image_1162,6,6
Image_1163,6,6
Image_1164,6,6
Image_1165,6,6
Image_1166,6,6
Image_1167,7,7
Image_1168,7,7
Image_1169,7,7
Image_1170,7,7
Image_1171,7,7
Image_1172,7,7
Image_1173,7,7
Image_1174,7,7
Image_1175,7,7
Image_1176,7,7
Image_1177,7,7
Image_1178,7,7
Image_1179,7,7
Image_1180,7,7
Image_1181,7,7
Image_1182,7,7
Image_1183,7,7
Image_1184,7,7
Image_1185,7,7
Image_1186,7,7
Image_1187,7,7
Image_1188,7,7
Image_1189,7,7
Image_1190,7,7
Image_1191,7,7
Image_1192,7,7
Image_1193,7,7
Image_1194,7,7
Image_1195,7,7
Image_1196,7,7
Image_1197,7,7
Image_1198,7,7
Image_1199,7,7
Image_1200,7,7
Image_1201,7,7
Image_1202,7,7
Image_1203,7,7
Image_1204,7,7
Image_1205,7,7
Image_1206,7,7
Image_1207,7,7
Image_1208,7,7
Image_1209,7,7
Image_1210,7,7
Image_1211,7,7
Image_1212,7,7
Image_1213,7,7
Image_1214,7,7
Image_1215,7,7
Image_1216,7,7
Image_1217,7,7
Image_1218,7,7
Image_1219,7,7
Image_1220,7,7
Image_1221,7,7
Image_1222,7,7
Image_1223,7,7
Image_1224,7,7
Image_1225,7,7
Image_1226,7,7
Image_1227,7,7
Image_1228,7,7
Image_1229,7,7
Image_1230,7,7
Image_1231,7,7
Image_1232,7,7
Image_1233,7,7
Image_1234,7,7
Image_1235,7,7
Image_1236,7,7
Image_1237,7,7
Image_1238,7,7
Image_1239,7,7
Image_1240,7,7
Image_1241,7,7
Image_1242,7,7
Image_1243,7,7
Image_1244,7,7
Image_1245,7,7
Image_1246,7,7
Image_1247,7,7
Image_1248,7,7
Image_1249,7,7
Image_1250,7,7
Image_1251,7,7
Image_1252,7,7
Image_1253,7,7
Image_1254,7,7
Image_1255,7,7
Image_1256,7,7
Image_1257,7,7
Image_1258,7,7
Image_1259,7,7
Image_1260,7,7
Image_1261,7,7
Image_1262,7,7
Image_1263,7,7
Image_1264,7,7
Image_1265,7,7
Image_1266,7,7
Image_1267,7,7
Image_1268,7,7
Image_1269,7,7
Image_1270,7,7
Image_1271,7,7
Image_1272,7,7
Image_1273,7,7
Image_1274,7,7
Image_1275,7,7
Image_1276,7,7
Image_1277,7,7
Image_1278,7,7
Image_1279,7,7
Image_1280,7,7
Image_1281,7,7
Image_1282,7,7
Image_1283,7,7
Image_1284,7,7
Image_1285,7,7
Image_1286,7,7
Image_1287,7,7
Image_1288,7,7
Image_1289,7,7
Image_1290,7,7
Image_1291,7,7
Image_1292,7,7
Image_1293,7,7
Image_1294,7,7
Image_1295,7,7
Image_1296,7,7
Image_1297,7,7
Image_1298,7,7
Image_1299,7,7
Image_1300,7,7
Image_1301,7,7
Image_1302,7,7
Image_1303,8,8
Image_1304,8,8
Image_1305,8,8
Image_1306,8,97
Image_1307,8,8
Image_1308,8,8
Image_1309,8,8
Image_1310,8,8
Image_1311,8,8
Image_1312,8,8
Image_1313,8,8
Image_1314,8,8
Image_1315,8,8
Image_1316,8,8
Image_1317,8,8
Image_1318,8,8
Image_1319,8,8
Image_1320,8,8
Image_1321,8,8
Image_1322,8,8
Image_1323,8,8
Image_1324,8,8
Image_1325,8,8
Image_1326,8,8
Image_1327,8,8
Image_1328,8,8
Image_1329,8,8
Image_1330,8,8
Image_1331,8,8
Image_1332,8,8
Image_1333,8,8
Image_1334,8,8
Image_1335,8,8
Image_1336,8,8
Image_1337,8,8
Image_1338,8,8
Image_1339,8,8
Image_1340,8,8
Image_1341,8,8
Image_1342,8,8
Image_1343,8,8
Image_1344,8,8
Image_1345,8,8
Image_1346,8,8
Image_1347,8,8
Image_1348,8,8
Image_1349,8,8
Image_1350,8,8
Image_1351,8,8
Image_1352,8,8
Image_1353,8,8
Image_1354,8,8
Image_1355,8,8
Image_1356,8,8
Image_1357,8,8
Image_1358,8,8
Image_1359,8,8
Image_1360,8,8
Image_1361,8,8
Image_1362,8,8
Image_1363,8,8
Image_1364,8,8
Image_1365,8,8
Image_1366,8,8
Image_1367,8,8
Image_1368,8,8
Image_1369,8,8
Image_1370,8,8
Image_1371,8,8
Image_1372,8,8
Image_1373,8,8
Image_1374,8,8
Image_1375,8,8
Image_1376,8,8
Image_1377,8,8
Image_1378,8,8
Image_1379,8,8
Image_1380,8,8
Image_1381,8,8
Image_1382,8,8
Image_1383,8,8
Image_1384,8,8
Image_1385,8,8
Image_1386,8,8
Image_1387,8,8
Image_1388,8,8
Image_1389,8,8
Image_1390,8,8
Image_1391,8,8
Image_1392,8,8
Image_1393,8,8
Image_1394,8,8
Image_1395,8,8
Image_1396,8,8
Image_1397,8,8
Image_1398,8,8
Image_1399,8,8
Image_1400,8,8
Image_1401,8,8
Image_1402,8,8
Image_1403,8,8
Image_1404,8,8
Image_1405,8,8
Image_1406,8,8
Image_1407,8,8
Image_1408,8,8
Image_1409,8,8
Image_1410,8,8
Image_1411,8,8
Image_1412,8,8
Image_1413,8,8
Image_1414,8,8
Image_1415,8,8
Image_1416,8,8
Image_1417,8,8
Image_1418,8,8
Image_1419,8,8
Image_1420,8,8
Image_1421,8,8
Image_1422,8,8
Image_1423,8,8
Image_1424,8,8
Image_1425,8,8
Image_1426,8,8
Image_1427,8,8
Image_1428,8,8
Image_1429,8,8
Image_1430,8,8
Image_1431,8,8
Image_1432,8,8
Image_1433,8,8
Image_1434,8,8
Image_1435,8,8
Image_1436,8,8
Image_1437,8,8
Image_1438,8,8
Image_1439,8,8
Image_1440,8,8
Image_1441,8,8
Image_1442,8,8
Image_1443,8,8
Image_1444,8,8
Image_1445,8,8
Image_1446,9,64
Image_1447,9,9
Image_1448,9,92
Image_1449,9,9
Image_1450,9,92
Image_1451,9,64
Image_1452,9,8
Image_1453,9,86
Image_1454,9,9
Image_1455,9,9
Image_1456,9,9
Image_1457,9,56
Image_1458,9,86
Image_1459,9,64
Image_1460,9,9
Image_1461,9,92
Image_1462,9,8
Image_1463,9,9
Image_1464,9,111
Image_1465,9,9
Image_1466,9,8
Image_1467,9,9
Image_1468,9,111
Image_1469,9,86
Image_1470,9,9
Image_1471,9,9
Image_1472,9,64
Image_1473,9,123
Image_1474,9,56
Image_1475,9,92
Image_1476,9,8
Image_1477,9,86
Image_1478,9,9
Image_1479,9,8
Image_1480,9,92
Image_1481,9,56
Image_1482,9,9
Image_1483,9,9
Image_1484,9,9
Image_1485,9,9
Image_1486,9,9
Image_1487,9,86
Image_1488,9,92
Image_1489,9,92
Image_1490,9,9
Image_1491,9,9
Image_1492,9,8
Image_1493,9,9
Image_1494,9,92
Image_1495,9,9
Image_1496,9,86
Image_1497,9,8
Image_1498,9,86
Image_1499,9,8
Image_1500,9,92
Image_1501,9,8
Image_1502,9,9
Image_1503,9,9
Image_1504,9,86
Image_1505,9,9
Image_1506,9,9
Image_1507,9,9
Image_1508,9,9
Image_1509,9,9
Image_1510,9,9
Image_1511,9,9
Image_1512,9,56
Image_1513,9,8
Image_1514,9,9
Image_1515,9,64
Image_1516,9,111
Image_1517,9,8
Image_1518,9,92
Image_1519,9,8
Image_1520,9,9
Image_1521,9,86
Image_1522,9,9
Image_1523,9,9
Image_1524,9,9
Image_1525,9,97
Image_1526,9,9
Image_1527,9,92
Image_1528,9,9
Image_1529,9,56
Image_1530,9,92
Image_1531,9,9
Image_1532,9,9
Image_1533,9,8
Image_1534,9,8
Image_1535,9,9
Image_1536,9,9
Image_1537,9,9
Image_1538,9,9
Image_1539,9,8
Image_1540,9,92
Image_1541,9,92
Image_1542,9,64
Image_1543,9,9
Image_1544,9,8
Image_1545,9,92
Image_1546,9,56
Image_1547,9,9
Image_1548,9,8
Image_1549,9,8
Image_1550,9,58
Image_1551,9,9
Image_1552,9,9
Image_1553,9,64
Image_1554,9,8
Image_1555,9,9
Image_1556,9,92
Image_1557,9,8
Image_1558,9,6
Image_1559,9,9
Image_1560,9,92
Image_1561,9,56
Image_1562,9,64
Image_1563,9,9
Image_1564,9,92
Image_1565,9,9
Image_1566,9,92
Image_1567,9,111
Image_1568,9,9
Image_1569,9,9
Image_1570,9,92
Image_1571,9,92
Image_1572,9,9
Image_1573,9,92
Image_1574,9,9
Image_1575,9,92
Image_1576,9,8
Image_1577,9,9
Image_1578,9,64
Image_1579,9,9
Image_1580,9,86
Image_1581,9,9
Image_1582,9,9
Image_1583,9,64
Image_1584,9,64
Image_1585,9,9
Image_1586,9,44
Image_1587,9,86
Image_1588,9,86
Image_1589,9,8
Image_1590,9,92
Image_1591,9,92
Image_1592,9,8
Image_1593,9,8
Image_1594,9,9
Image_1595,9,9
Image_1596,9,9
Image_1597,9,8
Image_1598,9,92
Image_1599,9,111
Image_1600,9,9
Image_1601,9,64
Image_1602,9,9
Image_1603,9,9
Image_1604,9,9
Image_1605,9,9
Image_1606,9,92
Image_1607,9,8
Image_1608,9,9
Image_1609,9,8
Image_1610,9,9
Image_1611,9,9
Image_1612,9,9
Image_1613,9,86
Image_1614,9,8
Image_1615,9,8
Image_1616,9,130
Image_1617,9,9
Image_1618,9,92
Image_1619,9,8
Image_1620,9,8
Image_1621,9,9
Image_1622,9,64
Image_1623,9,111
Image_1624,9,9
Image_1625,9,8
Image_1626,9,64
Image_1627,9,9
Image_1628,9,9
Image_1629,9,97
Image_1630,9,92
Image_1631,9,9
Image_1632,9,92
Image_1633,9,9
Image_1634,9,8
Image_1635,9,8
Image_1636,9,56
Image_1637,9,92
Image_1638,9,9
Image_1639,9,86
Image_1640,9,92
Image_1641,9,9
Image_1642,9,8
Image_1643,9,9
Image_1644,9,92
Image_1645,9,9
Image_1646,9,86
Image_1647,9,9
Image_1648,9,64
Image_1649,9,9
Image_1650,9,92
Image_1651,9,56
Image_1652,9,9
Image_1653,9,64
Image_1654,9,92
Image_1655,9,9
Image_1656,9,64
Image_1657,9,9
Image_1658,9,9
Image_1659,9,92
Image_1660,9,8
Image_1661,9,111
Image_1662,9,92
Image_1663,9,56
Image_1664,9,86
Image_1665,9,92
Image_1666,9,92
Image_1667,9,9
Image_1668,9,92
Image_1669,9,92
Image_1670,10,10
Image_1671,10,10
Image_1672,10,10
Image_1673,10,10
Image_1674,10,10
Image_1675,10,10
Image_1676,10,10
Image_1677,10,10
Image_1678,10,10
Image_1679,10,10
Image_1680,10,10
Image_1681,10,10
Image_1682,10,10
Image_1683,10,10
Image_1684,10,10
Image_1685,10,10
Image_1686,10,10
Image_1687,10,10
Image_1688,10,10
Image_1689,10,10
Image_1690,10,10
Image_1691,10,10
Image_1692,10,10
Image_1693,10,10
Image_1694,10,10
Image_1695,10,10
Image_1696,10,10
Image_1697,10,10
Image_1698,10,10
Image_1699,10,10
Image_1700,10,10
Image_1701,10,10
Image_1702,10,10
Image_1703,10,10
Image_1704,10,10
Image_1705,10,10
Image_1706,10,10
Image_1707,10,10
Image_1708,10,10
Image_1709,10,10
Image_1710,10,10
Image_1711,10,10
Image_1712,10,10
Image_1713,10,10
Image_1714,10,10
Image_1715,10,10
Image_1716,10,10
Image_1717,10,10
Image_1718,10,10
Image_1719,10,10
Image_1720,10,10
Image_1721,10,10
Image_1722,10,10
Image_1723,10,10
Image_1724,10,10
Image_1725,10,10
Image_1726,10,10
Image_1727,10,10
Image_1728,10,10
Image_1729,10,10
Image_1730,10,10
Image_1731,10,10
Image_1732,10,10
Image_1733,10,10
Image_1734,10,10
Image_1735,10,10
Image_1736,10,10
Image_1737,10,10
Image_1738,10,10
Image_1739,10,10
Image_1740,10,10
Image_1741,10,10
Image_1742,10,10
Image_1743,10,10
Image_1744,10,10
Image_1745,10,10
Image_1746,10,10
Image_1747,10,10
Image_1748,10,10
Image_1749,10,10
Image_1750,10,10
Image_1751,10,10
Image_1752,10,10
Image_1753,10,10
Image_1754,10,10
Image_1755,10,10
Image_1756,10,10
Image_1757,10,10
Image_1758,10,10
Image_1759,10,10
Image_1760,10,10
Image_1761,10,10
Image_1762,10,10
Image_1763,10,10
Image_1764,10,10
Image_1765,10,10
Image_1766,10,10
Image_1767,10,10
Image_1768,10,10
Image_1769,10,10
Image_1770,10,10
Image_1771,10,10
Image_1772,10,10
Image_1773,10,10
Image_1774,10,10
Image_1775,10,10
Image_1776,10,10
Image_1777,10,10
Image_1778,10,10
Image_1779,10,10
Image_1780,10,10
Image_1781,10,10
Image_1782,10,10
Image_1783,10,10
Image_1784,10,10
Image_1785,10,10
Image_1786,10,10
Image_1787,10,10
Image_1788,10,10
Image_1789,10,10
Image_1790,10,10
Image_1791,10,10
Image_1792,10,10
Image_1793,10,10
Image_1794,10,10
Image_1795,10,10
Image_1796,10,10
Image_1797,10,10
Image_1798,10,10
Image_1799,10,10
Image_1800,10,10
Image_1801,10,10
Image_1802,10,10
Image_1803,10,10
Image_1804,10,10
Image_1805,10,10
Image_1806,10,10
Image_1807,10,10
Image_1808,10,10
Image_1809,10,10
Image_1810,10,10
Image_1811,10,10
Image_1812,10,10
Image_1813,10,10
Image_1814,10,10
Image_1815,10,10
Image_1816,10,10
Image_1817,10,10
Image_1818,10,10
Image_1819,10,10
Image_1820,10,10
Image_1821,10,10
Image_1822,10,10
Image_1823,10,10
Image_1824,10,10
Image_1825,10,10
Image_1826,10,10
Image_1827,10,10
Image_1828,11,11
Image_1829,11,11
Image_1830,11,11
Image_1831,11,11
Image_1832,11,11
Image_1833,11,11
Image_1834,11,11
Image_1835,11,11
Image_1836,11,11
Image_1837,11,11
Image_1838,11,11
Image_1839,11,11
Image_1840,11,11
Image_1841,11,11
Image_1842,11,11
Image_1843,11,11
Image_1844,11,11
Image_1845,11,11
Image_1846,11,11
Image_1847,11,11
Image_1848,11,11
Image_1849,11,11
Image_1850,11,11
Image_1851,11,11
Image_1852,11,11
Image_1853,11,11
Image_1854,11,11
Image_1855,11,11
Image_1856,11,11
Image_1857,11,11
Image_1858,11,11
Image_1859,11,11
Image_1860,11,11
Image_1861,11,11
Image_1862,11,11
Image_1863,11,11
Image_1864,11,11
Image_1865,11,11
Image_1866,11,11
Image_1867,11,11
Image_1868,11,11
Image_1869,11,11
Image_1870,11,11
Image_1871,11,11
Image_1872,11,11
Image_1873,11,11
Image_1874,11,11
Image_1875,11,11
Image_1876,11,11
Image_1877,11,11
Image_1878,11,11
Image_1879,11,11
Image_1880,11,11
Image_1881,11,11
Image_1882,11,11
Image_1883,11,11
Image_1884,11,11
Image_1885,11,11
Image_1886,11,11
Image_1887,11,11
Image_1888,11,11
Image_1889,11,11
Image_1890,11,11
Image_1891,11,11
Image_1892,11,11
Image_1893,11,11
Image_1894,11,11
Image_1895,11,11
Image_1896,11,11
Image_1897,11,11
Image_1898,11,11
Image_1899,11,11
Image_1900,11,11
Image_1901,11,11
Image_1902,11,11
Image_1903,11,11
Image_1904,11,11
Image_1905,11,11
Image_1906,11,11
Image_1907,11,11
Image_1908,11,11
Image_1909,11,11
Image_1910,11,11
Image_1911,11,11
Image_1912,11,11
Image_1913,11,11
Image_1914,11,11
Image_1915,11,11
Image_1916,11,11
Image_1917,11,11
Image_1918,11,11
Image_1919,11,11
Image_1920,11,11
Image_1921,11,11
Image_1922,11,11
Image_1923,11,11
Image_1924,11,11
Image_1925,11,11
Image_1926,11,11
Image_1927,11,11
Image_1928,11,11
Image_1929,11,11
Image_1930,11,11
Image_1931,11,11
Image_1932,11,11
Image_1933,11,11
Image_1934,11,11
Image_1935,11,11
Image_1936,11,11
Image_1937,11,11
Image_1938,11,11
Image_1939,11,11
Image_1940,11,11
Image_1941,11,11
Image_1942,11,11
Image_1943,11,11
Image_1944,11,11
Image_1945,11,11
Image_1946,11,11
Image_1947,11,11
Image_1948,11,11
Image_1949,11,11
Image_1950,11,11
Image_1951,11,11
Image_1952,11,11
Image_1953,11,11
Image_1954,11,11
Image_1955,11,11
Image_1956,11,11
Image_1957,11,11
Image_1958,11,11
Image_1959,11,11
Image_1960,11,11
Image_1961,11,11
Image_1962,11,11
Image_1963,11,11
Image_1964,11,11
Image_1965,11,11
Image_1966,11,11
Image_1967,11,11
Image_1968,11,11
Image_1969,11,11
Image_1970,11,11
Image_1971,11,11
Image_1972,11,11
Image_1973,11,11
Image_1974,11,11
Image_1975,11,11
Image_1976,11,11
Image_1977,11,11
Image_1978,11,11
Image_1979,11,11
Image_1980,11,11
Image_1981,11,11
Image_1982,11,11
Image_1983,11,11
Image_1984,11,11
Image_1985,11,11
Image_1986,11,11
Image_1987,11,11
Image_1988,11,11
Image_1989,11,11
Image_1990,11,11
Image_1991,11,11
Image_1992,11,11
Image_1993,11,11
Image_1994,11,11
Image_1995,11,11
Image_1996,11,11
Image_1997,11,11
Image_1998,11,11
Image_1999,11,11
Image_2000,11,11
Image_2001,11,11
Image_2002,11,11
Image_2003,11,11
Image_2004,11,11
Image_2005,11,11
Image_2006,11,11
Image_2007,11,11
Image_2008,11,11
Image_2009,11,11
Image_2010,11,11
Image_2011,11,11
Image_2012,11,11
Image_2013,11,11
Image_2014,11,11
Image_2015,11,11
Image_2016,11,11
Image_2017,11,11
Image_2018,11,11
Image_2019,11,11
Image_2020,11,11
Image_2021,11,11
Image_2022,11,11
Image_2023,11,11
Image_2024,11,11
Image_2025,11,11
Image_2026,11,11
Image_2027,11,11
Image_2028,11,11
Image_2029,11,11
Image_2030,11,11
Image_2031,11,11
Image_2032,11,11
Image_2033,11,11
Image_2034,11,11
Image_2035,11,11
Image_2036,11,11
Image_2037,11,11
Image_2038,11,11
Image_2039,11,11
Image_2040,11,11
Image_2041,11,11
Image_2042,11,11
Image_2043,11,11
Image_2044,11,11
Image_2045,11,11
Image_2046,11,11
Image_2047,11,11
Image_2048,11,11
Image_2049,11,11
Image_2050,11,11
Image_2051,11,11
Image_2052,11,11
Image_2053,11,11
Image_2054,11,11
Image_2055,11,11
Image_2056,11,11
Image_2057,11,11
Image_2058,11,11
Image_2059,11,11
Image_2060,11,11
Image_2061,11,11
Image_2062,11,11
Image_2063,11,11
Image_2064,11,11
Image_2065,11,11
Image_2066,11,11
Image_2067,12,12
Image_2068,12,12
Image_2069,12,12
Image_2070,12,12
Image_2071,12,12
Image_2072,12,12
Image_2073,12,12
Image_2074,12,12
Image_2075,12,12
Image_2076,12,12
Image_2077,12,12
Image_2078,12,12
Image_2079,12,12
Image_2080,12,12
Image_2081,12,12
Image_2082,12,12
Image_2083,12,12
Image_2084,12,12
Image_2085,12,12
Image_2086,12,12
Image_2087,12,12
Image_2088,12,12
Image_2089,12,12
Image_2090,12,12
Image_2091,12,12
Image_2092,12,12
Image_2093,12,12
Image_2094,12,12
Image_2095,12,12
Image_2096,12,12
Image_2097,12,12
Image_2098,12,12
Image_2099,12,12
Image_2100,12,12
Image_2101,12,12
Image_2102,12,12
Image_2103,12,12
Image_2104,12,12
Image_2105,12,12
Image_2106,12,12
Image_2107,12,12
Image_2108,12,12
Image_2109,12,12
Image_2110,12,12
Image_2111,12,12
Image_2112,12,12
Image_2113,12,12
Image_2114,12,12
Image_2115,12,12
Image_2116,12,12
Image_2117,12,12
Image_2118,12,12
Image_2119,12,12
Image_2120,12,12
Image_2121,12,12
Image_2122,12,12
Image_2123,12,12
Image_2124,12,12
Image_2125,12,12
Image_2126,12,12
Image_2127,12,12
Image_2128,12,12
Image_2129,12,12
Image_2130,12,12
Image_2131,12,12
Image_2132,12,12
Image_2133,12,12
Image_2134,12,12
Image_2135,12,12
Image_2136,12,12
Image_2137,12,12
Image_2138,12,12
Image_2139,12,12
Image_2140,12,12
Image_2141,12,12
Image_2142,12,12
Image_2143,12,12
Image_2144,12,12
Image_2145,12,12
Image_2146,12,12
Image_2147,12,12
Image_2148,12,12
Image_2149,12,12
Image_2150,12,12
Image_2151,12,12
Image_2152,12,12
Image_2153,12,12
Image_2154,12,12
Image_2155,12,12
Image_2156,12,12
Image_2157,12,12
Image_2158,12,12
Image_2159,12,12
Image_2160,12,12
Image_2161,12,12
Image_2162,12,12
Image_2163,12,12
Image_2164,12,12
Image_2165,12,12
Image_2166,12,12
Image_2167,12,12
Image_2168,12,12
Image_2169,12,12
Image_2170,12,12
Image_2171,12,12
Image_2172,12,12
Image_2173,12,12
Image_2174,12,12
Image_2175,12,12
Image_2176,12,12
Image_2177,12,12
Image_2178,12,12
Image_2179,12,12
Image_2180,12,12
Image_2181,12,12
Image_2182,12,12
Image_2183,12,12
Image_2184,12,12
Image_2185,12,12
Image_2186,12,12
Image_2187,12,12
Image_2188,12,12
Image_2189,12,12
Image_2190,12,12
Image_2191,12,12
Image_2192,12,12
Image_2193,12,12
Image_2194,12,12
Image_2195,12,12
Image_2196,12,12
Image_2197,12,12
Image_2198,12,12
Image_2199,12,12
Image_2200,12,12
Image_2201,12,12
Image_2202,12,12
Image_2203,12,12
Image_2204,12,12
Image_2205,12,12
Image_2206,12,12
Image_2207,12,12
Image_2208,12,12
Image_2209,12,12
Image_2210,12,12
Image_2211,12,12
Image_2212,12,12
Image_2213,12,12
Image_2214,12,12
Image_2215,12,12
Image_2216,12,12
Image_2217,12,12
Image_2218,12,12
Image_2219,12,12
Image_2220,12,12
Image_2221,12,12
Image_2222,12,12
Image_2223,12,12
Image_2224,12,12
Image_2225,12,12
Image_2226,12,12
Image_2227,12,12
Image_2228,12,12
Image_2229,12,12
Image_2230,12,12
Image_2231,12,12
Image_2232,12,12
Image_2233,12,12
Image_2234,12,12
Image_2235,12,12
Image_2236,12,12
Image_2237,12,12
Image_2238,12,12
Image_2239,12,12
Image_2240,12,12
Image_2241,12,12
Image_2242,12,12
Image_2243,12,12
Image_2244,12,12
Image_2245,12,12
Image_2246,12,12
Image_2247,12,12
Image_2248,12,12
Image_2249,12,12
Image_2250,12,12
Image_2251,12,12
Image_2252,12,12
Image_2253,12,12
Image_2254,12,12
Image_2255,12,12
Image_2256,12,12
Image_2257,12,12
Image_2258,12,12
Image_2259,12,12
Image_2260,12,12
Image_2261,12,12
Image_2262,12,12
Image_2263,12,12
Image_2264,12,12
Image_2265,12,12
Image_2266,12,12
Image_2267,12,12
Image_2268,12,12
Image_2269,12,12
Image_2270,12,12
Image_2271,12,12
Image_2272,12,12
Image_2273,12,12
Image_2274,12,12
Image_2275,12,12
Image_2276,12,12
Image_2277,12,12
Image_2278,12,12
Image_2279,12,12
Image_2280,12,12
Image_2281,12,12
Image_2282,12,12
Image_2283,12,12
Image_2284,12,12
Image_2285,12,12
Image_2286,12,12
Image_2287,12,12
Image_2288,12,12
Image_2289,12,12
Image_2290,12,12
Image_2291,12,12
Image_2292,12,12
Image_2293,12,12
Image_2294,12,12
Image_2295,13,13
Image_2296,13,13
Image_2297,13,13
Image_2298,13,13
Image_2299,13,13
Image_2300,13,13
Image_2301,13,13
Image_2302,13,13
Image_2303,13,13
Image_2304,13,13
Image_2305,13,13
Image_2306,13,13
Image_2307,13,13
Image_2308,13,13
Image_2309,13,13
Image_2310,13,13
Image_2311,13,13
Image_2312,13,13
Image_2313,13,13
Image_2314,13,13
Image_2315,13,13
Image_2316,13,13
Image_2317,13,13
Image_2318,13,13
Image_2319,13,13
Image_2320,13,13
Image_2321,13,13
Image_2322,13,13
Image_2323,13,13
Image_2324,13,13
Image_2325,13,13
Image_2326,13,13
Image_2327,13,13
Image_2328,13,13
Image_2329,13,13
Image_2330,13,13
Image_2331,13,13
Image_2332,13,13
Image_2333,13,13
Image_2334,13,13
Image_2335,13,13
Image_2336,13,13
Image_2337,13,13
Image_2338,13,13
Image_2339,13,13
Image_2340,13,13
Image_2341,13,13
Image_2342,13,13
Image_2343,13,13
Image_2344,13,13
Image_2345,13,13
Image_2346,13,13
Image_2347,13,13
Image_2348,13,13
Image_2349,13,13
Image_2350,13,13
Image_2351,13,13
Image_2352,13,13
Image_2353,13,13
Image_2354,13,13
Image_2355,13,13
Image_2356,13,13
Image_2357,13,13
Image_2358,13,13
Image_2359,13,13
Image_2360,13,13
Image_2361,13,13
Image_2362,13,13
Image_2363,13,13
Image_2364,13,13
Image_2365,13,13
Image_2366,13,13
Image_2367,13,13
Image_2368,13,13
Image_2369,13,13
Image_2370,13,13
Image_2371,13,13
Image_2372,13,13
Image_2373,13,13
Image_2374,13,13
Image_2375,13,13
Image_2376,13,13
Image_2377,13,13
Image_2378,13,13
Image_2379,13,13
Image_2380,13,13
Image_2381,13,13
Image_2382,13,13
Image_2383,13,13
Image_2384,13,13
Image_2385,13,13
Image_2386,13,13
Image_2387,13,13
Image_2388,13,13
Image_2389,13,13
Image_2390,13,13
Image_2391,13,13
Image_2392,13,13
Image_2393,13,13
Image_2394,13,13
Image_2395,13,13
Image_2396,13,13
Image_2397,13,13
Image_2398,13,13
Image_2399,13,13
Image_2400,13,13
Image_2401,13,13
Image_2402,13,13
Image_2403,13,13
Image_2404,13,13
Image_2405,13,13
Image_2406,13,13
Image_2407,13,13
Image_2408,13,13
Image_2409,13,13
Image_2410,13,13
Image_2411,13,13
Image_2412,13,13
Image_2413,13,13
Image_2414,13,13
Image_2415,13,13
Image_2416,13,13
Image_2417,13,13
Image_2418,13,13
Image_2419,13,13
Image_2420,13,13
Image_2421,13,13
Image_2422,13,13
Image_2423,13,13
Image_2424,13,13
Image_2425,13,13
Image_2426,13,13
Image_2427,13,13
Image_2428,13,13
Image_2429,13,13
Image_2430,13,13
Image_2431,13,13
Image_2432,13,13
Image_2433,13,13
Image_2434,13,13
Image_2435,13,13
Image_2436,13,13
Image_2437,13,13
Image_2438,13,13
Image_2439,13,13
Image_2440,13,13
Image_2441,13,13
Image_2442,13,13
Image_2443,13,13
Image_2444,13,13
Image_2445,13,13
Image_2446,13,13
Image_2447,13,13
Image_2448,13,13
Image_2449,13,13
Image_2450,13,13
Image_2451,13,13
Image_2452,13,13
Image_2453,13,13
Image_2454,13,13
Image_2455,13,13
Image_2456,13,13
Image_2457,13,13
Image_2458,13,13
Image_2459,13,13
Image_2460,13,13
Image_2461,13,13
Image_2462,13,13
Image_2463,13,13
Image_2464,13,13
Image_2465,13,13
Image_2466,13,13
Image_2467,13,13
Image_2468,13,13
Image_2469,13,13
Image_2470,13,13
Image_2471,13,13
Image_2472,13,13
Image_2473,13,13
Image_2474,13,13
Image_2475,13,13
Image_2476,13,13
Image_2477,13,13
Image_2478,13,13
Image_2479,13,13
Image_2480,13,13
Image_2481,13,13
Image_2482,13,13
Image_2483,13,13
Image_2484,13,13
Image_2485,13,13
Image_2486,13,13
Image_2487,13,13
Image_2488,13,13
Image_2489,13,13
Image_2490,13,13
Image_2491,13,13
Image_2492,13,13
Image_2493,13,13
Image_2494,13,13
Image_2495,13,13
Image_2496,13,13
Image_2497,13,13
Image_2498,13,13
Image_2499,13,13
Image_2500,13,13
Image_2501,13,13
Image_2502,13,13
Image_2503,13,13
Image_2504,13,13
Image_2505,13,13
Image_2506,13,13
Image_2507,13,13
Image_2508,14,14
Image_2509,14,14
Image_2510,14,14
Image_2511,14,14
Image_2512,14,14
Image_2513,14,14
Image_2514,14,14
Image_2515,14,14
Image_2516,14,14
Image_2517,14,14
Image_2518,14,14
Image_2519,14,14
Image_2520,14,14
Image_2521,14,14
Image_2522,14,14
Image_2523,14,14
Image_2524,14,14
Image_2525,14,14
Image_2526,14,14
Image_2527,14,14
Image_2528,14,14
Image_2529,14,14
Image_2530,14,14
Image_2531,14,14
Image_2532,14,14
Image_2533,14,14
Image_2534,14,14
Image_2535,14,14
Image_2536,14,14
Image_2537,14,14
Image_2538,14,14
Image_2539,14,14
Image_2540,14,14
Image_2541,14,14
Image_2542,14,14
Image_2543,14,14
Image_2544,14,14
Image_2545,14,14
Image_2546,14,14
Image_2547,14,14
Image_2548,14,14
Image_2549,14,14
Image_2550,14,14
Image_2551,14,14
Image_2552,14,14
Image_2553,14,14
Image_2554,14,14
Image_2555,14,14
Image_2556,14,14
Image_2557,14,14
Image_2558,14,14
Image_2559,14,14
Image_2560,14,14
Image_2561,14,14
Image_2562,14,14
Image_2563,14,14
Image_2564,14,14
Image_2565,14,14
Image_2566,14,14
Image_2567,14,14
Image_2568,14,14
Image_2569,14,14
Image_2570,14,14
Image_2571,14,14
Image_2572,14,14
Image_2573,14,14
Image_2574,14,14
Image_2575,14,14
Image_2576,14,14
Image_2577,14,14
Image_2578,14,14
Image_2579,14,14
Image_2580,14,14
Image_2581,14,14
Image_2582,14,14
Image_2583,14,14
Image_2584,14,14
Image_2585,14,14
Image_2586,14,14
Image_2587,14,14
Image_2588,14,14
Image_2589,14,14
Image_2590,14,14
Image_2591,14,14
Image_2592,14,14
Image_2593,14,14
Image_2594,14,14
Image_2595,14,14
Image_2596,14,14
Image_2597,14,14
Image_2598,14,14
Image_2599,14,14
Image_2600,14,14
Image_2601,14,14
Image_2602,14,14
Image_2603,14,14
Image_2604,14,14
Image_2605,14,14
Image_2606,14,14
Image_2607,14,14
Image_2608,14,14
Image_2609,14,14
Image_2610,14,14
Image_2611,14,14
Image_2612,14,14
Image_2613,14,14
Image_2614,14,14
Image_2615,14,14
Image_2616,14,14
Image_2617,14,14
Image_2618,14,14
Image_2619,14,14
Image_2620,14,14
Image_2621,14,14
Image_2622,14,14
Image_2623,14,14
Image_2624,14,14
Image_2625,14,14
Image_2626,14,14
Image_2627,14,14
Image_2628,14,14
Image_2629,14,14
Image_2630,14,14
Image_2631,14,14
Image_2632,14,14
Image_2633,14,14
Image_2634,14,14
Image_2635,14,14
Image_2636,14,14
Image_2637,14,14
Image_2638,14,14
Image_2639,14,14
Image_2640,14,14
Image_2641,14,14
Image_2642,14,14
Image_2643,14,14
Image_2644,14,14
Image_2645,14,14
Image_2646,14,14
Image_2647,14,14
Image_2648,14,14
Image_2649,14,14
Image_2650,14,14
Image_2651,14,14
Image_2652,14,14
Image_2653,14,14
Image_2654,14,14
Image_2655,14,14
Image_2656,14,14
Image_2657,14,14
Image_2658,14,14
Image_2659,14,14
Image_2660,14,14
Image_2661,14,14
Image_2662,14,14
Image_2663,14,14
Image_2664,14,14
Image_2665,14,14
Image_2666,14,14
Image_2667,14,14
Image_2668,14,14
Image_2669,14,14
Image_2670,14,14
Image_2671,15,15
Image_2672,15,15
Image_2673,15,15
Image_2674,15,15
Image_2675,15,15
Image_2676,15,15
Image_2677,15,15
Image_2678,15,15
Image_2679,15,15
Image_2680,15,15
Image_2681,15,15
Image_2682,15,15
Image_2683,15,15
Image_2684,15,15
Image_2685,15,15
Image_2686,15,15
Image_2687,15,15
Image_2688,15,15
Image_2689,15,15
Image_2690,15,15
Image_2691,15,15
Image_2692,15,16
Image_2693,15,15
Image_2694,15,15
Image_2695,15,15
Image_2696,15,15
Image_2697,15,15
Image_2698,15,16
Image_2699,15,15
Image_2700,15,15
Image_2701,15,15
Image_2702,15,16
Image_2703,15,15
Image_2704,15,15
Image_2705,15,15
Image_2706,15,15
Image_2707,15,15
Image_2708,15,15
Image_2709,15,15
Image_2710,15,15
Image_2711,15,15
Image_2712,15,15
Image_2713,15,15
Image_2714,15,15
Image_2715,15,15
Image_2716,15,15
Image_2717,15,15
Image_2718,15,16
Image_2719,15,15
Image_2720,15,15
Image_2721,15,15
Image_2722,15,16
Image_2723,15,15
Image_2724,15,15
Image_2725,15,16
Image_2726,15,15
Image_2727,15,15
Image_2728,15,15
Image_2729,15,15
Image_2730,15,16
Image_2731,15,15
Image_2732,15,15
Image_2733,15,15
Image_2734,15,15
Image_2735,15,15
Image_2736,15,15
Image_2737,15,15
Image_2738,15,15
Image_2739,15,15
Image_2740,15,16
Image_2741,15,16
Image_2742,15,15
Image_2743,15,16
Image_2744,15,15
Image_2745,15,15
Image_2746,15,15
Image_2747,15,15
Image_2748,15,15
Image_2749,15,15
Image_2750,15,15
Image_2751,15,15
Image_2752,15,15
Image_2753,15,15
Image_2754,15,16
Image_2755,15,15
Image_2756,15,15
Image_2757,15,15
Image_2758,15,15
Image_2759,15,16
Image_2760,15,15
Image_2761,15,15
Image_2762,15,15
Image_2763,15,15
Image_2764,15,15
Image_2765,15,15
Image_2766,15,15
Image_2767,15,15
Image_2768,15,16
Image_2769,15,15
Image_2770,15,15
Image_2771,15,15
Image_2772,15,15
Image_2773,15,15
Image_2774,15,16
Image_2775,15,15
Image_2776,15,48
Image_2777,15,15
Image_2778,15,16
Image_2779,15,48
Image_2780,15,15
Image_2781,15,15
Image_2782,15,16
Image_2783,15,15
Image_2784,15,15
Image_2785,15,15
Image_2786,15,16
Image_2787,15,15
Image_2788,15,16
Image_2789,15,15
Image_2790,15,15
Image_2791,15,16
Image_2792,15,15
Image_2793,15,15
Image_2794,15,15
Image_2795,15,15
Image_2796,15,15
Image_2797,15,16
Image_2798,15,16
Image_2799,15,15
Image_2800,15,15
Image_2801,15,15
Image_2802,15,15
Image_2803,15,15
Image_2804,15,15
Image_2805,15,15
Image_2806,15,15
Image_2807,15,15
Image_2808,15,15
Image_2809,15,15
Image_2810,15,15
Image_2811,15,15
Image_2812,15,16
Image_2813,15,15
Image_2814,15,15
Image_2815,15,15
Image_2816,15,15
Image_2817,15,15
Image_2818,15,16
Image_2819,15,15
Image_2820,15,15
Image_2821,15,15
Image_2822,15,15
Image_2823,15,15
Image_2824,15,15
Image_2825,15,15
Image_2826,15,15
Image_2827,15,16
Image_2828,15,15
Image_2829,15,16
Image_2830,15,15
Image_2831,15,15
Image_2832,15,15
Image_2833,15,16
Image_2834,15,16
Image_2835,15,15
Image_2836,15,15
Image_2837,15,15
Image_2838,15,15
Image_2839,15,15
Image_2840,15,15
Image_2841,15,15
Image_2842,15,15
Image_2843,15,15
Image_2844,15,15
Image_2845,15,15
Image_2846,15,15
Image_2847,15,15
Image_2848,15,16
Image_2849,15,15
Image_2850,15,15
Image_2851,15,15
Image_2852,15,15
Image_2853,15,15
Image_2854,15,15
Image_2855,15,16
Image_2856,15,15
Image_2857,15,15
Image_2858,15,15
Image_2859,15,15
Image_2860,15,15
Image_2861,15,15
Image_2862,15,15
Image_2863,15,15
Image_2864,15,15
Image_2865,15,15
Image_2866,15,15
Image_2867,15,16
Image_2868,15,15
Image_2869,15,15
Image_2870,15,15
Image_2871,15,15
Image_2872,15,15
Image_2873,15,15
Image_2874,15,15
Image_2875,15,15
Image_2876,15,15
Image_2877,15,16
Image_2878,15,15
Image_2879,15,16
Image_2880,15,16
Image_2881,15,16
Image_2882,15,15
Image_2883,15,16
Image_2884,15,15
Image_2885,15,16
Image_2886,15,15
Image_2887,15,15
Image_2888,15,15
Image_2889,15,15
Image_2890,15,15
Image_2891,15,15
Image_2892,15,15
Image_2893,15,15
Image_2894,15,16
Image_2895,15,15
Image_2896,15,15
Image_2897,15,16
Image_2898,15,15
Image_2899,15,15
Image_2900,15,15
Image_2901,15,16
Image_2902,15,15
Image_2903,15,15
Image_2904,15,15
Image_2905,15,15
Image_2906,16,16
Image_2907,16,16
Image_2908,16,16
Image_2909,16,16
Image_2910,16,16
Image_2911,16,16
Image_2912,16,16
Image_2913,16,16
Image_2914,16,16
Image_2915,16,16
Image_2916,16,16
Image_2917,16,16
Image_2918,16,16
Image_2919,16,16
Image_2920,16,16
Image_2921,16,16
Image_2922,16,16
Image_2923,16,16
Image_2924,16,16
Image_2925,16,16
Image_2926,16,16
Image_2927,16,16
Image_2928,16,16
Image_2929,16,16
Image_2930,16,16
Image_2931,16,16
Image_2932,16,16
Image_2933,16,16
Image_2934,16,16
Image_2935,16,16
Image_2936,16,16
Image_2937,16,16
Image_2938,16,16
Image_2939,16,16
Image_2940,16,16
Image_2941,16,16
Image_2942,16,16
Image_2943,16,16
Image_2944,16,16
Image_2945,16,16
Image_2946,16,16
Image_2947,16,16
Image_2948,16,16
Image_2949,16,16
Image_2950,16,16
Image_2951,16,16
Image_2952,16,16
Image_2953,16,16
Image_2954,16,16
Image_2955,16,16
Image_2956,16,16
Image_2957,16,16
Image_2958,16,16
Image_2959,16,16
Image_2960,16,16
Image_2961,16,16
Image_2962,16,16
Image_2963,16,16
Image_2964,16,16
Image_2965,16,16
Image_2966,16,16
Image_2967,16,16
Image_2968,16,16
Image_2969,16,16
Image_2970,16,16
Image_2971,16,16
Image_2972,16,16
Image_2973,16,16
Image_2974,16,16
Image_2975,16,16
Image_2976,16,16
Image_2977,16,16
Image_2978,16,16
Image_2979,16,16
Image_2980,16,16
Image_2981,16,16
Image_2982,16,16
Image_2983,16,16
Image_2984,16,16
Image_2985,16,16
Image_2986,16,16
Image_2987,16,16
Image_2988,16,16
Image_2989,16,16
Image_2990,16,16
Image_2991,16,16
Image_2992,16,16
Image_2993,16,16
Image_2994,16,16
Image_2995,16,16
Image_2996,16,16
Image_2997,16,16
Image_2998,16,16
Image_2999,16,16
Image_3000,16,16
Image_3001,16,16
Image_3002,16,16
Image_3003,16,16
Image_3004,16,16
Image_3005,16,16
Image_3006,16,16
Image_3007,16,16
Image_3008,16,16
Image_3009,16,16
Image_3010,16,16
Image_3011,16,16
Image_3012,16,16
Image_3013,16,16
Image_3014,16,16
Image_3015,16,16
Image_3016,16,16
Image_3017,16,16
Image_3018,16,16
Image_3019,16,16
Image_3020,16,16
Image_3021,16,16
Image_3022,16,16
Image_3023,16,16
Image_3024,16,16
Image_3025,16,16
Image_3026,16,16
Image_3027,16,16
Image_3028,16,16
Image_3029,16,16
Image_3030,16,16
Image_3031,16,16
Image_3032,16,16
Image_3033,16,16
Image_3034,16,16
Image_3035,16,16
Image_3036,16,16
Image_3037,16,16
Image_3038,16,16
Image_3039,16,16
Image_3040,16,16
Image_3041,16,16
Image_3042,16,16
Image_3043,16,16
Image_3044,16,16
Image_3045,16,16
Image_3046,16,16
Image_3047,16,16
Image_3048,16,16
Image_3049,16,16
Image_3050,16,16
Image_3051,16,16
Image_3052,16,16
Image_3053,16,16
Image_3054,16,16
Image_3055,16,16
Image_3056,16,16
Image_3057,16,16
Image_3058,16,16
Image_3059,16,16
Image_3060,16,16
Image_3061,16,16
Image_3062,16,16
Image_3063,16,16
Image_3064,16,16
Image_3065,16,16
Image_3066,16,16
Image_3067,17,17
Image_3068,17,17
Image_3069,17,17
Image_3070,17,17
Image_3071,17,17
Image_3072,17,17
Image_3073,17,17
Image_3074,17,17
Image_3075,17,17
Image_3076,17,17
Image_3077,17,17
Image_3078,17,17
Image_3079,17,17
Image_3080,17,17
Image_3081,17,17
Image_3082,17,17
Image_3083,17,17
Image_3084,17,17
Image_3085,17,17
Image_3086,17,17
Image_3087,17,17
Image_3088,17,17
Image_3089,17,17
Image_3090,17,17
Image_3091,17,17
Image_3092,17,17
Image_3093,17,17
Image_3094,17,17
Image_3095,17,17
Image_3096,17,17
Image_3097,17,17
Image_3098,17,17
Image_3099,17,17
Image_3100,17,17
Image_3101,17,17
Image_3102,17,17
Image_3103,17,17
Image_3104,17,17
Image_3105,17,17
Image_3106,17,17
Image_3107,17,17
Image_3108,17,17
Image_3109,17,17
Image_3110,17,17
Image_3111,17,17
Image_3112,17,17
Image_3113,17,17
Image_3114,17,17
Image_3115,17,17
Image_3116,17,17
Image_3117,17,17
Image_3118,17,17
Image_3119,17,17
Image_3120,17,17
Image_3121,17,17
Image_3122,17,17
Image_3123,17,17
Image_3124,17,17
Image_3125,17,17
Image_3126,17,17
Image_3127,17,17
Image_3128,17,17
Image_3129,17,17
Image_3130,17,17
Image_3131,17,17
Image_3132,17,17
Image_3133,17,17
Image_3134,17,17
Image_3135,17,17
Image_3136,17,17
Image_3137,17,17
Image_3138,17,17
Image_3139,17,17
Image_3140,17,17
Image_3141,17,17
Image_3142,17,17
Image_3143,17,17
Image_3144,17,17
Image_3145,17,17
Image_3146,17,17
Image_3147,17,17
Image_3148,17,17
Image_3149,17,17
Image_3150,17,17
Image_3151,17,17
Image_3152,17,17
Image_3153,17,17
Image_3154,17,17
Image_3155,17,17
Image_3156,17,17
Image_3157,17,17
Image_3158,17,17
Image_3159,17,17
Image_3160,17,17
Image_3161,17,17
Image_3162,17,17
Image_3163,17,17
Image_3164,17,17
Image_3165,17,17
Image_3166,17,17
Image_3167,17,17
Image_3168,17,17
Image_3169,17,17
Image_3170,17,17
Image_3171,17,17
Image_3172,17,17
Image_3173,17,17
Image_3174,17,17
Image_3175,17,17
Image_3176,17,17
Image_3177,17,17
Image_3178,17,17
Image_3179,17,17
Image_3180,17,17
Image_3181,17,17
Image_3182,17,17
Image_3183,17,17
Image_3184,17,17
Image_3185,17,17
Image_3186,17,17
Image_3187,17,17
Image_3188,17,17
Image_3189,17,17
Image_3190,17,17
Image_3191,17,17
Image_3192,17,17
Image_3193,17,17
Image_3194,17,17
Image_3195,17,17
Image_3196,17,17
Image_3197,17,17
Image_3198,17,17
Image_3199,17,17
Image_3200,17,17
Image_3201,17,17
Image_3202,17,17
Image_3203,17,17
Image_3204,17,17
Image_3205,17,17
Image_3206,17,17
Image_3207,17,17
Image_3208,17,17
Image_3209,17,17
Image_3210,17,17
Image_3211,17,17
Image_3212,17,17
Image_3213,17,17
Image_3214,17,17
Image_3215,17,17
Image_3216,17,17
Image_3217,17,17
Image_3218,17,17
Image_3219,17,17
Image_3220,17,17
Image_3221,17,17
Image_3222,17,17
Image_3223,17,17
Image_3224,17,17
Image_3225,18,18
Image_3226,18,18
Image_3227,18,18
Image_3228,18,18
Image_3229,18,18
Image_3230,18,18
Image_3231,18,18
Image_3232,18,18
Image_3233,18,18
Image_3234,18,18
Image_3235,18,18
Image_3236,18,18
Image_3237,18,18
Image_3238,18,18
Image_3239,18,18
Image_3240,18,18
Image_3241,18,18
Image_3242,18,18
Image_3243,18,18
Image_3244,18,18
Image_3245,18,18
Image_3246,18,18
Image_3247,18,18
Image_3248,18,18
Image_3249,18,18
Image_3250,18,18
Image_3251,18,18
Image_3252,18,18
Image_3253,18,18
Image_3254,18,18
Image_3255,18,18
Image_3256,18,18
Image_3257,18,18
Image_3258,18,18
Image_3259,18,18
Image_3260,18,18
Image_3261,18,18
Image_3262,18,18
Image_3263,18,18
Image_3264,18,18
Image_3265,18,18
Image_3266,18,18
Image_3267,18,18
Image_3268,18,18
Image_3269,18,18
Image_3270,18,18
Image_3271,18,18
Image_3272,18,18
Image_3273,18,18
Image_3274,18,18
Image_3275,18,18
Image_3276,18,18
Image_3277,18,18
Image_3278,18,18
Image_3279,18,18
Image_3280,18,18
Image_3281,18,18
Image_3282,18,18
Image_3283,18,18
Image_3284,18,18
Image_3285,18,18
Image_3286,18,18
Image_3287,18,18
Image_3288,18,18
Image_3289,18,18
Image_3290,18,18
Image_3291,18,18
Image_3292,18,18
Image_3293,18,18
Image_3294,18,18
Image_3295,18,18
Image_3296,18,18
Image_3297,18,18
Image_3298,18,18
Image_3299,18,18
Image_3300,18,18
Image_3301,18,18
Image_3302,18,18
Image_3303,18,18
Image_3304,18,18
Image_3305,18,18
Image_3306,18,18
Image_3307,18,18
Image_3308,18,18
Image_3309,18,18
Image_3310,18,18
Image_3311,18,18
Image_3312,18,18
Image_3313,18,18
Image_3314,18,18
Image_3315,18,18
Image_3316,18,18
Image_3317,18,18
Image_3318,18,18
Image_3319,18,18
Image_3320,18,18
Image_3321,18,18
Image_3322,18,18
Image_3323,18,18
Image_3324,18,18
Image_3325,18,18
Image_3326,18,18
Image_3327,18,18
Image_3328,18,18
Image_3329,18,18
Image_3330,18,18
Image_3331,18,18
Image_3332,18,18
Image_3333,18,18
Image_3334,18,18
Image_3335,18,18
Image_3336,18,18
Image_3337,18,18
Image_3338,18,18
Image_3339,18,18
Image_3340,18,18
Image_3341,18,18
Image_3342,18,18
Image_3343,18,18
Image_3344,18,18
Image_3345,18,18
Image_3346,18,18
Image_3347,18,18
Image_3348,18,18
Image_3349,18,18
Image_3350,18,18
Image_3351,18,18
Image_3352,18,18
Image_3353,18,18
Image_3354,18,18
Image_3355,18,18
Image_3356,18,18
Image_3357,18,18
Image_3358,18,18
Image_3359,18,18
Image_3360,19,19
Image_3361,19,19
Image_3362,19,19
Image_3363,19,19
Image_3364,19,19
Image_3365,19,19
Image_3366,19,19
Image_3367,19,19
Image_3368,19,19
Image_3369,19,19
Image_3370,19,19
Image_3371,19,19
Image_3372,19,19
Image_3373,19,19
Image_3374,19,19
Image_3375,19,19
Image_3376,19,19
Image_3377,19,19
Image_3378,19,19
Image_3379,19,19
Image_3380,19,19
Image_3381,19,19
Image_3382,19,19
Image_3383,19,19
Image_3384,19,19
Image_3385,19,19
Image_3386,19,19
Image_3387,19,19
Image_3388,19,19
Image_3389,19,19
Image_3390,19,19
Image_3391,19,19
Image_3392,19,19
Image_3393,19,19
Image_3394,19,19
Image_3395,19,19
Image_3396,19,19
Image_3397,19,19
Image_3398,19,19
Image_3399,19,19
Image_3400,19,19
Image_3401,19,19
Image_3402,19,19
Image_3403,19,19
Image_3404,19,19
Image_3405,19,19
Image_3406,19,19
Image_3407,19,19
Image_3408,19,19
Image_3409,19,19
Image_3410,19,19
Image_3411,19,19
Image_3412,19,19
Image_3413,19,19
Image_3414,19,19
Image_3415,19,19
Image_3416,19,19
Image_3417,19,19
Image_3418,19,19
Image_3419,19,19
Image_3420,19,19
Image_3421,19,19
Image_3422,19,19
Image_3423,19,19
Image_3424,19,19
Image_3425,19,19
Image_3426,19,19
Image_3427,19,19
Image_3428,19,19
Image_3429,19,19
Image_3430,19,19
Image_3431,19,19
Image_3432,19,19
Image_3433,19,19
Image_3434,19,19
Image_3435,19,19
Image_3436,19,19
Image_3437,19,19
Image_3438,19,19
Image_3439,19,19
Image_3440,19,19
Image_3441,19,19
Image_3442,19,19
Image_3443,19,19
Image_3444,19,19
Image_3445,19,19
Image_3446,19,19
Image_3447,19,19
Image_3448,19,19
Image_3449,19,19
Image_3450,19,19
Image_3451,19,19
Image_3452,19,19
Image_3453,19,19
Image_3454,19,19
Image_3455,19,19
Image_3456,19,19
Image_3457,19,19
Image_3458,19,19
Image_3459,19,19
Image_3460,19,19
Image_3461,19,19
Image_3462,19,19
Image_3463,19,19
Image_3464,19,19
Image_3465,19,19
Image_3466,19,19
Image_3467,19,19
Image_3468,19,19
Image_3469,19,19
Image_3470,19,19
Image_3471,19,19
Image_3472,19,19
Image_3473,19,19
Image_3474,19,19
Image_3475,19,19
Image_3476,19,19
Image_3477,19,19
Image_3478,19,19
Image_3479,19,19
Image_3480,19,19
Image_3481,19,19
Image_3482,19,19
Image_3483,19,19
Image_3484,19,19
Image_3485,19,19
Image_3486,19,19
Image_3487,19,19
Image_3488,19,19
Image_3489,19,19
Image_3490,19,19
Image_3491,19,19
Image_3492,19,19
Image_3493,19,19
Image_3494,19,19
Image_3495,19,19
Image_3496,19,19
Image_3497,19,19
Image_3498,19,19
Image_3499,19,19
Image_3500,19,19
Image_3501,19,19
Image_3502,19,19
Image_3503,19,19
Image_3504,19,19
Image_3505,19,19
Image_3506,19,19
Image_3507,19,19
Image_3508,19,19
Image_3509,19,19
Image_3510,19,19
Image_3511,19,19
Image_3512,19,19
Image_3513,19,19
Image_3514,19,19
Image_3515,19,19
Image_3516,19,19
Image_3517,19,19
Image_3518,19,19
Image_3519,19,19
Image_3520,19,19
Image_3521,19,19
Image_3522,19,19
Image_3523,19,19
Image_3524,19,19
Image_3525,19,19
Image_3526,19,19
Image_3527,19,19
Image_3528,19,19
Image_3529,19,19
Image_3530,19,19
Image_3531,19,19
Image_3532,19,19
Image_3533,19,19
Image_3534,19,19
Image_3535,19,19
Image_3536,19,19
Image_3537,19,19
Image_3538,19,19
Image_3539,19,19
Image_3540,19,19
Image_3541,19,19
Image_3542,19,19
Image_3543,19,19
Image_3544,19,19
Image_3545,19,19
Image_3546,19,19
Image_3547,19,19
Image_3548,19,19
Image_3549,19,19
Image_3550,19,19
Image_3551,19,19
Image_3552,19,19
Image_3553,19,19
Image_3554,19,19
Image_3555,19,19
Image_3556,19,19
Image_3557,19,19
Image_3558,19,19
Image_3559,19,19
Image_3560,19,19
Image_3561,19,19
Image_3562,19,19
Image_3563,19,19
Image_3564,19,19
Image_3565,19,19
Image_3566,19,19
Image_3567,19,19
Image_3568,19,19
Image_3569,19,19
Image_3570,19,19
Image_3571,19,19
Image_3572,19,19
Image_3573,19,19
Image_3574,19,19
Image_3575,19,19
Image_3576,19,19
Image_3577,19,19
Image_3578,19,19
Image_3579,19,19
Image_3580,19,19
Image_3581,19,19
Image_3582,19,19
Image_3583,19,19
Image_3584,19,19
Image_3585,19,19
Image_3586,19,19
Image_3587,19,19
Image_3588,19,19
Image_3589,19,19
Image_3590,19,19
Image_3591,19,19
Image_3592,19,19
Image_3593,19,19
Image_3594,19,19
Image_3595,20,20
Image_3596,20,20
Image_3597,20,20
Image_3598,20,20
Image_3599,20,20
Image_3600,20,20
Image_3601,20,20
Image_3602,20,20
Image_3603,20,20
Image_3604,20,20
Image_3605,20,20
Image_3606,20,20
Image_3607,20,20
Image_3608,20,20
Image_3609,20,20
Image_3610,20,20
Image_3611,20,20
Image_3612,20,20
Image_3613,20,20
Image_3614,20,20
Image_3615,20,20
Image_3616,20,112
Image_3617,20,20
Image_3618,20,20
Image_3619,20,20
Image_3620,20,20
Image_3621,20,20
Image_3622,20,112
Image_3623,20,20
Image_3624,20,20
Image_3625,20,20
Image_3626,20,20
Image_3627,20,20
Image_3628,20,20
Image_3629,20,20
Image_3630,20,20
Image_3631,20,20
Image_3632,20,20
Image_3633,20,20
Image_3634,20,20
Image_3635,20,20
Image_3636,20,20
Image_3637,20,20
Image_3638,20,20
Image_3639,20,20
Image_3640,20,20
Image_3641,20,20
Image_3642,20,20
Image_3643,20,20
Image_3644,20,112
Image_3645,20,20
Image_3646,20,20
Image_3647,20,20
Image_3648,20,20
Image_3649,20,20
Image_3650,20,20
Image_3651,20,20
Image_3652,20,20
Image_3653,20,20
Image_3654,20,112
Image_3655,20,20
Image_3656,20,20
Image_3657,20,20
Image_3658,20,20
Image_3659,20,20
Image_3660,20,20
Image_3661,20,20
Image_3662,20,20
Image_3663,20,20
Image_3664,20,20
Image_3665,20,20
Image_3666,20,20
Image_3667,20,20
Image_3668,20,20
Image_3669,20,20
Image_3670,20,20
Image_3671,20,20
Image_3672,20,20
Image_3673,20,20
Image_3674,20,20
Image_3675,20,20
Image_3676,20,20
Image_3677,20,20
Image_3678,20,20
Image_3679,20,20
Image_3680,20,20
Image_3681,20,20
Image_3682,20,20
Image_3683,20,20
Image_3684,20,20
Image_3685,20,20
Image_3686,20,20
Image_3687,20,20
Image_3688,20,20
Image_3689,20,20
Image_3690,20,20
Image_3691,20,20
Image_3692,20,20
Image_3693,20,20
Image_3694,20,20
Image_3695,20,20
Image_3696,20,20
Image_3697,20,20
Image_3698,20,20
Image_3699,20,20
Image_3700,20,20
Image_3701,20,20
Image_3702,20,20
Image_3703,20,20
Image_3704,20,20
Image_3705,20,20
Image_3706,20,20
Image_3707,20,20
Image_3708,20,112
Image_3709,20,20
Image_3710,20,112
Image_3711,20,112
Image_3712,20,20
Image_3713,20,20
Image_3714,20,20
Image_3715,20,20
Image_3716,20,20
Image_3717,20,20
Image_3718,20,20
Image_3719,20,20
Image_3720,20,20
Image_3721,20,20
Image_3722,20,20
Image_3723,20,20
Image_3724,20,20
Image_3725,20,20
Image_3726,20,20
Image_3727,20,20
Image_3728,20,20
Image_3729,20,20
Image_3730,20,20
Image_3731,20,20
Image_3732,20,20
Image_3733,20,20
Image_3734,20,20
Image_3735,20,20
Image_3736,20,20
Image_3737,20,20
Image_3738,20,20
Image_3739,20,20
Image_3740,20,20
Image_3741,20,20
Image_3742,20,20
Image_3743,20,20
Image_3744,20,20
Image_3745,20,20
Image_3746,20,20
Image_3747,20,20
Image_3748,20,20
Image_3749,20,20
Image_3750,20,20
Image_3751,21,21
Image_3752,21,21
Image_3753,21,21
Image_3754,21,21
Image_3755,21,21
Image_3756,21,21
Image_3757,21,21
Image_3758,21,21
Image_3759,21,21
Image_3760,21,21
Image_3761,21,21
Image_3762,21,21
Image_3763,21,21
Image_3764,21,21
Image_3765,21,21
Image_3766,21,21
Image_3767,21,21
Image_3768,21,21
Image_3769,21,21
Image_3770,21,21
Image_3771,21,21
Image_3772,21,21
Image_3773,21,21
Image_3774,21,21
Image_3775,21,21
Image_3776,21,21
Image_3777,21,21
Image_3778,21,21
Image_3779,21,21
Image_3780,21,21
Image_3781,21,37
Image_3782,21,21
Image_3783,21,21
Image_3784,21,21
Image_3785,21,21
Image_3786,21,21
Image_3787,21,21
Image_3788,21,21
Image_3789,21,21
Image_3790,21,21
Image_3791,21,21
Image_3792,21,21
Image_3793,21,21
Image_3794,21,21
Image_3795,21,21
Image_3796,21,21
Image_3797,21,21
Image_3798,21,21
Image_3799,21,21
Image_3800,21,21
Image_3801,21,21
Image_3802,21,21
Image_3803,21,21
Image_3804,21,21
Image_3805,21,21
Image_3806,21,21
Image_3807,21,21
Image_3808,21,21
Image_3809,21,21
Image_3810,21,21
Image_3811,21,21
Image_3812,21,21
Image_3813,21,21
Image_3814,21,21
Image_3815,21,21
Image_3816,21,21
Image_3817,21,21
Image_3818,21,21
Image_3819,21,21
Image_3820,21,21
Image_3821,21,21
Image_3822,21,21
Image_3823,21,21
Image_3824,21,21
Image_3825,21,21
Image_3826,21,21
Image_3827,21,21
Image_3828,21,21
Image_3829,21,21
Image_3830,21,21
Image_3831,21,21
Image_3832,21,21
Image_3833,21,21
Image_3834,21,21
Image_3835,21,21
Image_3836,21,21
Image_3837,21,21
Image_3838,21,21
Image_3839,21,21
Image_3840,21,21
Image_3841,21,21
Image_3842,21,21
Image_3843,21,21
Image_3844,21,21
Image_3845,21,21
Image_3846,21,21
Image_3847,21,21
Image_3848,21,21
Image_3849,21,21
Image_3850,21,21
Image_3851,21,21
Image_3852,21,21
Image_3853,21,21
Image_3854,21,21
Image_3855,21,21
Image_3856,21,21
Image_3857,21,21
Image_3858,21,21
Image_3859,21,21
Image_3860,21,21
Image_3861,21,21
Image_3862,21,21
Image_3863,21,21
Image_3864,21,21
Image_3865,21,21
Image_3866,21,21
Image_3867,21,21
Image_3868,21,21
Image_3869,21,21
Image_3870,21,21
Image_3871,21,21
Image_3872,21,21
Image_3873,21,21
Image_3874,21,21
Image_3875,21,21
Image_3876,21,21
Image_3877,21,21
Image_3878,21,21
Image_3879,21,21
Image_3880,21,21
Image_3881,21,21
Image_3882,21,21
Image_3883,21,21
Image_3884,21,21
Image_3885,21,21
Image_3886,21,21
Image_3887,21,21
Image_3888,21,21
Image_3889,21,21
Image_3890,21,21
Image_3891,21,21
Image_3892,21,37
Image_3893,21,21
Image_3894,21,21
Image_3895,21,21
Image_3896,21,21
Image_3897,21,21
Image_3898,21,21
Image_3899,21,21
Image_3900,21,21
Image_3901,21,21
Image_3902,21,21
Image_3903,21,21
Image_3904,21,21
Image_3905,21,21
Image_3906,21,21
Image_3907,21,21
Image_3908,21,21
Image_3909,21,21
Image_3910,22,22
Image_3911,22,22
Image_3912,22,22
Image_3913,22,22
Image_3914,22,22
Image_3915,22,22
Image_3916,22,22
Image_3917,22,22
Image_3918,22,22
Image_3919,22,22
Image_3920,22,22
Image_3921,22,22
Image_3922,22,22
Image_3923,22,22
Image_3924,22,22
Image_3925,22,22
Image_3926,22,22
Image_3927,22,22
Image_3928,22,22
Image_3929,22,22
Image_3930,22,22
Image_3931,22,22
Image_3932,22,22
Image_3933,22,22
Image_3934,22,22
Image_3935,22,22
Image_3936,22,22
Image_3937,22,22
Image_3938,22,22
Image_3939,22,22
Image_3940,22,22
Image_3941,22,22
Image_3942,22,22
Image_3943,22,22
Image_3944,22,22
Image_3945,22,22
Image_3946,22,22
Image_3947,22,22
Image_3948,22,22
Image_3949,22,22
Image_3950,22,22
Image_3951,22,22
Image_3952,22,22
Image_3953,22,22
Image_3954,22,22
Image_3955,22,22
Image_3956,22,22
Image_3957,22,22
Image_3958,22,22
Image_3959,22,22
Image_3960,22,22
Image_3961,22,22
Image_3962,22,22
Image_3963,22,22
Image_3964,22,22
Image_3965,22,22
Image_3966,22,22
Image_3967,22,22
Image_3968,22,22
Image_3969,22,22
Image_3970,22,22
Image_3971,22,22
Image_3972,22,22
Image_3973,22,22
Image_3974,22,22
Image_3975,22,22
Image_3976,22,22
Image_3977,22,22
Image_3978,22,22
Image_3979,22,22
Image_3980,22,22
Image_3981,22,22
Image_3982,22,22
Image_3983,22,22
Image_3984,22,22
Image_3985,22,22
Image_3986,22,22
Image_3987,22,22
Image_3988,22,22
Image_3989,22,22
Image_3990,22,22
Image_3991,22,22
Image_3992,22,22
Image_3993,22,22
Image_3994,22,22
Image_3995,22,22
Image_3996,22,22
Image_3997,22,22
Image_3998,22,22
Image_3999,22,22
Image_4000,22,22
Image_4001,22,22
Image_4002,22,22
Image_4003,22,22
Image_4004,22,22
Image_4005,22,22
Image_4006,22,22
Image_4007,22,22
Image_4008,22,22
Image_4009,22,22
Image_4010,22,22
Image_4011,22,22
Image_4012,22,22
Image_4013,22,22
Image_4014,22,22
Image_4015,22,22
Image_4016,22,22
Image_4017,22,22
Image_4018,22,22
Image_4019,22,22
Image_4020,22,22
Image_4021,22,22
Image_4022,22,22
Image_4023,22,22
Image_4024,22,22
Image_4025,22,22
Image_4026,22,22
Image_4027,22,22
Image_4028,22,22
Image_4029,22,22
Image_4030,22,22
Image_4031,22,22
Image_4032,22,22
Image_4033,22,22
Image_4034,22,22
Image_4035,22,22
Image_4036,22,22
Image_4037,22,22
Image_4038,22,22
Image_4039,22,22
Image_4040,22,22
Image_4041,22,22
Image_4042,22,22
Image_4043,22,22
Image_4044,22,22
Image_4045,22,22
Image_4046,22,22
Image_4047,22,22
Image_4048,22,22
Image_4049,22,22
Image_4050,22,22
Image_4051,22,22
Image_4052,22,22
Image_4053,22,22
Image_4054,22,22
Image_4055,22,22
Image_4056,22,22
Image_4057,22,22
Image_4058,22,22
Image_4059,22,22
Image_4060,22,22
Image_4061,22,22
Image_4062,22,22
Image_4063,22,22
Image_4064,23,23
Image_4065,23,23
Image_4066,23,23
Image_4067,23,23
Image_4068,23,23
Image_4069,23,23
Image_4070,23,23
Image_4071,23,23
Image_4072,23,23
Image_4073,23,23
Image_4074,23,23
Image_4075,23,23
Image_4076,23,23
Image_4077,23,23
Image_4078,23,23
Image_4079,23,23
Image_4080,23,23
Image_4081,23,23
Image_4082,23,23
Image_4083,23,23
Image_4084,23,23
Image_4085,23,23
Image_4086,23,23
Image_4087,23,23
Image_4088,23,23
Image_4089,23,23
Image_4090,23,23
Image_4091,23,23
Image_4092,23,23
Image_4093,23,23
Image_4094,23,23
Image_4095,23,23
Image_4096,23,23
Image_4097,23,23
Image_4098,23,23
Image_4099,23,23
Image_4100,23,23
Image_4101,23,23
Image_4102,23,23
Image_4103,23,23
Image_4104,23,23
Image_4105,23,23
Image_4106,23,23
Image_4107,23,23
Image_4108,23,23
Image_4109,23,23
Image_4110,23,23
Image_4111,23,23
Image_4112,23,23
Image_4113,23,23
Image_4114,23,23
Image_4115,23,23
Image_4116,23,23
Image_4117,23,23
Image_4118,23,23
Image_4119,23,23
Image_4120,23,23
Image_4121,23,23
Image_4122,23,23
Image_4123,23,23
Image_4124,23,23
Image_4125,23,23
Image_4126,23,23
Image_4127,23,23
Image_4128,23,23
Image_4129,23,23
Image_4130,23,23
Image_4131,23,23
Image_4132,23,23
Image_4133,23,23
Image_4134,23,23
Image_4135,23,23
Image_4136,23,23
Image_4137,23,23
Image_4138,23,23
Image_4139,23,23
Image_4140,23,23
Image_4141,23,23
Image_4142,23,23
Image_4143,23,23
Image_4144,23,23
Image_4145,23,23
Image_4146,23,23
Image_4147,23,23
Image_4148,23,23
Image_4149,23,23
Image_4150,23,23
Image_4151,23,23
Image_4152,23,23
Image_4153,23,23
Image_4154,23,23
Image_4155,23,23
Image_4156,23,23
Image_4157,23,23
Image_4158,23,23
Image_4159,23,23
Image_4160,23,23
Image_4161,23,23
Image_4162,23,23
Image_4163,23,23
Image_4164,23,23
Image_4165,23,23
Image_4166,23,23
Image_4167,23,23
Image_4168,23,23
Image_4169,23,23
Image_4170,23,23
Image_4171,23,23
Image_4172,23,23
Image_4173,23,23
Image_4174,23,23
Image_4175,23,23
Image_4176,23,23
Image_4177,23,23
Image_4178,23,23
Image_4179,23,23
Image_4180,23,23
Image_4181,23,23
Image_4182,23,23
Image_4183,23,23
Image_4184,23,23
Image_4185,23,23
Image_4186,23,23
Image_4187,23,23
Image_4188,23,23
Image_4189,23,23
Image_4190,23,23
Image_4191,23,23
Image_4192,23,23
Image_4193,23,23
Image_4194,23,23
Image_4195,23,23
Image_4196,23,23
Image_4197,23,23
Image_4198,23,23
Image_4199,23,23
Image_4200,23,23
Image_4201,23,23
Image_4202,23,23
Image_4203,23,23
Image_4204,23,23
Image_4205,23,23
Image_4206,23,23
Image_4207,23,23
Image_4208,23,23
Image_4209,23,23
Image_4210,23,23
Image_4211,23,23
Image_4212,23,23
Image_4213,23,23
Image_4214,23,23
Image_4215,23,23
Image_4216,23,23
Image_4217,23,23
Image_4218,23,23
Image_4219,23,23
Image_4220,23,23
Image_4221,23,23
Image_4222,23,23
Image_4223,23,23
Image_4224,23,23
Image_4225,23,23
Image_4226,23,23
Image_4227,23,23
Image_4228,23,23
Image_4229,23,23
Image_4230,23,23
Image_4231,23,23
Image_4232,23,23
Image_4233,23,23
Image_4234,23,23
Image_4235,23,23
Image_4236,23,23
Image_4237,23,23
Image_4238,23,23
Image_4239,23,23
Image_4240,23,23
Image_4241,23,23
Image_4242,23,23
Image_4243,23,23
Image_4244,23,23
Image_4245,23,23
Image_4246,23,23
Image_4247,23,23
Image_4248,23,23
Image_4249,23,23
Image_4250,23,23
Image_4251,23,23
Image_4252,23,23
Image_4253,23,23
Image_4254,23,23
Image_4255,23,23
Image_4256,23,23
Image_4257,23,23
Image_4258,23,23
Image_4259,23,23
Image_4260,23,23
Image_4261,23,23
Image_4262,23,23
Image_4263,23,23
Image_4264,23,23
Image_4265,23,23
Image_4266,23,23
Image_4267,23,23
Image_4268,23,23
Image_4269,23,23
Image_4270,23,23
Image_4271,23,23
Image_4272,24,24
Image_4273,24,24
Image_4274,24,24
Image_4275,24,81
Image_4276,24,24
Image_4277,24,24
Image_4278,24,24
Image_4279,24,24
Image_4280,24,24
Image_4281,24,24
Image_4282,24,24
Image_4283,24,24
Image_4284,24,24
Image_4285,24,81
Image_4286,24,24
Image_4287,24,24
Image_4288,24,24
Image_4289,24,24
Image_4290,24,24
Image_4291,24,119
Image_4292,24,24
Image_4293,24,24
Image_4294,24,24
Image_4295,24,24
Image_4296,24,24
Image_4297,24,24
Image_4298,24,24
Image_4299,24,24
Image_4300,24,24
Image_4301,24,24
Image_4302,24,119
Image_4303,24,24
Image_4304,24,24
Image_4305,24,24
Image_4306,24,24
Image_4307,24,24
Image_4308,24,119
Image_4309,24,24
Image_4310,24,24
Image_4311,24,24
Image_4312,24,24
Image_4313,24,81
Image_4314,24,24
Image_4315,24,24
Image_4316,24,24
Image_4317,24,24
Image_4318,24,24
Image_4319,24,24
Image_4320,24,24
Image_4321,24,24
Image_4322,24,24
Image_4323,24,24
Image_4324,24,24
Image_4325,24,24
Image_4326,24,24
Image_4327,24,119
Image_4328,24,24
Image_4329,24,24
Image_4330,24,24
Image_4331,24,24
Image_4332,24,24
Image_4333,24,24
Image_4334,24,24
Image_4335,24,24
Image_4336,24,24
Image_4337,24,24
Image_4338,24,24
Image_4339,24,24
Image_4340,24,24
Image_4341,24,24
Image_4342,24,24
Image_4343,24,24
Image_4344,24,24
Image_4345,24,24
Image_4346,24,24
Image_4347,24,24
Image_4348,24,24
Image_4349,24,24
Image_4350,24,24
Image_4351,24,24
Image_4352,24,24
Image_4353,24,24
Image_4354,24,24
Image_4355,24,119
Image_4356,24,24
Image_4357,24,24
Image_4358,24,24
Image_4359,24,24
Image_4360,24,24
Image_4361,24,24
Image_4362,24,24
Image_4363,24,119
Image_4364,24,24
Image_4365,24,24
Image_4366,24,24
Image_4367,24,24
Image_4368,24,24
Image_4369,24,24
Image_4370,24,24
Image_4371,24,24
Image_4372,24,24
Image_4373,24,119
Image_4374,24,24
Image_4375,24,24
Image_4376,24,24
Image_4377,24,24
Image_4378,24,24
Image_4379,24,119
Image_4380,24,24
Image_4381,24,24
Image_4382,24,24
Image_4383,24,24
Image_4384,24,24
Image_4385,24,24
Image_4386,24,24
Image_4387,24,24
Image_4388,24,24
Image_4389,24,24
Image_4390,24,24
Image_4391,24,24
Image_4392,24,24
Image_4393,24,24
Image_4394,24,24
Image_4395,24,119
Image_4396,24,24
Image_4397,24,24
Image_4398,24,24
Image_4399,24,24
Image_4400,24,24
Image_4401,24,24
Image_4402,24,24
Image_4403,24,24
Image_4404,24,24
Image_4405,24,24
Image_4406,24,24
Image_4407,24,24
Image_4408,24,24
Image_4409,25,25
Image_4410,25,25
Image_4411,25,25
Image_4412,25,25
Image_4413,25,25
Image_4414,25,25
Image_4415,25,25
Image_4416,25,25
Image_4417,25,25
Image_4418,25,25
Image_4419,25,25
Image_4420,25,25
Image_4421,25,25
Image_4422,25,25
Image_4423,25,25
Image_4424,25,25
Image_4425,25,25
Image_4426,25,25
Image_4427,25,25
Image_4428,25,25
Image_4429,25,25
Image_4430,25,25
Image_4431,25,25
Image_4432,25,25
Image_4433,25,25
Image_4434,25,25
Image_4435,25,25
Image_4436,25,25
Image_4437,25,25
Image_4438,25,25
Image_4439,25,25
Image_4440,25,25
Image_4441,25,25
Image_4442,25,25
Image_4443,25,25
Image_4444,25,25
Image_4445,25,25
Image_4446,25,25
Image_4447,25,25
Image_4448,25,25
Image_4449,25,25
Image_4450,25,25
Image_4451,25,25
Image_4452,25,25
Image_4453,25,25
Image_4454,25,25
Image_4455,25,25
Image_4456,25,25
Image_4457,25,25
Image_4458,25,25
Image_4459,25,25
Image_4460,25,25
Image_4461,25,25
Image_4462,25,25
Image_4463,25,25
Image_4464,25,25
Image_4465,25,25
Image_4466,25,25
Image_4467,25,25
Image_4468,25,25
Image_4469,25,25
Image_4470,25,25
Image_4471,25,25
Image_4472,25,25
Image_4473,25,25
Image_4474,25,25
Image_4475,25,25
Image_4476,25,25
Image_4477,25,25
Image_4478,25,25
Image_4479,25,25
Image_4480,25,25
Image_4481,25,25
Image_4482,25,25
Image_4483,25,25
Image_4484,25,25
Image_4485,25,25
Image_4486,25,25
Image_4487,25,25
Image_4488,25,25
Image_4489,25,25
Image_4490,25,25
Image_4491,25,25
Image_4492,25,25
Image_4493,25,25
Image_4494,25,25
Image_4495,25,25
Image_4496,25,25
Image_4497,25,25
Image_4498,25,25
Image_4499,25,25
Image_4500,25,25
Image_4501,25,25
Image_4502,25,25
Image_4503,25,25
Image_4504,25,25
Image_4505,25,25
Image_4506,25,25
Image_4507,25,25
Image_4508,25,25
Image_4509,25,25
Image_4510,25,25
Image_4511,25,25
Image_4512,25,25
Image_4513,25,25
Image_4514,25,25
Image_4515,25,25
Image_4516,25,25
Image_4517,25,25
Image_4518,25,25
Image_4519,25,25
Image_4520,25,25
Image_4521,25,25
Image_4522,25,25
Image_4523,25,25
Image_4524,25,25
Image_4525,25,25
Image_4526,25,25
Image_4527,25,25
Image_4528,25,25
Image_4529,25,25
Image_4530,25,25
Image_4531,25,25
Image_4532,25,25
Image_4533,25,25
Image_4534,25,25
Image_4535,25,25
Image_4536,25,25
Image_4537,25,25
Image_4538,25,25
Image_4539,25,25
Image_4540,25,25
Image_4541,25,25
Image_4542,25,25
Image_4543,25,25
Image_4544,25,25
Image_4545,25,25
Image_4546,25,25
Image_4547,25,25
Image_4548,25,25
Image_4549,25,25
Image_4550,25,25
Image_4551,25,25
Image_4552,25,25
Image_4553,25,25
Image_4554,25,25
Image_4555,25,25
Image_4556,25,25
Image_4557,25,25
Image_4558,25,25
Image_4559,25,25
Image_4560,25,25
Image_4561,25,25
Image_4562,25,25
Image_4563,25,25
Image_4564,25,25
Image_4565,25,25
Image_4566,25,25
Image_4567,25,25
Image_4568,26,26
Image_4569,26,26
Image_4570,26,26
Image_4571,26,26
Image_4572,26,26
Image_4573,26,26
Image_4574,26,26
Image_4575,26,26
Image_4576,26,26
Image_4577,26,26
Image_4578,26,26
Image_4579,26,26
Image_4580,26,26
Image_4581,26,26
Image_4582,26,26
Image_4583,26,26
Image_4584,26,26
Image_4585,26,26
Image_4586,26,26
Image_4587,26,26
Image_4588,26,26
Image_4589,26,26
Image_4590,26,26
Image_4591,26,26
Image_4592,26,26
Image_4593,26,26
Image_4594,26,26
Image_4595,26,26
Image_4596,26,26
Image_4597,26,26
Image_4598,26,26
Image_4599,26,26
Image_4600,26,26
Image_4601,26,26
Image_4602,26,26
Image_4603,26,26
Image_4604,26,26
Image_4605,26,26
Image_4606,26,26
Image_4607,26,26
Image_4608,26,26
Image_4609,26,26
Image_4610,26,26
Image_4611,26,26
Image_4612,26,26
Image_4613,26,26
Image_4614,26,26
Image_4615,26,26
Image_4616,26,26
Image_4617,26,26
Image_4618,26,26
Image_4619,26,26
Image_4620,26,26
Image_4621,26,26
Image_4622,26,26
Image_4623,26,26
Image_4624,26,26
Image_4625,26,26
Image_4626,26,26
Image_4627,26,26
Image_4628,26,26
Image_4629,26,26
Image_4630,26,26
Image_4631,26,26
Image_4632,26,26
Image_4633,26,26
Image_4634,26,26
Image_4635,26,26
Image_4636,26,26
Image_4637,26,26
Image_4638,26,26
Image_4639,26,26
Image_4640,26,26
Image_4641,26,26
Image_4642,26,26
Image_4643,26,26
Image_4644,26,26
Image_4645,26,26
Image_4646,26,26
Image_4647,26,26
Image_4648,26,26
Image_4649,26,26
Image_4650,26,26
Image_4651,26,26
Image_4652,26,26
Image_4653,26,26
Image_4654,26,26
Image_4655,26,26
Image_4656,26,26
Image_4657,26,26
Image_4658,26,26
Image_4659,26,26
Image_4660,26,26
Image_4661,26,26
Image_4662,26,26
Image_4663,26,26
Image_4664,26,26
Image_4665,26,26
Image_4666,26,26
Image_4667,26,26
Image_4668,26,26
Image_4669,26,26
Image_4670,26,26
Image_4671,26,26
Image_4672,26,26
Image_4673,26,26
Image_4674,26,26
Image_4675,26,26
Image_4676,26,26
Image_4677,26,26
Image_4678,26,26
Image_4679,26,26
Image_4680,26,26
Image_4681,26,26
Image_4682,26,26
Image_4683,26,26
Image_4684,26,26
Image_4685,26,26
Image_4686,26,26
Image_4687,26,26
Image_4688,26,26
Image_4689,26,26
Image_4690,26,26
Image_4691,26,26
Image_4692,26,26
Image_4693,26,26
Image_4694,26,26
Image_4695,26,26
Image_4696,26,26
Image_4697,26,26
Image_4698,26,26
Image_4699,26,26
Image_4700,26,26
Image_4701,26,26
Image_4702,26,26
Image_4703,26,26
Image_4704,26,26
Image_4705,26,26
Image_4706,26,26
Image_4707,26,26
Image_4708,26,26
Image_4709,27,27
Image_4710,27,127
Image_4711,27,27
Image_4712,27,27
Image_4713,27,127
Image_4714,27,27
Image_4715,27,27
Image_4716,27,27
Image_4717,27,27
Image_4718,27,27
Image_4719,27,27
Image_4720,27,127
Image_4721,27,27
Image_4722,27,27
Image_4723,27,27
Image_4724,27,127
Image_4725,27,127
Image_4726,27,27
Image_4727,27,27
Image_4728,27,27
Image_4729,27,27
Image_4730,27,27
Image_4731,27,27
Image_4732,27,27
Image_4733,27,27
Image_4734,27,27
Image_4735,27,27
Image_4736,27,27
Image_4737,27,27
Image_4738,27,127
Image_4739,27,127
Image_4740,27,27
Image_4741,27,27
Image_4742,27,27
Image_4743,27,27
Image_4744,27,27
Image_4745,27,27
Image_4746,27,27
Image_4747,27,27
Image_4748,27,27
Image_4749,27,27
Image_4750,27,27
Image_4751,27,27
Image_4752,27,27
Image_4753,27,27
Image_4754,27,27
Image_4755,27,127
Image_4756,27,27
Image_4757,27,27
Image_4758,27,27
Image_4759,27,127
Image_4760,27,27
Image_4761,27,27
Image_4762,27,127
Image_4763,27,27
Image_4764,27,27
Image_4765,27,27
Image_4766,27,27
Image_4767,27,27
Image_4768,27,27
Image_4769,27,27
Image_4770,27,27
Image_4771,27,27
Image_4772,27,27
Image_4773,27,127
Image_4774,27,27
Image_4775,27,27
Image_4776,27,27
Image_4777,27,27
Image_4778,27,27
Image_4779,27,27
Image_4780,27,127
Image_4781,27,27
Image_4782,27,27
Image_4783,27,27
Image_4784,27,127
Image_4785,27,27
Image_4786,27,27
Image_4787,27,27
Image_4788,27,27
Image_4789,27,127
Image_4790,27,27
Image_4791,27,27
Image_4792,27,27
Image_4793,27,27
Image_4794,27,27
Image_4795,27,27
Image_4796,27,27
Image_4797,27,127
Image_4798,27,27
Image_4799,27,127
Image_4800,27,127
Image_4801,27,127
Image_4802,27,27
Image_4803,27,27
Image_4804,27,27
Image_4805,27,27
Image_4806,27,27
Image_4807,27,27
Image_4808,27,27
Image_4809,27,27
Image_4810,27,27
Image_4811,27,27
Image_4812,27,27
Image_4813,27,27
Image_4814,27,27
Image_4815,27,27
Image_4816,27,27
Image_4817,27,27
Image_4818,27,27
Image_4819,27,27
Image_4820,27,27
Image_4821,27,27
Image_4822,27,27
Image_4823,27,127
Image_4824,27,127
Image_4825,27,27
Image_4826,27,27
Image_4827,27,27
Image_4828,27,27
Image_4829,27,127
Image_4830,27,27
Image_4831,27,27
Image_4832,27,127
Image_4833,27,127
Image_4834,27,27
Image_4835,27,27
Image_4836,27,27
Image_4837,27,27
Image_4838,27,27
Image_4839,27,27
Image_4840,27,27
Image_4841,27,27
Image_4842,27,27
Image_4843,27,27
Image_4844,27,27
Image_4845,27,127
Image_4846,27,27
Image_4847,27,27
Image_4848,27,27
Image_4849,27,27
Image_4850,27,27
Image_4851,27,27
Image_4852,27,127
Image_4853,27,27
Image_4854,27,127
Image_4855,27,27
Image_4856,27,27
Image_4857,27,27
Image_4858,27,27
Image_4859,27,27
Image_4860,27,27
Image_4861,27,27
Image_4862,27,27
Image_4863,27,27
Image_4864,27,127
Image_4865,27,27
Image_4866,27,127
Image_4867,27,27
Image_4868,27,27
Image_4869,28,28
Image_4870,28,28
Image_4871,28,28
Image_4872,28,28
Image_4873,28,28
Image_4874,28,28
Image_4875,28,28
Image_4876,28,28
Image_4877,28,28
Image_4878,28,28
Image_4879,28,28
Image_4880,28,28
Image_4881,28,28
Image_4882,28,28
Image_4883,28,28
Image_4884,28,28
Image_4885,28,28
Image_4886,28,28
Image_4887,28,28
Image_4888,28,28
Image_4889,28,28
Image_4890,28,28
Image_4891,28,28
Image_4892,28,28
Image_4893,28,28
Image_4894,28,28
Image_4895,28,28
Image_4896,28,28
Image_4897,28,28
Image_4898,28,28
Image_4899,28,28
Image_4900,28,28
Image_4901,28,28
Image_4902,28,28
Image_4903,28,28
Image_4904,28,28
Image_4905,28,28
Image_4906,28,28
Image_4907,28,28
Image_4908,28,28
Image_4909,28,28
Image_4910,28,28
Image_4911,28,28
Image_4912,28,28
Image_4913,28,28
Image_4914,28,28
Image_4915,28,28
Image_4916,28,28
Image_4917,28,28
Image_4918,28,28
Image_4919,28,28
Image_4920,28,28
Image_4921,28,28
Image_4922,28,28
Image_4923,28,28
Image_4924,28,28
Image_4925,28,28
Image_4926,28,28
Image_4927,28,28
Image_4928,28,28
Image_4929,28,28
Image_4930,28,28
Image_4931,28,28
Image_4932,28,28
Image_4933,28,28
Image_4934,28,28
Image_4935,28,28
Image_4936,28,28
Image_4937,28,28
Image_4938,28,28
Image_4939,28,28
Image_4940,28,28
Image_4941,28,28
Image_4942,28,28
Image_4943,28,28
Image_4944,28,28
Image_4945,28,28
Image_4946,28,28
Image_4947,28,28
Image_4948,28,28
Image_4949,28,28
Image_4950,28,28
Image_4951,28,28
Image_4952,28,28
Image_4953,28,28
Image_4954,28,28
Image_4955,28,28
Image_4956,28,28
Image_4957,28,28
Image_4958,28,28
Image_4959,28,28
Image_4960,28,28
Image_4961,28,28
Image_4962,28,28
Image_4963,28,28
Image_4964,28,28
Image_4965,28,28
Image_4966,28,28
Image_4967,28,28
Image_4968,28,28
Image_4969,28,28
Image_4970,28,28
Image_4971,28,28
Image_4972,28,28
Image_4973,28,28
Image_4974,28,28
Image_4975,28,28
Image_4976,28,28
Image_4977,28,28
Image_4978,28,28
Image_4979,28,28
Image_4980,28,28
Image_4981,28,28
Image_4982,28,28
Image_4983,28,28
Image_4984,28,28
Image_4985,28,28
Image_4986,28,28
Image_4987,28,28
Image_4988,28,28
Image_4989,28,28
Image_4990,28,28
Image_4991,28,28
Image_4992,28,28
Image_4993,28,28
Image_4994,28,28
Image_4995,28,28
Image_4996,28,28
Image_4997,28,28
Image_4998,28,28
Image_4999,28,28
Image_5000,28,28
Image_5001,28,28
Image_5002,28,28
Image_5003,28,28
Image_5004,28,28
Image_5005,28,28
Image_5006,28,28
Image_5007,28,28
Image_5008,28,28
Image_5009,28,28
Image_5010,28,28
Image_5011,28,28
Image_5012,28,28
Image_5013,28,28
Image_5014,28,28
Image_5015,28,28
Image_5016,28,28
Image_5017,28,28
Image_5018,28,28
Image_5019,28,28
Image_5020,28,28
Image_5021,28,28
Image_5022,28,28
Image_5023,28,28
Image_5024,28,28
Image_5025,28,28
Image_5026,29,29
Image_5027,29,29
Image_5028,29,29
Image_5029,29,29
Image_5030,29,29
Image_5031,29,29
Image_5032,29,29
Image_5033,29,29
Image_5034,29,29
Image_5035,29,29
Image_5036,29,29
Image_5037,29,29
Image_5038,29,29
Image_5039,29,29
Image_5040,29,29
Image_5041,29,29
Image_5042,29,29
Image_5043,29,29
Image_5044,29,29
Image_5045,29,29
Image_5046,29,29
Image_5047,29,29
Image_5048,29,29
Image_5049,29,29
Image_5050,29,29
Image_5051,29,29
Image_5052,29,29
Image_5053,29,29
Image_5054,29,29
Image_5055,29,29
Image_5056,29,29
Image_5057,29,29
Image_5058,29,29
Image_5059,29,29
Image_5060,29,29
Image_5061,29,29
Image_5062,29,29
Image_5063,29,29
Image_5064,29,29
Image_5065,29,29
Image_5066,29,29
Image_5067,29,29
Image_5068,29,29
Image_5069,29,29
Image_5070,29,29
Image_5071,29,29
Image_5072,29,29
Image_5073,29,29
Image_5074,29,29
Image_5075,29,29
Image_5076,29,29
Image_5077,29,29
Image_5078,29,29
Image_5079,29,29
Image_5080,29,29
Image_5081,29,29
Image_5082,29,29
Image_5083,29,29
Image_5084,29,29
Image_5085,29,29
Image_5086,29,29
Image_5087,29,29
Image_5088,29,29
Image_5089,29,29
Image_5090,29,29
Image_5091,29,29
Image_5092,29,29
Image_5093,29,29
Image_5094,29,29
Image_5095,29,29
Image_5096,29,29
Image_5097,29,29
Image_5098,29,29
Image_5099,29,29
Image_5100,29,29
Image_5101,29,29
Image_5102,29,29
Image_5103,29,29
Image_5104,29,29
Image_5105,29,29
Image_5106,29,29
Image_5107,29,29
Image_5108,29,29
Image_5109,29,29
Image_5110,29,29
Image_5111,29,29
Image_5112,29,29
Image_5113,29,29
Image_5114,29,29
Image_5115,29,29
Image_5116,29,29
Image_5117,29,29
Image_5118,29,29
Image_5119,29,29
Image_5120,29,29
Image_5121,29,29
Image_5122,29,29
Image_5123,29,29
Image_5124,29,29
Image_5125,29,29
Image_5126,29,29
Image_5127,29,29
Image_5128,29,29
Image_5129,29,29
Image_5130,29,29
Image_5131,29,29
Image_5132,29,29
Image_5133,29,29
Image_5134,29,29
Image_5135,29,29
Image_5136,29,29
Image_5137,29,29
Image_5138,29,29
Image_5139,29,29
Image_5140,29,29
Image_5141,29,29
Image_5142,29,29
Image_5143,29,29
Image_5144,29,29
Image_5145,29,29
Image_5146,29,29
Image_5147,29,29
Image_5148,29,29
Image_5149,29,29
Image_5150,29,29
Image_5151,29,29
Image_5152,29,29
Image_5153,29,29
Image_5154,29,29
Image_5155,29,29
Image_5156,29,29
Image_5157,29,29
Image_5158,29,29
Image_5159,29,29
Image_5160,29,29
Image_5161,29,29
Image_5162,29,29
Image_5163,29,29
Image_5164,29,29
Image_5165,29,29
Image_5166,29,29
Image_5167,29,29
Image_5168,29,29
Image_5169,29,29
Image_5170,29,29
Image_5171,29,29
Image_5172,29,29
Image_5173,29,29
Image_5174,29,29
Image_5175,29,29
Image_5176,29,29
Image_5177,29,29
Image_5178,29,29
Image_5179,29,29
Image_5180,29,29
Image_5181,29,29
Image_5182,29,29
Image_5183,29,29
Image_5184,29,29
Image_5185,29,29
Image_5186,30,30
Image_5187,30,30
Image_5188,30,30
Image_5189,30,30
Image_5190,30,30
Image_5191,30,30
Image_5192,30,30
Image_5193,30,30
Image_5194,30,30
Image_5195,30,30
Image_5196,30,30
Image_5197,30,30
Image_5198,30,30
Image_5199,30,30
Image_5200,30,30
Image_5201,30,30
Image_5202,30,30
Image_5203,30,30
Image_5204,30,30
Image_5205,30,30
Image_5206,30,30
Image_5207,30,30
Image_5208,30,30
Image_5209,30,30
Image_5210,30,30
Image_5211,30,30
Image_5212,30,30
Image_5213,30,30
Image_5214,30,30
Image_5215,30,30
Image_5216,30,30
Image_5217,30,30
Image_5218,30,30
Image_5219,30,30
Image_5220,30,30
Image_5221,30,30
Image_5222,30,30
Image_5223,30,30
Image_5224,30,30
Image_5225,30,30
Image_5226,30,30
Image_5227,30,30
Image_5228,30,30
Image_5229,30,30
Image_5230,30,30
Image_5231,30,30
Image_5232,30,30
Image_5233,30,30
Image_5234,30,30
Image_5235,30,30
Image_5236,30,30
Image_5237,30,30
Image_5238,30,30
Image_5239,30,30
Image_5240,30,30
Image_5241,30,30
Image_5242,30,30
Image_5243,30,30
Image_5244,30,30
Image_5245,30,30
Image_5246,30,30
Image_5247,30,30
Image_5248,30,30
Image_5249,30,30
Image_5250,30,30
Image_5251,30,30
Image_5252,30,30
Image_5253,30,30
Image_5254,30,30
Image_5255,30,30
Image_5256,30,30
Image_5257,30,30
Image_5258,30,30
Image_5259,30,30
Image_5260,30,30
Image_5261,30,30
Image_5262,30,30
Image_5263,30,30
Image_5264,30,30
Image_5265,30,30
Image_5266,30,30
Image_5267,30,30
Image_5268,30,30
Image_5269,30,30
Image_5270,30,30
Image_5271,30,30
Image_5272,30,30
Image_5273,30,30
Image_5274,30,30
Image_5275,30,30
Image_5276,30,30
Image_5277,30,30
Image_5278,30,30
Image_5279,30,30
Image_5280,30,30
Image_5281,30,30
Image_5282,30,30
Image_5283,30,30
Image_5284,30,30
Image_5285,30,30
Image_5286,30,30
Image_5287,30,30
Image_5288,30,30
Image_5289,30,30
Image_5290,30,30
Image_5291,30,30
Image_5292,30,30
Image_5293,30,30
Image_5294,30,30
Image_5295,30,30
Image_5296,30,30
Image_5297,30,30
Image_5298,30,30
Image_5299,30,30
Image_5300,30,30
Image_5301,30,30
Image_5302,30,30
Image_5303,30,30
Image_5304,30,30
Image_5305,30,30
Image_5306,30,30
Image_5307,30,30
Image_5308,30,30
Image_5309,30,30
Image_5310,30,30
Image_5311,30,30
Image_5312,30,30
Image_5313,30,30
Image_5314,30,30
Image_5315,30,30
Image_5316,30,30
Image_5317,30,30
Image_5318,30,30
Image_5319,30,30
Image_5320,30,30
Image_5321,30,30
Image_5322,30,30
Image_5323,30,30
Image_5324,30,30
Image_5325,30,30
Image_5326,30,30
Image_5327,30,30
Image_5328,30,30
Image_5329,30,30
Image_5330,30,30
Image_5331,30,30
Image_5332,30,30
Image_5333,30,30
Image_5334,30,30
Image_5335,30,30
Image_5336,30,30
Image_5337,30,30
Image_5338,30,30
Image_5339,30,30
Image_5340,30,30
Image_5341,30,30
Image_5342,30,30
Image_5343,30,30
Image_5344,30,30
Image_5345,31,31
Image_5346,31,31
Image_5347,31,31
Image_5348,31,31
Image_5349,31,31
Image_5350,31,31
Image_5351,31,31
Image_5352,31,31
Image_5353,31,31
Image_5354,31,31
Image_5355,31,31
Image_5356,31,31
Image_5357,31,31
Image_5358,31,31
Image_5359,31,31
Image_5360,31,31
Image_5361,31,31
Image_5362,31,31
Image_5363,31,31
Image_5364,31,31
Image_5365,31,31
Image_5366,31,31
Image_5367,31,31
Image_5368,31,31
Image_5369,31,31
Image_5370,31,31
Image_5371,31,31
Image_5372,31,31
Image_5373,31,31
Image_5374,31,31
Image_5375,31,31
Image_5376,31,31
Image_5377,31,31
Image_5378,31,31
Image_5379,31,31
Image_5380,31,31
Image_5381,31,31
Image_5382,31,31
Image_5383,31,31
Image_5384,31,31
Image_5385,31,31
Image_5386,31,31
Image_5387,31,31
Image_5388,31,31
Image_5389,31,31
Image_5390,31,31
Image_5391,31,31
Image_5392,31,31
Image_5393,31,31
Image_5394,31,31
Image_5395,31,31
Image_5396,31,31
Image_5397,31,31
Image_5398,31,31
Image_5399,31,31
Image_5400,31,31
Image_5401,31,31
Image_5402,31,31
Image_5403,31,31
Image_5404,31,31
Image_5405,31,31
Image_5406,31,31
Image_5407,31,31
Image_5408,31,31
Image_5409,31,31
Image_5410,31,31
Image_5411,31,31
Image_5412,31,31
Image_5413,31,31
Image_5414,31,31
Image_5415,31,31
Image_5416,31,31
Image_5417,31,31
Image_5418,31,31
Image_5419,31,31
Image_5420,31,31
Image_5421,31,31
Image_5422,31,31
Image_5423,31,31
Image_5424,31,31
Image_5425,31,31
Image_5426,31,31
Image_5427,31,31
Image_5428,31,31
Image_5429,31,31
Image_5430,31,31
Image_5431,31,31
Image_5432,31,31
Image_5433,31,31
Image_5434,31,31
Image_5435,31,31
Image_5436,31,31
Image_5437,31,31
Image_5438,31,31
Image_5439,31,31
Image_5440,31,31
Image_5441,31,31
Image_5442,31,31
Image_5443,31,31
Image_5444,31,31
Image_5445,31,31
Image_5446,31,31
Image_5447,31,31
Image_5448,31,31
Image_5449,31,31
Image_5450,31,31
Image_5451,31,31
Image_5452,31,31
Image_5453,31,31
Image_5454,31,31
Image_5455,31,31
Image_5456,31,31
Image_5457,31,31
Image_5458,31,31
Image_5459,31,31
Image_5460,31,31
Image_5461,31,31
Image_5462,31,31
Image_5463,31,31
Image_5464,31,31
Image_5465,31,31
Image_5466,31,31
Image_5467,31,31
Image_5468,31,31
Image_5469,31,31
Image_5470,31,31
Image_5471,31,31
Image_5472,31,31
Image_5473,31,31
Image_5474,31,31
Image_5475,31,31
Image_5476,31,31
Image_5477,31,31
Image_5478,31,31
Image_5479,31,31
Image_5480,31,31
Image_5481,31,31
Image_5482,31,31
Image_5483,31,31
Image_5484,31,31
Image_5485,31,31
Image_5486,31,31
Image_5487,31,31
Image_5488,31,31
Image_5489,31,31
Image_5490,31,31
Image_5491,31,31
Image_5492,31,31
Image_5493,31,31
Image_5494,31,31
Image_5495,31,31
Image_5496,31,31
Image_5497,31,31
Image_5498,31,31
Image_5499,31,31
Image_5500,31,31
Image_5501,31,31
Image_5502,31,31
Image_5503,31,31
Image_5504,31,31
Image_5505,31,31
Image_5506,31,31
Image_5507,31,31
Image_5508,31,31
Image_5509,31,31
Image_5510,31,31
Image_5511,31,31
Image_5512,31,31
Image_5513,31,31
Image_5514,31,31
Image_5515,31,31
Image_5516,31,31
Image_5517,31,31
Image_5518,31,31
Image_5519,31,31
Image_5520,31,31
Image_5521,31,31
Image_5522,31,31
Image_5523,31,31
Image_5524,31,31
Image_5525,31,31
Image_5526,31,31
Image_5527,31,31
Image_5528,31,31
Image_5529,31,31
Image_5530,31,31
Image_5531,31,31
Image_5532,31,31
Image_5533,31,31
Image_5534,31,31
Image_5535,31,31
Image_5536,31,31
Image_5537,31,31
Image_5538,31,31
Image_5539,31,31
Image_5540,31,31
Image_5541,31,31
Image_5542,31,31
Image_5543,31,31
Image_5544,31,31
Image_5545,31,31
Image_5546,31,31
Image_5547,31,31
Image_5548,31,31
Image_5549,31,31
Image_5550,31,31
Image_5551,31,31
Image_5552,31,31
Image_5553,31,31
Image_5554,31,31
Image_5555,31,31
Image_5556,31,31
Image_5557,31,31
Image_5558,31,31
Image_5559,31,31
Image_5560,31,31
Image_5561,31,31
Image_5562,31,31
Image_5563,31,31
Image_5564,31,31
Image_5565,31,31
Image_5566,31,31
Image_5567,31,31
Image_5568,31,31
Image_5569,31,31
Image_5570,31,31
Image_5571,31,31
Image_5572,31,31
Image_5573,31,31
Image_5574,31,31
Image_5575,31,31
Image_5576,31,31
Image_5577,31,31
Image_5578,31,31
Image_5579,31,31
Image_5580,31,31
Image_5581,31,31
Image_5582,31,31
Image_5583,31,31
Image_5584,31,31
Image_5585,31,31
Image_5586,31,31
Image_5587,31,31
Image_5588,31,31
Image_5589,31,31
Image_5590,31,31
Image_5591,31,31
Image_5592,31,31
Image_5593,31,31
Image_5594,31,31
Image_5595,31,31
Image_5596,31,31
Image_5597,31,31
Image_5598,31,31
Image_5599,31,31
Image_5600,31,31
Image_5601,31,31
Image_5602,31,31
Image_5603,31,31
Image_5604,31,31
Image_5605,31,31
Image_5606,31,31
Image_5607,31,31
Image_5608,31,31
Image_5609,31,31
Image_5610,31,31
Image_5611,31,31
Image_5612,31,31
Image_5613,31,31
Image_5614,31,31
Image_5615,31,31
Image_5616,31,31
Image_5617,31,31
Image_5618,31,31
Image_5619,31,31
Image_5620,31,31
Image_5621,31,31
Image_5622,31,31
Image_5623,31,31
Image_5624,31,31
Image_5625,31,31
Image_5626,31,31
Image_5627,31,31
Image_5628,31,31
Image_5629,31,31
Image_5630,31,31
Image_5631,31,31
Image_5632,31,31
Image_5633,31,31
Image_5634,31,31
Image_5635,31,31
Image_5636,31,31
Image_5637,31,31
Image_5638,31,31
Image_5639,31,31
Image_5640,31,31
Image_5641,31,31
Image_5642,31,31
Image_5643,31,31
Image_5644,31,31
Image_5645,31,31
Image_5646,31,31
Image_5647,31,31
Image_5648,31,31
Image_5649,31,31
Image_5650,31,31
Image_5651,31,31
Image_5652,31,31
Image_5653,31,31
Image_5654,31,31
Image_5655,31,31
Image_5656,31,31
Image_5657,31,31
Image_5658,31,31
Image_5659,32,32
Image_5660,32,32
Image_5661,32,32
Image_5662,32,32
Image_5663,32,114
Image_5664,32,114
Image_5665,32,32
Image_5666,32,32
Image_5667,32,114
Image_5668,32,32
Image_5669,32,32
Image_5670,32,32
Image_5671,32,79
Image_5672,32,32
Image_5673,32,114
Image_5674,32,32
Image_5675,32,32
Image_5676,32,114
Image_5677,32,3
Image_5678,32,32
Image_5679,32,114
Image_5680,32,32
Image_5681,32,32
Image_5682,32,114
Image_5683,32,130
Image_5684,32,114
Image_5685,32,32
Image_5686,32,32
Image_5687,32,32
Image_5688,32,32
Image_5689,32,114
Image_5690,32,114
Image_5691,32,32
Image_5692,32,114
Image_5693,32,32
Image_5694,32,114
Image_5695,32,32
Image_5696,32,32
Image_5697,32,114
Image_5698,32,114
Image_5699,32,40
Image_5700,32,32
Image_5701,32,32
Image_5702,32,114
Image_5703,32,32
Image_5704,32,32
Image_5705,32,32
Image_5706,32,32
Image_5707,32,32
Image_5708,32,114
Image_5709,32,32
Image_5710,32,114
Image_5711,32,32
Image_5712,32,32
Image_5713,32,114
Image_5714,32,32
Image_5715,32,32
Image_5716,32,114
Image_5717,32,114
Image_5718,32,25
Image_5719,32,32
Image_5720,32,32
Image_5721,32,114
Image_5722,32,32
Image_5723,32,32
Image_5724,32,114
Image_5725,32,32
Image_5726,32,32
Image_5727,32,32
Image_5728,32,114
Image_5729,32,32
Image_5730,32,79
Image_5731,32,114
Image_5732,32,114
Image_5733,32,32
Image_5734,32,32
Image_5735,32,32
Image_5736,32,32
Image_5737,32,32
Image_5738,32,32
Image_5739,32,32
Image_5740,32,114
Image_5741,32,32
Image_5742,32,32
Image_5743,32,114
Image_5744,32,32
Image_5745,32,32
Image_5746,32,32
Image_5747,32,79
Image_5748,32,32
Image_5749,32,114
Image_5750,32,32
Image_5751,32,32
Image_5752,32,32
Image_5753,32,32
Image_5754,32,32
Image_5755,32,32
Image_5756,32,114
Image_5757,32,114
Image_5758,32,32
Image_5759,32,114
Image_5760,32,32
Image_5761,32,32
Image_5762,32,114
Image_5763,32,32
Image_5764,32,114
Image_5765,32,114
Image_5766,32,32
Image_5767,32,32
Image_5768,32,32
Image_5769,32,114
Image_5770,32,32
Image_5771,32,3
Image_5772,32,32
Image_5773,32,114
Image_5774,32,79
Image_5775,32,114
Image_5776,32,32
Image_5777,32,114
Image_5778,32,114
Image_5779,32,32
Image_5780,32,32
Image_5781,32,114
Image_5782,32,32
Image_5783,32,32
Image_5784,32,32
Image_5785,32,32
Image_5786,32,114
Image_5787,32,114
Image_5788,32,32
Image_5789,32,114
Image_5790,32,114
Image_5791,32,32
Image_5792,32,32
Image_5793,32,32
Image_5794,32,32
Image_5795,32,114
Image_5796,32,32
Image_5797,32,114
Image_5798,32,32
Image_5799,32,32
Image_5800,32,32
Image_5801,32,32
Image_5802,32,32
Image_5803,32,114
Image_5804,32,32
Image_5805,32,32
Image_5806,32,32
Image_5807,32,32
Image_5808,32,114
Image_5809,32,114
Image_5810,32,32
Image_5811,32,32
Image_5812,32,32
Image_5813,32,32
Image_5814,32,114
Image_5815,32,114
Image_5816,32,32
Image_5817,32,32
Image_5818,32,114
Image_5819,32,32
Image_5820,32,32
Image_5821,32,114
Image_5822,32,32
Image_5823,32,79
Image_5824,32,32
Image_5825,32,32
Image_5826,32,79
Image_5827,32,114
Image_5828,32,114
Image_5829,32,79
Image_5830,32,32
Image_5831,32,32
Image_5832,32,32
Image_5833,32,32
Image_5834,32,114
Image_5835,32,114
Image_5836,32,114
Image_5837,32,40
Image_5838,32,32
Image_5839,32,114
Image_5840,32,32
Image_5841,32,32
Image_5842,32,32
Image_5843,32,32
Image_5844,32,114
Image_5845,32,32
Image_5846,32,114
Image_5847,32,32
Image_5848,32,32
Image_5849,32,32
Image_5850,32,114
Image_5851,32,114
Image_5852,32,32
Image_5853,32,32
Image_5854,32,114
Image_5855,32,32
Image_5856,32,32
Image_5857,32,32
Image_5858,32,114
Image_5859,32,114
Image_5860,32,114
Image_5861,32,114
Image_5862,32,32
Image_5863,32,32
Image_5864,32,32
Image_5865,32,32
Image_5866,32,114
Image_5867,32,114
Image_5868,32,114
Image_5869,32,32
Image_5870,32,32
Image_5871,32,32
Image_5872,32,114
Image_5873,32,32
Image_5874,32,114
Image_5875,32,32
Image_5876,32,114
Image_5877,32,114
Image_5878,32,32
Image_5879,32,32
Image_5880,32,114
Image_5881,32,114
Image_5882,32,114
Image_5883,32,32
Image_5884,33,33
Image_5885,33,33
Image_5886,33,33
Image_5887,33,33
Image_5888,33,33
Image_5889,33,33
Image_5890,33,33
Image_5891,33,33
Image_5892,33,33
Image_5893,33,33
Image_5894,33,33
Image_5895,33,33
Image_5896,33,33
Image_5897,33,33
Image_5898,33,33
Image_5899,33,33
Image_5900,33,33
Image_5901,33,33
Image_5902,33,33
Image_5903,33,33
Image_5904,33,33
Image_5905,33,33
Image_5906,33,33
Image_5907,33,33
Image_5908,33,33
Image_5909,33,33
Image_5910,33,33
Image_5911,33,33
Image_5912,33,33
Image_5913,33,33
Image_5914,33,33
Image_5915,33,33
Image_5916,33,33
Image_5917,33,33
Image_5918,33,33
Image_5919,33,33
Image_5920,33,33
Image_5921,33,33
Image_5922,33,33
Image_5923,33,33
Image_5924,33,33
Image_5925,33,33
Image_5926,33,33
Image_5927,33,33
Image_5928,33,33
Image_5929,33,33
Image_5930,33,33
Image_5931,33,33
Image_5932,33,33
Image_5933,33,33
Image_5934,33,33
Image_5935,33,33
Image_5936,33,33
Image_5937,33,33
Image_5938,33,33
Image_5939,33,33
Image_5940,33,33
Image_5941,33,33
Image_5942,33,33
Image_5943,33,33
Image_5944,33,33
Image_5945,33,33
Image_5946,33,33
Image_5947,33,33
Image_5948,33,33
Image_5949,33,33
Image_5950,33,33
Image_5951,33,33
Image_5952,33,33
Image_5953,33,33
Image_5954,33,33
Image_5955,33,33
Image_5956,33,33
Image_5957,33,33
Image_5958,33,33
Image_5959,33,33
Image_5960,33,33
Image_5961,33,33
Image_5962,33,33
Image_5963,33,33
Image_5964,33,33
Image_5965,33,33
Image_5966,33,33
Image_5967,33,33
Image_5968,33,33
Image_5969,33,33
Image_5970,33,33
Image_5971,33,33
Image_5972,33,33
Image_5973,33,33
Image_5974,33,33
Image_5975,33,33
Image_5976,33,33
Image_5977,33,33
Image_5978,33,33
Image_5979,33,33
Image_5980,33,33
Image_5981,33,33
Image_5982,33,33
Image_5983,33,33
Image_5984,33,33
Image_5985,33,33
Image_5986,33,33
Image_5987,33,33
Image_5988,33,33
Image_5989,33,33
Image_5990,33,33
Image_5991,33,33
Image_5992,33,33
Image_5993,33,33
Image_5994,33,33
Image_5995,33,33
Image_5996,33,33
Image_5997,33,33
Image_5998,33,33
Image_5999,33,33
Image_6000,33,33
Image_6001,33,33
Image_6002,33,33
Image_6003,33,33
Image_6004,33,33
Image_6005,33,33
Image_6006,33,33
Image_6007,33,33
Image_6008,33,33
Image_6009,33,33
Image_6010,33,33
Image_6011,33,33
Image_6012,33,33
Image_6013,33,33
Image_6014,33,33
Image_6015,33,33
Image_6016,33,33
Image_6017,33,33
Image_6018,33,33
Image_6019,33,33
Image_6020,33,33
Image_6021,33,33
Image_6022,33,33
Image_6023,33,33
Image_6024,33,33
Image_6025,33,33
Image_6026,33,33
Image_6027,33,33
Image_6028,33,33
Image_6029,33,33
Image_6030,33,33
Image_6031,33,33
Image_6032,33,33
Image_6033,33,33
Image_6034,33,33
Image_6035,33,33
Image_6036,34,111
Image_6037,34,34
Image_6038,34,34
Image_6039,34,34
Image_6040,34,34
Image_6041,34,34
Image_6042,34,34
Image_6043,34,34
Image_6044,34,34
Image_6045,34,34
Image_6046,34,34
Image_6047,34,34
Image_6048,34,34
Image_6049,34,34
Image_6050,34,34
Image_6051,34,34
Image_6052,34,34
Image_6053,34,34
Image_6054,34,34
Image_6055,34,34
Image_6056,34,34
Image_6057,34,34
Image_6058,34,111
Image_6059,34,34
Image_6060,34,34
Image_6061,34,34
Image_6062,34,34
Image_6063,34,34
Image_6064,34,34
Image_6065,34,34
Image_6066,34,34
Image_6067,34,34
Image_6068,34,34
Image_6069,34,34
Image_6070,34,34
Image_6071,34,34
Image_6072,34,34
Image_6073,34,34
Image_6074,34,34
Image_6075,34,111
Image_6076,34,34
Image_6077,34,34
Image_6078,34,34
Image_6079,34,34
Image_6080,34,34
Image_6081,34,34
Image_6082,34,34
Image_6083,34,34
Image_6084,34,34
Image_6085,34,34
Image_6086,34,34
Image_6087,34,34
Image_6088,34,34
Image_6089,34,34
Image_6090,34,34
Image_6091,34,34
Image_6092,34,34
Image_6093,34,34
Image_6094,34,34
Image_6095,34,34
Image_6096,34,34
Image_6097,34,34
Image_6098,34,34
Image_6099,34,34
Image_6100,34,34
Image_6101,34,34
Image_6102,34,34
Image_6103,34,34
Image_6104,34,34
Image_6105,34,34
Image_6106,34,111
Image_6107,34,34
Image_6108,34,34
Image_6109,34,34
Image_6110,34,34
Image_6111,34,34
Image_6112,34,34
Image_6113,34,34
Image_6114,34,34
Image_6115,34,34
Image_6116,34,34
Image_6117,34,34
Image_6118,34,34
Image_6119,34,34
Image_6120,34,34
Image_6121,34,34
Image_6122,34,34
Image_6123,34,34
Image_6124,34,111
Image_6125,34,34
Image_6126,34,34
Image_6127,34,34
Image_6128,34,34
Image_6129,34,34
Image_6130,34,34
Image_6131,34,34
Image_6132,34,34
Image_6133,34,34
Image_6134,34,34
Image_6135,34,34
Image_6136,34,34
Image_6137,34,34
Image_6138,34,34
Image_6139,34,34
Image_6140,34,34
Image_6141,34,34
Image_6142,34,34
Image_6143,34,34
Image_6144,34,34
Image_6145,34,34
Image_6146,34,34
Image_6147,34,34
Image_6148,34,34
Image_6149,34,34
Image_6150,34,34
Image_6151,34,34
Image_6152,34,34
Image_6153,34,34
Image_6154,34,34
Image_6155,34,34
Image_6156,34,34
Image_6157,34,34
Image_6158,34,34
Image_6159,34,34
Image_6160,34,34
Image_6161,34,34
Image_6162,34,34
Image_6163,34,34
Image_6164,34,34
Image_6165,34,34
Image_6166,34,34
Image_6167,34,34
Image_6168,34,34
Image_6169,34,34
Image_6170,34,34
Image_6171,34,34
Image_6172,34,34
Image_6173,34,34
Image_6174,34,34
Image_6175,34,34
Image_6176,34,34
Image_6177,34,34
Image_6178,34,34
Image_6179,34,34
Image_6180,34,34
Image_6181,34,34
Image_6182,34,34
Image_6183,34,34
Image_6184,34,34
Image_6185,34,34
Image_6186,34,34
Image_6187,34,34
Image_6188,34,34
Image_6189,34,34
Image_6190,34,34
Image_6191,34,34
Image_6192,34,34
Image_6193,34,34
Image_6194,34,34
Image_6195,35,35
Image_6196,35,113
Image_6197,35,83
Image_6198,35,35
Image_6199,35,113
Image_6200,35,113
Image_6201,35,35
Image_6202,35,35
Image_6203,35,35
Image_6204,35,113
Image_6205,35,35
Image_6206,35,113
Image_6207,35,35
Image_6208,35,35
Image_6209,35,83
Image_6210,35,35
Image_6211,35,35
Image_6212,35,35
Image_6213,35,35
Image_6214,35,113
Image_6215,35,113
Image_6216,35,35
Image_6217,35,35
Image_6218,35,35
Image_6219,35,113
Image_6220,35,35
Image_6221,35,35
Image_6222,35,35
Image_6223,35,35
Image_6224,35,35
Image_6225,35,35
Image_6226,35,35
Image_6227,35,113
Image_6228,35,35
Image_6229,35,35
Image_6230,35,35
Image_6231,35,35
Image_6232,35,35
Image_6233,35,35
Image_6234,35,35
Image_6235,35,113
Image_6236,35,35
Image_6237,35,35
Image_6238,35,35
Image_6239,35,35
Image_6240,35,35
Image_6241,35,35
Image_6242,35,35
Image_6243,35,35
Image_6244,35,35
Image_6245,35,35
Image_6246,35,35
Image_6247,35,35
Image_6248,35,35
Image_6249,35,83
Image_6250,35,35
Image_6251,35,35
Image_6252,35,35
Image_6253,35,35
Image_6254,35,113
Image_6255,35,35
Image_6256,35,35
Image_6257,35,35
Image_6258,35,35
Image_6259,35,35
Image_6260,35,83
Image_6261,35,35
Image_6262,35,83
Image_6263,35,35
Image_6264,35,35
Image_6265,35,35
Image_6266,35,35
Image_6267,35,35
Image_6268,35,35
Image_6269,35,35
Image_6270,35,35
Image_6271,35,35
Image_6272,35,35
Image_6273,35,35
Image_6274,35,35
Image_6275,35,35
Image_6276,35,35
Image_6277,35,35
Image_6278,35,35
Image_6279,35,35
Image_6280,35,83
Image_6281,35,35
Image_6282,35,35
Image_6283,35,83
Image_6284,35,35
Image_6285,35,35
Image_6286,35,113
Image_6287,35,35
Image_6288,35,35
Image_6289,35,35
Image_6290,35,35
Image_6291,35,83
Image_6292,35,35
Image_6293,35,35
Image_6294,35,35
Image_6295,35,83
Image_6296,35,35
Image_6297,35,35
Image_6298,35,35
Image_6299,35,35
Image_6300,35,35
Image_6301,35,35
Image_6302,35,35
Image_6303,35,35
Image_6304,35,35
Image_6305,35,35
Image_6306,35,35
Image_6307,35,35
Image_6308,35,35
Image_6309,35,35
Image_6310,35,35
Image_6311,35,35
Image_6312,35,35
Image_6313,35,35
Image_6314,35,35
Image_6315,35,35
Image_6316,35,35
Image_6317,35,35
Image_6318,35,35
Image_6319,35,35
Image_6320,35,35
Image_6321,35,35
Image_6322,35,35
Image_6323,35,35
Image_6324,35,35
Image_6325,35,35
Image_6326,35,35
Image_6327,35,35
Image_6328,35,35
Image_6329,35,113
Image_6330,35,35
Image_6331,35,35
Image_6332,35,83
Image_6333,35,113
Image_6334,35,83
Image_6335,35,35
Image_6336,35,35
Image_6337,35,35
Image_6338,35,35
Image_6339,35,35
Image_6340,35,83
Image_6341,35,35
Image_6342,35,35
Image_6343,35,35
Image_6344,36,36
Image_6345,36,36
Image_6346,36,36
Image_6347,36,36
Image_6348,36,36
Image_6349,36,36
Image_6350,36,36
Image_6351,36,36
Image_6352,36,36
Image_6353,36,36
Image_6354,36,36
Image_6355,36,36
Image_6356,36,36
Image_6357,36,36
Image_6358,36,36
Image_6359,36,36
Image_6360,36,36
Image_6361,36,36
Image_6362,36,36
Image_6363,36,36
Image_6364,36,36
Image_6365,36,36
Image_6366,36,36
Image_6367,36,36
Image_6368,36,36
Image_6369,36,36
Image_6370,36,36
Image_6371,36,36
Image_6372,36,36
Image_6373,36,36
Image_6374,36,36
Image_6375,36,36
Image_6376,36,36
Image_6377,36,36
Image_6378,36,36
Image_6379,36,36
Image_6380,36,36
Image_6381,36,36
Image_6382,36,36
Image_6383,36,36
Image_6384,36,36
Image_6385,36,36
Image_6386,36,36
Image_6387,36,36
Image_6388,36,36
Image_6389,36,36
Image_6390,36,36
Image_6391,36,36
Image_6392,36,36
Image_6393,36,36
Image_6394,36,36
Image_6395,36,36
Image_6396,36,36
Image_6397,36,36
Image_6398,36,36
Image_6399,36,36
Image_6400,36,36
Image_6401,36,36
Image_6402,36,36
Image_6403,36,36
Image_6404,36,36
Image_6405,36,36
Image_6406,36,36
Image_6407,36,36
Image_6408,36,36
Image_6409,36,36
Image_6410,36,36
Image_6411,36,36
Image_6412,36,36
Image_6413,36,36
Image_6414,36,36
Image_6415,36,36
Image_6416,36,36
Image_6417,36,36
Image_6418,36,36
Image_6419,36,36
Image_6420,36,36
Image_6421,36,36
Image_6422,36,36
Image_6423,36,36
Image_6424,36,36
Image_6425,36,36
Image_6426,36,36
Image_6427,36,36
Image_6428,36,36
Image_6429,36,36
Image_6430,36,36
Image_6431,36,36
Image_6432,36,36
Image_6433,36,36
Image_6434,36,36
Image_6435,36,36
Image_6436,36,36
Image_6437,36,36
Image_6438,36,36
Image_6439,36,36
Image_6440,37,37
Image_6441,37,37
Image_6442,37,37
Image_6443,37,37
Image_6444,37,37
Image_6445,37,37
Image_6446,37,37
Image_6447,37,37
Image_6448,37,37
Image_6449,37,37
Image_6450,37,37
Image_6451,37,37
Image_6452,37,37
Image_6453,37,37
Image_6454,37,37
Image_6455,37,37
Image_6456,37,37
Image_6457,37,37
Image_6458,37,37
Image_6459,37,37
Image_6460,37,37
Image_6461,37,37
Image_6462,37,37
Image_6463,37,37
Image_6464,37,37
Image_6465,37,37
Image_6466,37,37
Image_6467,37,37
Image_6468,37,37
Image_6469,37,37
Image_6470,37,37
Image_6471,37,37
Image_6472,37,37
Image_6473,37,37
Image_6474,37,37
Image_6475,37,37
Image_6476,37,37
Image_6477,37,37
Image_6478,37,37
Image_6479,37,37
Image_6480,37,37
Image_6481,37,37
Image_6482,37,37
Image_6483,37,37
Image_6484,37,37
Image_6485,37,37
Image_6486,37,37
Image_6487,37,37
Image_6488,37,37
Image_6489,37,37
Image_6490,37,37
Image_6491,37,37
Image_6492,37,37
Image_6493,37,37
Image_6494,37,37
Image_6495,37,37
Image_6496,37,37
Image_6497,37,37
Image_6498,37,37
Image_6499,37,37
Image_6500,37,37
Image_6501,37,37
Image_6502,37,37
Image_6503,37,37
Image_6504,37,37
Image_6505,37,37
Image_6506,37,37
Image_6507,37,37
Image_6508,37,37
Image_6509,37,37
Image_6510,37,37
Image_6511,37,37
Image_6512,37,37
Image_6513,37,37
Image_6514,37,37
Image_6515,37,37
Image_6516,37,37
Image_6517,37,37
Image_6518,37,37
Image_6519,37,37
Image_6520,37,37
Image_6521,37,37
Image_6522,37,37
Image_6523,37,37
Image_6524,37,37
Image_6525,37,37
Image_6526,37,37
Image_6527,37,37
Image_6528,37,37
Image_6529,37,37
Image_6530,37,37
Image_6531,37,37
Image_6532,37,37
Image_6533,37,37
Image_6534,37,37
Image_6535,37,37
Image_6536,37,37
Image_6537,37,37
Image_6538,37,37
Image_6539,37,37
Image_6540,37,37
Image_6541,37,37
Image_6542,37,37
Image_6543,37,37
Image_6544,37,37
Image_6545,37,37
Image_6546,37,37
Image_6547,37,37
Image_6548,37,37
Image_6549,37,37
Image_6550,37,37
Image_6551,37,37
Image_6552,37,37
Image_6553,37,37
Image_6554,37,37
Image_6555,37,37
Image_6556,37,37
Image_6557,37,37
Image_6558,37,37
Image_6559,37,37
Image_6560,37,37
Image_6561,37,37
Image_6562,37,37
Image_6563,37,37
Image_6564,37,37
Image_6565,37,37
Image_6566,37,37
Image_6567,37,37
Image_6568,37,37
Image_6569,37,37
Image_6570,37,37
Image_6571,37,37
Image_6572,37,37
Image_6573,37,37
Image_6574,37,37
Image_6575,37,37
Image_6576,37,37
Image_6577,37,37
Image_6578,37,37
Image_6579,37,37
Image_6580,37,37
Image_6581,37,37
Image_6582,37,37
Image_6583,37,37
Image_6584,37,37
Image_6585,37,37
Image_6586,37,37
Image_6587,37,37
Image_6588,37,37
Image_6589,37,37
Image_6590,37,37
Image_6591,37,37
Image_6592,37,37
Image_6593,37,37
Image_6594,37,37
Image_6595,38,38
Image_6596,38,38
Image_6597,38,38
Image_6598,38,38
Image_6599,38,38
Image_6600,38,38
Image_6601,38,38
Image_6602,38,38
Image_6603,38,38
Image_6604,38,38
Image_6605,38,38
Image_6606,38,38
Image_6607,38,38
Image_6608,38,38
Image_6609,38,38
Image_6610,38,38
Image_6611,38,38
Image_6612,38,38
Image_6613,38,38
Image_6614,38,38
Image_6615,38,38
Image_6616,38,38
Image_6617,38,38
Image_6618,38,38
Image_6619,38,38
Image_6620,38,38
Image_6621,38,38
Image_6622,38,38
Image_6623,38,38
Image_6624,38,38
Image_6625,38,38
Image_6626,38,38
Image_6627,38,38
Image_6628,38,38
Image_6629,38,38
Image_6630,38,38
Image_6631,38,38
Image_6632,38,38
Image_6633,38,38
Image_6634,38,38
Image_6635,38,38
Image_6636,38,38
Image_6637,38,38
Image_6638,38,38
Image_6639,38,38
Image_6640,38,38
Image_6641,38,38
Image_6642,38,38
Image_6643,38,38
Image_6644,38,38
Image_6645,38,38
Image_6646,38,38
Image_6647,38,38
Image_6648,38,38
Image_6649,38,38
Image_6650,38,38
Image_6651,38,38
Image_6652,38,38
Image_6653,38,38
Image_6654,38,38
Image_6655,38,38
Image_6656,38,38
Image_6657,38,38
Image_6658,38,38
Image_6659,38,38
Image_6660,38,38
Image_6661,38,38
Image_6662,38,38
Image_6663,38,38
Image_6664,38,38
Image_6665,38,38
Image_6666,38,38
Image_6667,38,38
Image_6668,38,38
Image_6669,38,38
Image_6670,38,38
Image_6671,38,38
Image_6672,38,38
Image_6673,38,38
Image_6674,38,38
Image_6675,38,38
Image_6676,38,38
Image_6677,38,38
Image_6678,38,38
Image_6679,38,38
Image_6680,38,38
Image_6681,38,38
Image_6682,38,38
Image_6683,38,38
Image_6684,38,38
Image_6685,38,38
Image_6686,38,38
Image_6687,38,38
Image_6688,38,38
Image_6689,38,38
Image_6690,38,38
Image_6691,38,38
Image_6692,38,38
Image_6693,38,38
Image_6694,38,38
Image_6695,38,38
Image_6696,38,38
Image_6697,38,38
Image_6698,38,38
Image_6699,38,38
Image_6700,38,38
Image_6701,38,38
Image_6702,38,38
Image_6703,38,38
Image_6704,38,38
Image_6705,38,38
Image_6706,38,38
Image_6707,38,38
Image_6708,38,38
Image_6709,38,38
Image_6710,38,38
Image_6711,38,38
Image_6712,38,38
Image_6713,38,38
Image_6714,38,38
Image_6715,38,38
Image_6716,38,38
Image_6717,38,38
Image_6718,38,38
Image_6719,38,38
Image_6720,38,38
Image_6721,38,38
Image_6722,38,38
Image_6723,38,38
Image_6724,38,38
Image_6725,38,38
Image_6726,38,38
Image_6727,38,38
Image_6728,38,38
Image_6729,38,38
Image_6730,38,38
Image_6731,38,38
Image_6732,38,38
Image_6733,38,38
Image_6734,38,38
Image_6735,38,38
Image_6736,38,38
Image_6737,38,38
Image_6738,38,38
Image_6739,38,38
Image_6740,38,38
Image_6741,38,38
Image_6742,38,38
Image_6743,38,38
Image_6744,38,38
Image_6745,38,38
Image_6746,38,38
Image_6747,38,38
Image_6748,38,38
Image_6749,38,38
Image_6750,38,38
Image_6751,38,38
Image_6752,38,38
Image_6753,39,39
Image_6754,39,39
Image_6755,39,39
Image_6756,39,39
Image_6757,39,39
Image_6758,39,39
Image_6759,39,39
Image_6760,39,39
Image_6761,39,39
Image_6762,39,39
Image_6763,39,39
Image_6764,39,39
Image_6765,39,39
Image_6766,39,39
Image_6767,39,39
Image_6768,39,39
Image_6769,39,39
Image_6770,39,39
Image_6771,39,39
Image_6772,39,39
Image_6773,39,39
Image_6774,39,39
Image_6775,39,39
Image_6776,39,39
Image_6777,39,39
Image_6778,39,39
Image_6779,39,39
Image_6780,39,39
Image_6781,39,39
Image_6782,39,39
Image_6783,39,39
Image_6784,39,39
Image_6785,39,39
Image_6786,39,39
Image_6787,39,39
Image_6788,39,39
Image_6789,39,39
Image_6790,39,39
Image_6791,39,39
Image_6792,39,39
Image_6793,39,39
Image_6794,39,39
Image_6795,39,39
Image_6796,39,39
Image_6797,39,39
Image_6798,39,39
Image_6799,39,39
Image_6800,39,39
Image_6801,39,39
Image_6802,39,39
Image_6803,39,39
Image_6804,39,39
Image_6805,39,39
Image_6806,39,39
Image_6807,39,39
Image_6808,39,39
Image_6809,39,39
Image_6810,39,39
Image_6811,39,39
Image_6812,39,39
Image_6813,39,39
Image_6814,39,39
Image_6815,39,39
Image_6816,39,39
Image_6817,39,39
Image_6818,39,39
Image_6819,39,39
Image_6820,39,39
Image_6821,39,39
Image_6822,39,39
Image_6823,39,39
Image_6824,39,39
Image_6825,39,39
Image_6826,39,39
Image_6827,39,39
Image_6828,39,39
Image_6829,39,39
Image_6830,39,39
Image_6831,39,39
Image_6832,39,39
Image_6833,39,39
Image_6834,39,39
Image_6835,39,39
Image_6836,39,39
Image_6837,39,39
Image_6838,39,39
Image_6839,39,39
Image_6840,39,39
Image_6841,39,39
Image_6842,39,39
Image_6843,39,39
Image_6844,39,39
Image_6845,39,39
Image_6846,39,39
Image_6847,39,39
Image_6848,39,39
Image_6849,39,39
Image_6850,39,39
Image_6851,39,39
Image_6852,39,39
Image_6853,39,39
Image_6854,39,39
Image_6855,39,39
Image_6856,39,39
Image_6857,39,39
Image_6858,39,39
Image_6859,39,39
Image_6860,39,39
Image_6861,39,39
Image_6862,39,39
Image_6863,39,39
Image_6864,39,39
Image_6865,39,39
Image_6866,39,39
Image_6867,39,39
Image_6868,39,39
Image_6869,39,39
Image_6870,39,39
Image_6871,39,39
Image_6872,39,39
Image_6873,39,39
Image_6874,39,39
Image_6875,39,39
Image_6876,39,39
Image_6877,39,39
Image_6878,39,39
Image_6879,39,39
Image_6880,39,39
Image_6881,39,39
Image_6882,39,39
Image_6883,39,39
Image_6884,39,39
Image_6885,39,39
Image_6886,39,39
Image_6887,39,39
Image_6888,39,39
Image_6889,39,39
Image_6890,39,39
Image_6891,39,39
Image_6892,39,39
Image_6893,39,39
Image_6894,39,39
Image_6895,39,39
Image_6896,39,39
Image_6897,39,39
Image_6898,39,39
Image_6899,39,39
Image_6900,39,39
Image_6901,39,39
Image_6902,39,39
Image_6903,39,39
Image_6904,39,39
Image_6905,39,39
Image_6906,39,39
Image_6907,39,39
Image_6908,39,39
Image_6909,40,40
Image_6910,40,40
Image_6911,40,40
Image_6912,40,40
Image_6913,40,40
Image_6914,40,40
Image_6915,40,40
Image_6916,40,79
Image_6917,40,79
Image_6918,40,40
Image_6919,40,40
Image_6920,40,40
Image_6921,40,40
Image_6922,40,79
Image_6923,40,40
Image_6924,40,40
Image_6925,40,40
Image_6926,40,40
Image_6927,40,40
Image_6928,40,40
Image_6929,40,40
Image_6930,40,40
Image_6931,40,40
Image_6932,40,40
Image_6933,40,40
Image_6934,40,40
Image_6935,40,40
Image_6936,40,40
Image_6937,40,40
Image_6938,40,40
Image_6939,40,40
Image_6940,40,40
Image_6941,40,40
Image_6942,40,40
Image_6943,40,40
Image_6944,40,40
Image_6945,40,40
Image_6946,40,79
Image_6947,40,40
Image_6948,40,40
Image_6949,40,79
Image_6950,40,40
Image_6951,40,40
Image_6952,40,40
Image_6953,40,40
Image_6954,40,79
Image_6955,40,40
Image_6956,40,40
Image_6957,40,40
Image_6958,40,40
Image_6959,40,79
Image_6960,40,79
Image_6961,40,40
Image_6962,40,40
Image_6963,40,40
Image_6964,40,79
Image_6965,40,40
Image_6966,40,40
Image_6967,40,40
Image_6968,40,40
Image_6969,40,40
Image_6970,40,79
Image_6971,40,40
Image_6972,40,40
Image_6973,40,40
Image_6974,40,40
Image_6975,40,40
Image_6976,40,40
Image_6977,40,79
Image_6978,40,40
Image_6979,40,40
Image_6980,40,40
Image_6981,40,40
Image_6982,40,40
Image_6983,40,40
Image_6984,40,40
Image_6985,40,79
Image_6986,40,40
Image_6987,40,40
Image_6988,40,79
Image_6989,40,40
Image_6990,40,40
Image_6991,40,40
Image_6992,40,40
Image_6993,40,41
Image_6994,40,40
Image_6995,40,40
Image_6996,40,40
Image_6997,40,40
Image_6998,40,40
Image_6999,40,40
Image_7000,40,40
Image_7001,40,40
Image_7002,40,40
Image_7003,40,40
Image_7004,40,41
Image_7005,40,40
Image_7006,40,40
Image_7007,40,40
Image_7008,40,41
Image_7009,40,40
Image_7010,40,40
Image_7011,40,79
Image_7012,40,79
Image_7013,40,40
Image_7014,40,40
Image_7015,40,40
Image_7016,40,40
Image_7017,40,79
Image_7018,40,40
Image_7019,40,40
Image_7020,40,40
Image_7021,40,40
Image_7022,40,40
Image_7023,40,41
Image_7024,40,40
Image_7025,40,40
Image_7026,40,40
Image_7027,40,40
Image_7028,40,40
Image_7029,40,40
Image_7030,40,40
Image_7031,40,40
Image_7032,40,40
Image_7033,40,40
Image_7034,40,40
Image_7035,40,79
Image_7036,40,40
Image_7037,40,40
Image_7038,40,40
Image_7039,40,40
Image_7040,40,40
Image_7041,40,40
Image_7042,40,40
Image_7043,40,40
Image_7044,40,40
Image_7045,40,40
Image_7046,40,40
Image_7047,40,41
Image_7048,40,40
Image_7049,40,40
Image_7050,40,40
Image_7051,40,40
Image_7052,40,40
Image_7053,40,40
Image_7054,40,40
Image_7055,40,40
Image_7056,40,40
Image_7057,40,40
Image_7058,40,40
Image_7059,40,40
Image_7060,40,40
Image_7061,40,40
Image_7062,40,40
Image_7063,40,40
Image_7064,40,40
Image_7065,40,40
Image_7066,41,41
Image_7067,41,41
Image_7068,41,41
Image_7069,41,41
Image_7070,41,41
Image_7071,41,41
Image_7072,41,13
Image_7073,41,13
Image_7074,41,41
Image_7075,41,41
Image_7076,41,41
Image_7077,41,41
Image_7078,41,41
Image_7079,41,41
Image_7080,41,41
Image_7081,41,41
Image_7082,41,41
Image_7083,41,41
Image_7084,41,41
Image_7085,41,41
Image_7086,41,41
Image_7087,41,41
Image_7088,41,41
Image_7089,41,41
Image_7090,41,41
Image_7091,41,41
Image_7092,41,41
Image_7093,41,41
Image_7094,41,41
Image_7095,41,41
Image_7096,41,41
Image_7097,41,41
Image_7098,41,41
Image_7099,41,41
Image_7100,41,41
Image_7101,41,41
Image_7102,41,41
Image_7103,41,41
Image_7104,41,41
Image_7105,41,13
Image_7106,41,41
Image_7107,41,41
Image_7108,41,41
Image_7109,41,41
Image_7110,41,41
Image_7111,41,41
Image_7112,41,41
Image_7113,41,41
Image_7114,41,41
Image_7115,41,41
Image_7116,41,41
Image_7117,41,41
Image_7118,41,41
Image_7119,41,41
Image_7120,41,41
Image_7121,41,41
Image_7122,41,41
Image_7123,41,41
Image_7124,41,41
Image_7125,41,41
Image_7126,41,41
Image_7127,41,41
Image_7128,41,41
Image_7129,41,41
Image_7130,41,41
Image_7131,41,41
Image_7132,41,41
Image_7133,41,41
Image_7134,41,41
Image_7135,41,41
Image_7136,41,41
Image_7137,41,41
Image_7138,41,41
Image_7139,41,41
Image_7140,41,41
Image_7141,41,41
Image_7142,41,41
Image_7143,41,41
Image_7144,41,41
Image_7145,41,41
Image_7146,41,41
Image_7147,41,41
Image_7148,41,41
Image_7149,41,41
Image_7150,41,41
Image_7151,41,41
Image_7152,41,41
Image_7153,41,41
Image_7154,41,41
Image_7155,41,41
Image_7156,41,41
Image_7157,41,41
Image_7158,41,13
Image_7159,41,41
Image_7160,41,41
Image_7161,41,41
Image_7162,41,41
Image_7163,41,41
Image_7164,41,41
Image_7165,41,41
Image_7166,41,41
Image_7167,41,41
Image_7168,41,41
Image_7169,41,41
Image_7170,41,41
Image_7171,41,41
Image_7172,41,41
Image_7173,41,41
Image_7174,41,41
Image_7175,41,41
Image_7176,41,41
Image_7177,41,41
Image_7178,41,41
Image_7179,41,41
Image_7180,41,41
Image_7181,41,41
Image_7182,41,41
Image_7183,41,41
Image_7184,41,41
Image_7185,41,41
Image_7186,41,41
Image_7187,41,41
Image_7188,41,41
Image_7189,41,41
Image_7190,41,41
Image_7191,41,41
Image_7192,41,41
Image_7193,41,41
Image_7194,41,41
Image_7195,41,41
Image_7196,41,41
Image_7197,41,41
Image_7198,41,41
Image_7199,41,41
Image_7200,41,41
Image_7201,41,41
Image_7202,41,41
Image_7203,41,41
Image_7204,41,41
Image_7205,41,41
Image_7206,41,41
Image_7207,41,41
Image_7208,41,41
Image_7209,41,41
Image_7210,41,41
Image_7211,41,41
Image_7212,41,41
Image_7213,41,41
Image_7214,41,41
Image_7215,41,41
Image_7216,41,41
Image_7217,41,41
Image_7218,41,41
Image_7219,41,41
Image_7220,41,41
Image_7221,41,41
Image_7222,41,41
Image_7223,42,42
Image_7224,42,42
Image_7225,42,42
Image_7226,42,42
Image_7227,42,42
Image_7228,42,65
Image_7229,42,42
Image_7230,42,42
Image_7231,42,70
Image_7232,42,42
Image_7233,42,42
Image_7234,42,42
Image_7235,42,42
Image_7236,42,42
Image_7237,42,42
Image_7238,42,42
Image_7239,42,48
Image_7240,42,42
Image_7241,42,42
Image_7242,42,42
Image_7243,42,42
Image_7244,42,42
Image_7245,42,42
Image_7246,42,42
Image_7247,42,42
Image_7248,42,42
Image_7249,42,42
Image_7250,42,42
Image_7251,42,42
Image_7252,42,42
Image_7253,42,42
Image_7254,42,42
Image_7255,42,42
Image_7256,42,42
Image_7257,42,42
Image_7258,42,42
Image_7259,42,42
Image_7260,42,42
Image_7261,42,42
Image_7262,42,42
Image_7263,42,42
Image_7264,42,42
Image_7265,42,42
Image_7266,42,42
Image_7267,42,42
Image_7268,42,42
Image_7269,42,42
Image_7270,42,42
Image_7271,42,42
Image_7272,42,42
Image_7273,42,42
Image_7274,42,42
Image_7275,42,42
Image_7276,42,42
Image_7277,42,42
Image_7278,42,42
Image_7279,42,42
Image_7280,42,42
Image_7281,42,42
Image_7282,42,42
Image_7283,42,42
Image_7284,42,42
Image_7285,42,42
Image_7286,42,48
Image_7287,42,99
Image_7288,42,42
Image_7289,42,48
Image_7290,42,42
Image_7291,42,42
Image_7292,42,42
Image_7293,42,42
Image_7294,42,42
Image_7295,42,42
Image_7296,42,42
Image_7297,42,42
Image_7298,42,42
Image_7299,42,42
Image_7300,42,42
Image_7301,42,42
Image_7302,42,42
Image_7303,42,42
Image_7304,42,42
Image_7305,42,42
Image_7306,42,42
Image_7307,42,42
Image_7308,42,99
Image_7309,42,42
Image_7310,42,42
Image_7311,42,42
Image_7312,42,42
Image_7313,42,99
Image_7314,42,42
Image_7315,42,42
Image_7316,42,42
Image_7317,42,42
Image_7318,42,42
Image_7319,42,122
Image_7320,42,42
Image_7321,42,42
Image_7322,42,42
Image_7323,42,42
Image_7324,42,42
Image_7325,42,42
Image_7326,42,99
Image_7327,42,42
Image_7328,42,42
Image_7329,42,42
Image_7330,42,42
Image_7331,42,99
Image_7332,42,42
Image_7333,42,42
Image_7334,42,42
Image_7335,42,42
Image_7336,42,42
Image_7337,42,42
Image_7338,42,122
Image_7339,42,42
Image_7340,42,42
Image_7341,42,42
Image_7342,42,42
Image_7343,42,42
Image_7344,42,42
Image_7345,42,42
Image_7346,42,99
Image_7347,42,42
Image_7348,42,42
Image_7349,42,42
Image_7350,42,70
Image_7351,42,42
Image_7352,42,42
Image_7353,42,42
Image_7354,42,42
Image_7355,42,42
Image_7356,42,42
Image_7357,42,42
Image_7358,42,42
Image_7359,42,42
Image_7360,42,42
Image_7361,42,42
Image_7362,42,42
Image_7363,42,42
Image_7364,42,42
Image_7365,42,70
Image_7366,42,42
Image_7367,42,65
Image_7368,42,42
Image_7369,42,42
Image_7370,43,31
Image_7371,43,43
Image_7372,43,43
Image_7373,43,43
Image_7374,43,43
Image_7375,43,43
Image_7376,43,43
Image_7377,43,43
Image_7378,43,43
Image_7379,43,43
Image_7380,43,43
Image_7381,43,43
Image_7382,43,43
Image_7383,43,43
Image_7384,43,43
Image_7385,43,43
Image_7386,43,43
Image_7387,43,43
Image_7388,43,43
Image_7389,43,43
Image_7390,43,43
Image_7391,43,43
Image_7392,43,43
Image_7393,43,31
Image_7394,43,43
Image_7395,43,43
Image_7396,43,43
Image_7397,43,43
Image_7398,43,43
Image_7399,43,43
Image_7400,43,43
Image_7401,43,43
Image_7402,43,43
Image_7403,43,43
Image_7404,43,43
Image_7405,43,43
Image_7406,43,43
Image_7407,43,43
Image_7408,43,43
Image_7409,43,43
Image_7410,43,43
Image_7411,43,43
Image_7412,43,43
Image_7413,43,43
Image_7414,43,31
Image_7415,43,43
Image_7416,43,43
Image_7417,43,43
Image_7418,43,43
Image_7419,43,43
Image_7420,43,43
Image_7421,43,43
Image_7422,43,43
Image_7423,43,43
Image_7424,43,43
Image_7425,43,43
Image_7426,43,43
Image_7427,43,43
Image_7428,43,43
Image_7429,43,43
Image_7430,43,43
Image_7431,43,43
Image_7432,43,31
Image_7433,43,43
Image_7434,43,43
Image_7435,43,43
Image_7436,43,43
Image_7437,43,43
Image_7438,43,43
Image_7439,43,43
Image_7440,43,43
Image_7441,43,43
Image_7442,43,43
Image_7443,43,43
Image_7444,43,43
Image_7445,43,43
Image_7446,43,43
Image_7447,43,43
Image_7448,43,43
Image_7449,43,43
Image_7450,43,43
Image_7451,43,43
Image_7452,43,43
Image_7453,43,43
Image_7454,43,43
Image_7455,43,43
Image_7456,43,43
Image_7457,43,43
Image_7458,43,43
Image_7459,43,43
Image_7460,43,43
Image_7461,43,31
Image_7462,43,43
Image_7463,43,43
Image_7464,43,43
Image_7465,43,43
Image_7466,43,43
Image_7467,43,43
Image_7468,43,43
Image_7469,43,43
Image_7470,43,43
Image_7471,43,43
Image_7472,43,43
Image_7473,43,43
Image_7474,43,43
Image_7475,43,43
Image_7476,43,43
Image_7477,43,43
Image_7478,43,31
Image_7479,43,43
Image_7480,43,43
Image_7481,43,43
Image_7482,43,43
Image_7483,43,43
Image_7484,43,43
Image_7485,43,43
Image_7486,43,43
Image_7487,43,43
Image_7488,43,43
Image_7489,43,43
Image_7490,43,43
Image_7491,43,43
Image_7492,43,43
Image_7493,43,43
Image_7494,43,43
Image_7495,43,43
Image_7496,43,43
Image_7497,43,43
Image_7498,43,43
Image_7499,43,43
Image_7500,43,43
Image_7501,43,43
Image_7502,43,43
Image_7503,43,43
Image_7504,43,43
Image_7505,43,43
Image_7506,43,43
Image_7507,43,43
Image_7508,43,43
Image_7509,43,43
Image_7510,43,43
Image_7511,43,43
Image_7512,43,43
Image_7513,43,43
Image_7514,43,43
Image_7515,43,43
Image_7516,43,43
Image_7517,44,44
Image_7518,44,44
Image_7519,44,44
Image_7520,44,44
Image_7521,44,44
Image_7522,44,44
Image_7523,44,44
Image_7524,44,44
Image_7525,44,44
Image_7526,44,44
Image_7527,44,44
Image_7528,44,44
Image_7529,44,44
Image_7530,44,44
Image_7531,44,44
Image_7532,44,44
Image_7533,44,44
Image_7534,44,44
Image_7535,44,44
Image_7536,44,44
Image_7537,44,44
Image_7538,44,44
Image_7539,44,44
Image_7540,44,44
Image_7541,44,44
Image_7542,44,44
Image_7543,44,44
Image_7544,44,44
Image_7545,44,44
Image_7546,44,44
Image_7547,44,44
Image_7548,44,44
Image_7549,44,44
Image_7550,44,44
Image_7551,44,44
Image_7552,44,44
Image_7553,44,44
Image_7554,44,44
Image_7555,44,44
Image_7556,44,44
Image_7557,44,44
Image_7558,44,44
Image_7559,44,44
Image_7560,44,44
Image_7561,44,44
Image_7562,44,44
Image_7563,44,44
Image_7564,44,44
Image_7565,44,44
Image_7566,44,44
Image_7567,44,44
Image_7568,44,44
Image_7569,44,44
Image_7570,44,44
Image_7571,44,44
Image_7572,44,44
Image_7573,44,44
Image_7574,44,44
Image_7575,44,44
Image_7576,44,44
Image_7577,44,44
Image_7578,44,44
Image_7579,44,44
Image_7580,44,44
Image_7581,44,44
Image_7582,44,44
Image_7583,44,44
Image_7584,44,44
Image_7585,44,44
Image_7586,44,44
Image_7587,44,44
Image_7588,44,44
Image_7589,44,44
Image_7590,44,44
Image_7591,44,44
Image_7592,44,44
Image_7593,44,44
Image_7594,44,44
Image_7595,44,44
Image_7596,44,44
Image_7597,44,44
Image_7598,44,44
Image_7599,44,44
Image_7600,44,44
Image_7601,44,44
Image_7602,44,44
Image_7603,44,44
Image_7604,44,44
Image_7605,44,44
Image_7606,44,44
Image_7607,44,44
Image_7608,44,44
Image_7609,44,44
Image_7610,44,44
Image_7611,44,44
Image_7612,44,44
Image_7613,44,44
Image_7614,45,45
Image_7615,45,45
Image_7616,45,45
Image_7617,45,45
Image_7618,45,45
Image_7619,45,45
Image_7620,45,45
Image_7621,45,45
Image_7622,45,45
Image_7623,45,45
Image_7624,45,45
Image_7625,45,45
Image_7626,45,45
Image_7627,45,45
Image_7628,45,45
Image_7629,45,45
Image_7630,45,45
Image_7631,45,45
Image_7632,45,45
Image_7633,45,45
Image_7634,45,45
Image_7635,45,45
Image_7636,45,45
Image_7637,45,45
Image_7638,45,45
Image_7639,45,45
Image_7640,45,45
Image_7641,45,45
Image_7642,45,116
Image_7643,45,45
Image_7644,45,45
Image_7645,45,45
Image_7646,45,116
Image_7647,45,45
Image_7648,45,45
Image_7649,45,45
Image_7650,45,45
Image_7651,45,45
Image_7652,45,45
Image_7653,45,45
Image_7654,45,45
Image_7655,45,45
Image_7656,45,45
Image_7657,45,45
Image_7658,45,45
Image_7659,45,45
Image_7660,45,45
Image_7661,45,45
Image_7662,45,45
Image_7663,45,45
Image_7664,45,45
Image_7665,45,45
Image_7666,45,45
Image_7667,45,45
Image_7668,45,45
Image_7669,45,45
Image_7670,45,45
Image_7671,45,45
Image_7672,45,45
Image_7673,45,45
Image_7674,45,45
Image_7675,45,45
Image_7676,45,45
Image_7677,45,45
Image_7678,45,45
Image_7679,45,45
Image_7680,45,45
Image_7681,45,45
Image_7682,45,45
Image_7683,45,45
Image_7684,45,45
Image_7685,45,45
Image_7686,45,45
Image_7687,45,45
Image_7688,45,45
Image_7689,45,45
Image_7690,45,45
Image_7691,45,45
Image_7692,45,45
Image_7693,45,45
Image_7694,45,45
Image_7695,45,45
Image_7696,45,45
Image_7697,45,45
Image_7698,45,116
Image_7699,45,45
Image_7700,45,45
Image_7701,45,45
Image_7702,45,45
Image_7703,45,45
Image_7704,45,45
Image_7705,45,45
Image_7706,45,45
Image_7707,45,45
Image_7708,45,45
Image_7709,45,45
Image_7710,45,45
Image_7711,45,45
Image_7712,45,45
Image_7713,45,45
Image_7714,45,45
Image_7715,45,45
Image_7716,45,45
Image_7717,45,45
Image_7718,45,116
Image_7719,45,116
Image_7720,45,45
Image_7721,45,45
Image_7722,45,45
Image_7723,45,45
Image_7724,45,45
Image_7725,45,45
Image_7726,45,45
Image_7727,45,45
Image_7728,45,45
Image_7729,45,45
Image_7730,45,45
Image_7731,45,45
Image_7732,45,45
Image_7733,45,45
Image_7734,45,45
Image_7735,45,45
Image_7736,45,45
Image_7737,45,45
Image_7738,45,45
Image_7739,45,45
Image_7740,45,45
Image_7741,45,45
Image_7742,45,45
Image_7743,45,45
Image_7744,45,45
Image_7745,45,116
Image_7746,45,45
Image_7747,45,45
Image_7748,45,45
Image_7749,45,45
Image_7750,45,45
Image_7751,45,45
Image_7752,45,45
Image_7753,45,45
Image_7754,45,45
Image_7755,45,45
Image_7756,45,45
Image_7757,45,45
Image_7758,45,45
Image_7759,45,45
Image_7760,45,113
Image_7761,45,45
Image_7762,46,16
Image_7763,46,70
Image_7764,46,46
Image_7765,46,46
Image_7766,46,46
Image_7767,46,48
Image_7768,46,46
Image_7769,46,46
Image_7770,46,46
Image_7771,46,46
Image_7772,46,46
Image_7773,46,46
Image_7774,46,46
Image_7775,46,46
Image_7776,46,46
Image_7777,46,46
Image_7778,46,9
Image_7779,46,70
Image_7780,46,85
Image_7781,46,70
Image_7782,46,46
Image_7783,46,46
Image_7784,46,46
Image_7785,46,46
Image_7786,46,46
Image_7787,46,46
Image_7788,46,46
Image_7789,46,70
Image_7790,46,42
Image_7791,46,46
Image_7792,46,16
Image_7793,46,6
Image_7794,46,46
Image_7795,46,46
Image_7796,46,46
Image_7797,46,70
Image_7798,46,16
Image_7799,46,46
Image_7800,46,46
Image_7801,46,46
Image_7802,46,16
Image_7803,46,46
Image_7804,46,46
Image_7805,46,46
Image_7806,46,46
Image_7807,46,46
Image_7808,46,46
Image_7809,46,70
Image_7810,46,46
Image_7811,46,46
Image_7812,46,46
Image_7813,46,70
Image_7814,46,85
Image_7815,46,46
Image_7816,46,46
Image_7817,46,16
Image_7818,46,16
Image_7819,46,46
Image_7820,46,85
Image_7821,46,46
Image_7822,46,70
Image_7823,46,9
Image_7824,46,46
Image_7825,46,46
Image_7826,46,70
Image_7827,46,46
Image_7828,46,6
Image_7829,46,46
Image_7830,46,46
Image_7831,46,46
Image_7832,46,70
Image_7833,46,46
Image_7834,46,16
Image_7835,46,52
Image_7836,46,16
Image_7837,46,16
Image_7838,46,46
Image_7839,46,46
Image_7840,46,46
Image_7841,46,16
Image_7842,46,46
Image_7843,46,46
Image_7844,46,16
Image_7845,46,48
Image_7846,46,46
Image_7847,46,122
Image_7848,46,46
Image_7849,46,46
Image_7850,46,46
Image_7851,46,46
Image_7852,46,46
Image_7853,46,46
Image_7854,46,46
Image_7855,46,16
Image_7856,46,46
Image_7857,46,46
Image_7858,46,70
Image_7859,46,46
Image_7860,46,46
Image_7861,46,46
Image_7862,46,46
Image_7863,46,52
Image_7864,46,85
Image_7865,46,46
Image_7866,46,46
Image_7867,46,46
Image_7868,46,46
Image_7869,46,46
Image_7870,46,46
Image_7871,46,70
Image_7872,46,46
Image_7873,46,46
Image_7874,46,85
Image_7875,46,48
Image_7876,46,46
Image_7877,46,16
Image_7878,46,46
Image_7879,46,46
Image_7880,46,46
Image_7881,46,9
Image_7882,46,16
Image_7883,46,70
Image_7884,46,46
Image_7885,46,46
Image_7886,46,70
Image_7887,46,16
Image_7888,46,46
Image_7889,46,46
Image_7890,46,16
Image_7891,46,46
Image_7892,46,46
Image_7893,46,46
Image_7894,46,85
Image_7895,46,46
Image_7896,46,46
Image_7897,46,46
Image_7898,46,46
Image_7899,46,70
Image_7900,46,46
Image_7901,46,46
Image_7902,46,46
Image_7903,46,70
Image_7904,46,9
Image_7905,46,46
Image_7906,46,46
Image_7907,46,85
Image_7908,46,46
Image_7909,47,47
Image_7910,47,47
Image_7911,47,47
Image_7912,47,47
Image_7913,47,47
Image_7914,47,47
Image_7915,47,47
Image_7916,47,47
Image_7917,47,47
Image_7918,47,47
Image_7919,47,47
Image_7920,47,47
Image_7921,47,47
Image_7922,47,47
Image_7923,47,47
Image_7924,47,47
Image_7925,47,47
Image_7926,47,47
Image_7927,47,47
Image_7928,47,47
Image_7929,47,47
Image_7930,47,47
Image_7931,47,47
Image_7932,47,47
Image_7933,47,47
Image_7934,47,47
Image_7935,47,47
Image_7936,47,47
Image_7937,47,47
Image_7938,47,47
Image_7939,47,47
Image_7940,47,47
Image_7941,47,47
Image_7942,47,47
Image_7943,47,47
Image_7944,47,47
Image_7945,47,47
Image_7946,47,47
Image_7947,47,47
Image_7948,47,47
Image_7949,47,47
Image_7950,47,47
Image_7951,47,47
Image_7952,47,47
Image_7953,47,47
Image_7954,47,47
Image_7955,47,47
Image_7956,47,47
Image_7957,47,47
Image_7958,47,47
Image_7959,47,47
Image_7960,47,47
Image_7961,47,47
Image_7962,47,47
Image_7963,47,47
Image_7964,47,47
Image_7965,47,47
Image_7966,47,47
Image_7967,47,47
Image_7968,47,47
Image_7969,47,47
Image_7970,47,47
Image_7971,47,47
Image_7972,47,47
Image_7973,47,47
Image_7974,47,47
Image_7975,47,47
Image_7976,47,47
Image_7977,47,47
Image_7978,47,47
Image_7979,47,47
Image_7980,47,47
Image_7981,47,47
Image_7982,47,47
Image_7983,47,47
Image_7984,47,47
Image_7985,47,47
Image_7986,47,47
Image_7987,47,47
Image_7988,47,47
Image_7989,47,47
Image_7990,47,47
Image_7991,47,47
Image_7992,47,47
Image_7993,47,47
Image_7994,47,47
Image_7995,47,47
Image_7996,47,47
Image_7997,47,47
Image_7998,47,47
Image_7999,47,47
Image_8000,47,47
Image_8001,47,47
Image_8002,47,47
Image_8003,47,47
Image_8004,47,47
Image_8005,47,47
Image_8006,47,47
Image_8007,47,47
Image_8008,47,47
Image_8009,47,47
Image_8010,47,47
Image_8011,47,47
Image_8012,47,47
Image_8013,47,47
Image_8014,47,47
Image_8015,47,47
Image_8016,47,47
Image_8017,47,47
Image_8018,47,47
Image_8019,47,47
Image_8020,47,47
Image_8021,47,47
Image_8022,47,47
Image_8023,47,47
Image_8024,47,47
Image_8025,47,47
Image_8026,47,47
Image_8027,47,47
Image_8028,47,47
Image_8029,47,47
Image_8030,47,47
Image_8031,47,47
Image_8032,47,47
Image_8033,47,47
Image_8034,47,47
Image_8035,47,47
Image_8036,47,47
Image_8037,47,47
Image_8038,47,47
Image_8039,47,47
Image_8040,47,47
Image_8041,47,47
Image_8042,47,47
Image_8043,47,47
Image_8044,47,47
Image_8045,47,47
Image_8046,47,47
Image_8047,47,47
Image_8048,47,47
Image_8049,47,47
Image_8050,47,47
Image_8051,47,47
Image_8052,47,47
Image_8053,47,47
Image_8054,47,47
Image_8055,47,47
Image_8056,47,47
Image_8057,47,47
Image_8058,47,47
Image_8059,47,47
Image_8060,47,47
Image_8061,47,47
Image_8062,47,47
Image_8063,47,47
Image_8064,48,48
Image_8065,48,48
Image_8066,48,48
Image_8067,48,48
Image_8068,48,48
Image_8069,48,48
Image_8070,48,48
Image_8071,48,48
Image_8072,48,48
Image_8073,48,48
Image_8074,48,48
Image_8075,48,48
Image_8076,48,48
Image_8077,48,48
Image_8078,48,48
Image_8079,48,48
Image_8080,48,48
Image_8081,48,48
Image_8082,48,48
Image_8083,48,48
Image_8084,48,48
Image_8085,48,48
Image_8086,48,48
Image_8087,48,48
Image_8088,48,48
Image_8089,48,48
Image_8090,48,48
Image_8091,48,48
Image_8092,48,48
Image_8093,48,48
Image_8094,48,48
Image_8095,48,48
Image_8096,48,48
Image_8097,48,48
Image_8098,48,48
Image_8099,48,48
Image_8100,48,48
Image_8101,48,48
Image_8102,48,48
Image_8103,48,48
Image_8104,48,48
Image_8105,48,48
Image_8106,48,48
Image_8107,48,48
Image_8108,48,48
Image_8109,48,48
Image_8110,48,48
Image_8111,48,48
Image_8112,48,48
Image_8113,48,48
Image_8114,48,48
Image_8115,48,48
Image_8116,48,48
Image_8117,48,48
Image_8118,48,48
Image_8119,48,48
Image_8120,48,48
Image_8121,48,48
Image_8122,48,48
Image_8123,48,48
Image_8124,48,48
Image_8125,48,48
Image_8126,48,48
Image_8127,48,48
Image_8128,48,48
Image_8129,48,48
Image_8130,48,48
Image_8131,48,48
Image_8132,48,48
Image_8133,48,48
Image_8134,48,48
Image_8135,48,48
Image_8136,48,48
Image_8137,48,48
Image_8138,48,48
Image_8139,48,48
Image_8140,48,48
Image_8141,48,48
Image_8142,48,48
Image_8143,48,48
Image_8144,48,48
Image_8145,48,48
Image_8146,48,48
Image_8147,48,48
Image_8148,48,48
Image_8149,48,48
Image_8150,48,48
Image_8151,48,48
Image_8152,48,48
Image_8153,48,48
Image_8154,48,48
Image_8155,48,48
Image_8156,48,48
Image_8157,48,48
Image_8158,48,48
Image_8159,48,48
Image_8160,48,48
Image_8161,48,48
Image_8162,48,48
Image_8163,48,48
Image_8164,48,48
Image_8165,48,48
Image_8166,48,48
Image_8167,48,48
Image_8168,48,48
Image_8169,48,48
Image_8170,48,48
Image_8171,48,48
Image_8172,48,48
Image_8173,48,48
Image_8174,48,48
Image_8175,48,48
Image_8176,48,48
Image_8177,48,48
Image_8178,48,48
Image_8179,48,48
Image_8180,48,48
Image_8181,48,48
Image_8182,48,48
Image_8183,48,48
Image_8184,48,48
Image_8185,48,48
Image_8186,48,48
Image_8187,48,48
Image_8188,48,48
Image_8189,48,48
Image_8190,48,48
Image_8191,48,48
Image_8192,48,48
Image_8193,48,48
Image_8194,48,48
Image_8195,48,48
Image_8196,48,48
Image_8197,48,48
Image_8198,48,48
Image_8199,48,48
Image_8200,48,48
Image_8201,48,48
Image_8202,48,48
Image_8203,48,48
Image_8204,48,48
Image_8205,48,48
Image_8206,48,48
Image_8207,48,48
Image_8208,48,48
Image_8209,48,48
Image_8210,48,48
Image_8211,48,48
Image_8212,48,48
Image_8213,48,48
Image_8214,48,48
Image_8215,48,48
Image_8216,48,48
Image_8217,48,48
Image_8218,48,48
Image_8219,48,48
Image_8220,48,48
Image_8221,48,48
Image_8222,48,48
Image_8223,48,48
Image_8224,48,48
Image_8225,48,48
Image_8226,48,48
Image_8227,48,48
Image_8228,48,48
Image_8229,48,48
Image_8230,48,48
Image_8231,48,48
Image_8232,48,48
Image_8233,48,48
Image_8234,48,48
Image_8235,48,48
Image_8236,48,48
Image_8237,48,48
Image_8238,48,48
Image_8239,48,48
Image_8240,48,48
Image_8241,48,48
Image_8242,48,48
Image_8243,48,48
Image_8244,48,48
Image_8245,48,48
Image_8246,48,48
Image_8247,48,48
Image_8248,48,48
Image_8249,48,48
Image_8250,48,48
Image_8251,48,48
Image_8252,48,48
Image_8253,48,48
Image_8254,48,48
Image_8255,48,48
Image_8256,48,48
Image_8257,48,48
Image_8258,48,48
Image_8259,48,48
Image_8260,48,48
Image_8261,48,48
Image_8262,48,48
Image_8263,48,48
Image_8264,48,48
Image_8265,48,48
Image_8266,48,48
Image_8267,48,48
Image_8268,48,48
Image_8269,48,48
Image_8270,48,48
Image_8271,48,48
Image_8272,48,48
Image_8273,48,48
Image_8274,48,48
Image_8275,48,48
Image_8276,48,48
Image_8277,48,48
Image_8278,48,48
Image_8279,48,48
Image_8280,48,48
Image_8281,48,48
Image_8282,48,48
Image_8283,48,48
Image_8284,48,48
Image_8285,48,48
Image_8286,48,48
Image_8287,48,48
Image_8288,48,48
Image_8289,48,48
Image_8290,48,48
Image_8291,48,48
Image_8292,48,48
Image_8293,48,48
Image_8294,48,48
Image_8295,48,48
Image_8296,48,48
Image_8297,48,48
Image_8298,48,48
Image_8299,48,48
Image_8300,48,48
Image_8301,48,48
Image_8302,48,48
Image_8303,48,48
Image_8304,48,48
Image_8305,49,49
Image_8306,49,49
Image_8307,49,49
Image_8308,49,49
Image_8309,49,49
Image_8310,49,49
Image_8311,49,49
Image_8312,49,49
Image_8313,49,49
Image_8314,49,49
Image_8315,49,49
Image_8316,49,49
Image_8317,49,49
Image_8318,49,49
Image_8319,49,49
Image_8320,49,49
Image_8321,49,49
Image_8322,49,49
Image_8323,49,49
Image_8324,49,49
Image_8325,49,49
Image_8326,49,49
Image_8327,49,49
Image_8328,49,49
Image_8329,49,49
Image_8330,49,49
Image_8331,49,49
Image_8332,49,49
Image_8333,49,49
Image_8334,49,49
Image_8335,49,49
Image_8336,49,49
Image_8337,49,49
Image_8338,49,49
Image_8339,49,49
Image_8340,49,49
Image_8341,49,49
Image_8342,49,49
Image_8343,49,49
Image_8344,49,49
Image_8345,49,49
Image_8346,49,49
Image_8347,49,49
Image_8348,49,49
Image_8349,49,49
Image_8350,49,49
Image_8351,49,49
Image_8352,49,49
Image_8353,49,49
Image_8354,49,49
Image_8355,49,49
Image_8356,49,49
Image_8357,49,49
Image_8358,49,49
Image_8359,49,49
Image_8360,49,49
Image_8361,49,49
Image_8362,49,49
Image_8363,49,49
Image_8364,49,49
Image_8365,49,49
Image_8366,49,49
Image_8367,49,49
Image_8368,49,49
Image_8369,49,49
Image_8370,49,49
Image_8371,49,49
Image_8372,49,49
Image_8373,49,49
Image_8374,49,49
Image_8375,49,49
Image_8376,49,49
Image_8377,49,49
Image_8378,49,49
Image_8379,49,49
Image_8380,49,49
Image_8381,49,49
Image_8382,49,49
Image_8383,49,49
Image_8384,49,49
Image_8385,49,49
Image_8386,49,49
Image_8387,49,49
Image_8388,49,49
Image_8389,49,49
Image_8390,49,49
Image_8391,49,49
Image_8392,49,49
Image_8393,49,49
Image_8394,49,49
Image_8395,49,49
Image_8396,49,49
Image_8397,49,49
Image_8398,49,49
Image_8399,49,49
Image_8400,49,49
Image_8401,49,49
Image_8402,49,49
Image_8403,49,49
Image_8404,49,49
Image_8405,49,49
Image_8406,49,49
Image_8407,49,49
Image_8408,49,49
Image_8409,49,49
Image_8410,49,49
Image_8411,49,49
Image_8412,49,49
Image_8413,49,49
Image_8414,49,49
Image_8415,49,49
Image_8416,49,49
Image_8417,49,49
Image_8418,49,49
Image_8419,49,49
Image_8420,49,49
Image_8421,49,49
Image_8422,49,49
Image_8423,49,49
Image_8424,49,49
Image_8425,49,49
Image_8426,49,49
Image_8427,49,49
Image_8428,49,49
Image_8429,49,49
Image_8430,49,49
Image_8431,49,49
Image_8432,49,49
Image_8433,49,49
Image_8434,49,49
Image_8435,49,49
Image_8436,49,49
Image_8437,49,49
Image_8438,49,49
Image_8439,49,49
Image_8440,49,49
Image_8441,49,49
Image_8442,49,49
Image_8443,49,49
Image_8444,49,49
Image_8445,49,49
Image_8446,49,49
Image_8447,49,49
Image_8448,49,49
Image_8449,49,49
Image_8450,49,49
Image_8451,49,49
Image_8452,49,49
Image_8453,49,49
Image_8454,49,49
Image_8455,49,49
Image_8456,49,49
Image_8457,49,49
Image_8458,49,49
Image_8459,49,49
Image_8460,49,49
Image_8461,50,50
Image_8462,50,50
Image_8463,50,50
Image_8464,50,50
Image_8465,50,50
Image_8466,50,50
Image_8467,50,50
Image_8468,50,50
Image_8469,50,50
Image_8470,50,50
Image_8471,50,50
Image_8472,50,50
Image_8473,50,50
Image_8474,50,50
Image_8475,50,50
Image_8476,50,50
Image_8477,50,50
Image_8478,50,50
Image_8479,50,50
Image_8480,50,50
Image_8481,50,50
Image_8482,50,50
Image_8483,50,50
Image_8484,50,50
Image_8485,50,50
Image_8486,50,50
Image_8487,50,50
Image_8488,50,50
Image_8489,50,50
Image_8490,50,50
Image_8491,50,50
Image_8492,50,50
Image_8493,50,50
Image_8494,50,50
Image_8495,50,50
Image_8496,50,50
Image_8497,50,50
Image_8498,50,50
Image_8499,50,50
Image_8500,50,50
Image_8501,50,50
Image_8502,50,50
Image_8503,50,50
Image_8504,50,50
Image_8505,50,50
Image_8506,50,50
Image_8507,50,50
Image_8508,50,50
Image_8509,50,50
Image_8510,50,50
Image_8511,50,50
Image_8512,50,50
Image_8513,50,50
Image_8514,50,50
Image_8515,50,50
Image_8516,50,50
Image_8517,50,50
Image_8518,50,50
Image_8519,50,50
Image_8520,50,50
Image_8521,50,50
Image_8522,50,50
Image_8523,50,50
Image_8524,50,50
Image_8525,50,50
Image_8526,50,50
Image_8527,50,50
Image_8528,50,50
Image_8529,50,50
Image_8530,50,50
Image_8531,50,50
Image_8532,50,50
Image_8533,50,50
Image_8534,50,50
Image_8535,50,50
Image_8536,50,50
Image_8537,50,50
Image_8538,50,50
Image_8539,50,50
Image_8540,50,50
Image_8541,50,50
Image_8542,50,50
Image_8543,50,50
Image_8544,50,50
Image_8545,50,50
Image_8546,50,50
Image_8547,50,50
Image_8548,50,50
Image_8549,50,50
Image_8550,50,50
Image_8551,50,50
Image_8552,50,50
Image_8553,50,50
Image_8554,50,50
Image_8555,50,50
Image_8556,50,50
Image_8557,50,50
Image_8558,50,50
Image_8559,50,50
Image_8560,50,50
Image_8561,50,50
Image_8562,50,50
Image_8563,50,50
Image_8564,50,50
Image_8565,50,50
Image_8566,50,50
Image_8567,50,50
Image_8568,50,50
Image_8569,50,50
Image_8570,50,50
Image_8571,50,50
Image_8572,50,50
Image_8573,50,50
Image_8574,50,50
Image_8575,50,50
Image_8576,50,50
Image_8577,50,50
Image_8578,50,50
Image_8579,50,50
Image_8580,50,50
Image_8581,50,50
Image_8582,50,50
Image_8583,50,50
Image_8584,50,50
Image_8585,50,50
Image_8586,50,50
Image_8587,50,50
Image_8588,50,50
Image_8589,50,50
Image_8590,50,50
Image_8591,50,50
Image_8592,50,50
Image_8593,50,50
Image_8594,50,50
Image_8595,50,50
Image_8596,50,50
Image_8597,50,50
Image_8598,50,50
Image_8599,50,50
Image_8600,50,50
Image_8601,50,50
Image_8602,50,50
Image_8603,50,50
Image_8604,50,50
Image_8605,50,50
Image_8606,50,50
Image_8607,50,50
Image_8608,50,50
Image_8609,50,50
Image_8610,50,50
Image_8611,50,50
Image_8612,50,50
Image_8613,50,50
Image_8614,50,50
Image_8615,50,50
Image_8616,51,51
Image_8617,51,51
Image_8618,51,51
Image_8619,51,51
Image_8620,51,51
Image_8621,51,51
Image_8622,51,51
Image_8623,51,51
Image_8624,51,51
Image_8625,51,51
Image_8626,51,51
Image_8627,51,51
Image_8628,51,51
Image_8629,51,51
Image_8630,51,51
Image_8631,51,51
Image_8632,51,51
Image_8633,51,51
Image_8634,51,51
Image_8635,51,51
Image_8636,51,51
Image_8637,51,51
Image_8638,51,51
Image_8639,51,51
Image_8640,51,51
Image_8641,51,51
Image_8642,51,51
Image_8643,51,51
Image_8644,51,51
Image_8645,51,51
Image_8646,51,51
Image_8647,51,51
Image_8648,51,51
Image_8649,51,51
Image_8650,51,51
Image_8651,51,51
Image_8652,51,51
Image_8653,51,51
Image_8654,51,51
Image_8655,51,51
Image_8656,51,51
Image_8657,51,51
Image_8658,51,51
Image_8659,51,51
Image_8660,51,51
Image_8661,51,51
Image_8662,51,51
Image_8663,51,51
Image_8664,51,51
Image_8665,51,51
Image_8666,51,51
Image_8667,51,51
Image_8668,51,51
Image_8669,51,51
Image_8670,51,51
Image_8671,51,51
Image_8672,51,51
Image_8673,51,51
Image_8674,51,51
Image_8675,51,51
Image_8676,51,51
Image_8677,51,51
Image_8678,51,51
Image_8679,51,51
Image_8680,51,51
Image_8681,51,51
Image_8682,51,51
Image_8683,51,51
Image_8684,51,51
Image_8685,51,51
Image_8686,51,51
Image_8687,51,51
Image_8688,51,51
Image_8689,51,51
Image_8690,51,51
Image_8691,51,51
Image_8692,51,51
Image_8693,51,51
Image_8694,51,51
Image_8695,51,51
Image_8696,51,51
Image_8697,51,51
Image_8698,51,51
Image_8699,51,51
Image_8700,51,51
Image_8701,51,51
Image_8702,51,51
Image_8703,51,51
Image_8704,51,51
Image_8705,51,51
Image_8706,51,51
Image_8707,51,51
Image_8708,51,51
Image_8709,51,51
Image_8710,51,51
Image_8711,51,51
Image_8712,51,51
Image_8713,51,51
Image_8714,51,51
Image_8715,51,51
Image_8716,51,51
Image_8717,51,51
Image_8718,51,51
Image_8719,51,51
Image_8720,51,51
Image_8721,51,51
Image_8722,51,51
Image_8723,51,51
Image_8724,51,51
Image_8725,51,51
Image_8726,51,51
Image_8727,51,51
Image_8728,51,51
Image_8729,51,51
Image_8730,51,51
Image_8731,51,51
Image_8732,51,51
Image_8733,51,51
Image_8734,51,51
Image_8735,51,51
Image_8736,51,51
Image_8737,51,51
Image_8738,51,51
Image_8739,51,51
Image_8740,51,51
Image_8741,51,51
Image_8742,51,51
Image_8743,51,51
Image_8744,51,51
Image_8745,51,51
Image_8746,51,51
Image_8747,51,51
Image_8748,51,51
Image_8749,51,51
Image_8750,51,51
Image_8751,51,51
Image_8752,51,51
Image_8753,51,51
Image_8754,51,51
Image_8755,51,51
Image_8756,51,51
Image_8757,51,51
Image_8758,51,51
Image_8759,51,51
Image_8760,51,51
Image_8761,51,51
Image_8762,51,51
Image_8763,51,51
Image_8764,51,51
Image_8765,51,51
Image_8766,51,51
Image_8767,51,51
Image_8768,51,51
Image_8769,51,51
Image_8770,51,51
Image_8771,51,51
Image_8772,51,51
Image_8773,51,51
Image_8774,51,51
Image_8775,51,51
Image_8776,51,51
Image_8777,51,51
Image_8778,51,51
Image_8779,51,51
Image_8780,51,51
Image_8781,51,51
Image_8782,51,51
Image_8783,51,51
Image_8784,51,51
Image_8785,51,51
Image_8786,51,51
Image_8787,51,51
Image_8788,51,51
Image_8789,51,51
Image_8790,51,51
Image_8791,51,51
Image_8792,51,51
Image_8793,51,51
Image_8794,51,51
Image_8795,51,51
Image_8796,51,51
Image_8797,51,51
Image_8798,51,51
Image_8799,51,51
Image_8800,51,51
Image_8801,51,51
Image_8802,51,51
Image_8803,51,51
Image_8804,51,51
Image_8805,51,51
Image_8806,51,51
Image_8807,51,51
Image_8808,51,51
Image_8809,51,51
Image_8810,51,51
Image_8811,51,51
Image_8812,51,51
Image_8813,51,51
Image_8814,51,51
Image_8815,51,51
Image_8816,51,51
Image_8817,51,51
Image_8818,51,51
Image_8819,51,51
Image_8820,51,51
Image_8821,51,51
Image_8822,51,51
Image_8823,51,51
Image_8824,51,51
Image_8825,51,51
Image_8826,51,51
Image_8827,52,52
Image_8828,52,52
Image_8829,52,52
Image_8830,52,52
Image_8831,52,52
Image_8832,52,52
Image_8833,52,52
Image_8834,52,52
Image_8835,52,52
Image_8836,52,52
Image_8837,52,52
Image_8838,52,52
Image_8839,52,52
Image_8840,52,52
Image_8841,52,52
Image_8842,52,52
Image_8843,52,52
Image_8844,52,52
Image_8845,52,52
Image_8846,52,97
Image_8847,52,52
Image_8848,52,52
Image_8849,52,52
Image_8850,52,97
Image_8851,52,52
Image_8852,52,52
Image_8853,52,52
Image_8854,52,52
Image_8855,52,52
Image_8856,52,52
Image_8857,52,52
Image_8858,52,52
Image_8859,52,52
Image_8860,52,52
Image_8861,52,52
Image_8862,52,52
Image_8863,52,52
Image_8864,52,52
Image_8865,52,52
Image_8866,52,52
Image_8867,52,52
Image_8868,52,52
Image_8869,52,52
Image_8870,52,52
Image_8871,52,52
Image_8872,52,52
Image_8873,52,52
Image_8874,52,52
Image_8875,52,97
Image_8876,52,52
Image_8877,52,52
Image_8878,52,52
Image_8879,52,52
Image_8880,52,52
Image_8881,52,52
Image_8882,52,52
Image_8883,52,52
Image_8884,52,52
Image_8885,52,52
Image_8886,52,97
Image_8887,52,52
Image_8888,52,52
Image_8889,52,52
Image_8890,52,52
Image_8891,52,52
Image_8892,52,52
Image_8893,52,52
Image_8894,52,52
Image_8895,52,52
Image_8896,52,52
Image_8897,52,52
Image_8898,52,97
Image_8899,52,8
Image_8900,52,52
Image_8901,52,52
Image_8902,52,52
Image_8903,52,52
Image_8904,52,52
Image_8905,52,52
Image_8906,52,52
Image_8907,52,52
Image_8908,52,52
Image_8909,52,118
Image_8910,52,52
Image_8911,52,52
Image_8912,52,52
Image_8913,52,52
Image_8914,52,52
Image_8915,52,52
Image_8916,52,97
Image_8917,52,52
Image_8918,52,52
Image_8919,52,52
Image_8920,53,53
Image_8921,53,53
Image_8922,53,53
Image_8923,53,53
Image_8924,53,53
Image_8925,53,53
Image_8926,53,53
Image_8927,53,53
Image_8928,53,73
Image_8929,53,53
Image_8930,53,53
Image_8931,53,53
Image_8932,53,102
Image_8933,53,53
Image_8934,53,46
Image_8935,53,53
Image_8936,53,22
Image_8937,53,53
Image_8938,53,53
Image_8939,53,53
Image_8940,53,53
Image_8941,53,53
Image_8942,53,53
Image_8943,53,53
Image_8944,53,53
Image_8945,53,22
Image_8946,53,53
Image_8947,53,53
Image_8948,53,53
Image_8949,53,53
Image_8950,53,53
Image_8951,53,53
Image_8952,53,53
Image_8953,53,53
Image_8954,53,53
Image_8955,53,53
Image_8956,53,53
Image_8957,53,53
Image_8958,53,53
Image_8959,53,53
Image_8960,53,53
Image_8961,53,53
Image_8962,53,102
Image_8963,53,53
Image_8964,53,53
Image_8965,53,53
Image_8966,53,98
Image_8967,53,53
Image_8968,53,53
Image_8969,53,53
Image_8970,53,53
Image_8971,53,53
Image_8972,53,53
Image_8973,53,53
Image_8974,53,102
Image_8975,53,53
Image_8976,53,53
Image_8977,53,53
Image_8978,53,53
Image_8979,53,53
Image_8980,53,53
Image_8981,53,53
Image_8982,53,53
Image_8983,53,53
Image_8984,53,53
Image_8985,53,53
Image_8986,53,102
Image_8987,53,53
Image_8988,53,53
Image_8989,53,73
Image_8990,53,53
Image_8991,53,53
Image_8992,53,53
Image_8993,53,102
Image_8994,53,22
Image_8995,53,53
Image_8996,53,53
Image_8997,53,53
Image_8998,53,53
Image_8999,53,53
Image_9000,53,53
Image_9001,53,53
Image_9002,53,53
Image_9003,53,53
Image_9004,53,53
Image_9005,53,53
Image_9006,53,53
Image_9007,53,53
Image_9008,53,53
Image_9009,53,53
Image_9010,53,53
Image_9011,53,53
Image_9012,53,53
Image_9013,53,22
Image_9014,53,22
Image_9015,53,22
Image_9016,53,53
Image_9017,53,22
Image_9018,53,73
Image_9019,53,53
Image_9020,53,53
Image_9021,53,53
Image_9022,53,53
Image_9023,53,53
Image_9024,53,53
Image_9025,53,53
Image_9026,53,53
Image_9027,53,22
Image_9028,53,53
Image_9029,53,53
Image_9030,53,53
Image_9031,53,53
Image_9032,53,53
Image_9033,53,53
Image_9034,53,53
Image_9035,53,53
Image_9036,53,53
Image_9037,53,53
Image_9038,53,53
Image_9039,53,22
Image_9040,53,53
Image_9041,53,53
Image_9042,53,53
Image_9043,53,53
Image_9044,53,53
Image_9045,53,53
Image_9046,53,73
Image_9047,53,53
Image_9048,53,125
Image_9049,53,53
Image_9050,53,53
Image_9051,53,73
Image_9052,53,53
Image_9053,53,53
Image_9054,53,22
Image_9055,53,53
Image_9056,53,53
Image_9057,53,53
Image_9058,53,53
Image_9059,53,53
Image_9060,53,53
Image_9061,53,53
Image_9062,53,53
Image_9063,53,53
Image_9064,53,125
Image_9065,53,53
Image_9066,53,53
Image_9067,53,53
Image_9068,53,53
Image_9069,53,73
Image_9070,53,53
Image_9071,53,53
Image_9072,53,53
Image_9073,53,53
Image_9074,53,53
Image_9075,53,53
Image_9076,53,53
Image_9077,54,54
Image_9078,54,54
Image_9079,54,54
Image_9080,54,54
Image_9081,54,54
Image_9082,54,54
Image_9083,54,54
Image_9084,54,54
Image_9085,54,54
Image_9086,54,54
Image_9087,54,54
Image_9088,54,54
Image_9089,54,54
Image_9090,54,54
Image_9091,54,54
Image_9092,54,54
Image_9093,54,54
Image_9094,54,54
Image_9095,54,54
Image_9096,54,54
Image_9097,54,54
Image_9098,54,54
Image_9099,54,54
Image_9100,54,54
Image_9101,54,54
Image_9102,54,54
Image_9103,54,54
Image_9104,54,54
Image_9105,54,54
Image_9106,54,54
Image_9107,54,54
Image_9108,54,54
Image_9109,54,54
Image_9110,54,54
Image_9111,54,54
Image_9112,54,54
Image_9113,54,54
Image_9114,54,54
Image_9115,54,54
Image_9116,54,54
Image_9117,54,54
Image_9118,54,54
Image_9119,54,54
Image_9120,54,54
Image_9121,54,54
Image_9122,54,54
Image_9123,54,54
Image_9124,54,54
Image_9125,54,54
Image_9126,54,54
Image_9127,54,54
Image_9128,54,54
Image_9129,54,54
Image_9130,54,54
Image_9131,54,54
Image_9132,54,54
Image_9133,54,54
Image_9134,54,54
Image_9135,54,54
Image_9136,54,54
Image_9137,54,54
Image_9138,54,54
Image_9139,54,54
Image_9140,54,54
Image_9141,54,54
Image_9142,54,54
Image_9143,54,54
Image_9144,54,54
Image_9145,54,54
Image_9146,54,54
Image_9147,54,54
Image_9148,54,54
Image_9149,54,54
Image_9150,54,54
Image_9151,54,54
Image_9152,54,54
Image_9153,54,54
Image_9154,54,54
Image_9155,54,54
Image_9156,54,54
Image_9157,54,54
Image_9158,54,54
Image_9159,54,54
Image_9160,54,54
Image_9161,54,54
Image_9162,54,54
Image_9163,54,54
Image_9164,54,54
Image_9165,54,54
Image_9166,54,54
Image_9167,54,54
Image_9168,54,54
Image_9169,54,54
Image_9170,54,54
Image_9171,54,54
Image_9172,54,54
Image_9173,54,54
Image_9174,54,54
Image_9175,54,54
Image_9176,54,54
Image_9177,54,54
Image_9178,54,54
Image_9179,54,54
Image_9180,54,54
Image_9181,54,54
Image_9182,54,54
Image_9183,54,54
Image_9184,54,54
Image_9185,54,54
Image_9186,54,54
Image_9187,54,54
Image_9188,54,54
Image_9189,54,54
Image_9190,54,54
Image_9191,54,54
Image_9192,54,54
Image_9193,54,54
Image_9194,54,54
Image_9195,54,54
Image_9196,54,54
Image_9197,54,54
Image_9198,54,54
Image_9199,54,54
Image_9200,54,54
Image_9201,54,54
Image_9202,54,54
Image_9203,54,54
Image_9204,54,54
Image_9205,54,54
Image_9206,54,54
Image_9207,54,54
Image_9208,54,54
Image_9209,54,54
Image_9210,54,54
Image_9211,54,54
Image_9212,54,54
Image_9213,54,54
Image_9214,54,54
Image_9215,54,54
Image_9216,54,54
Image_9217,54,54
Image_9218,54,54
Image_9219,54,54
Image_9220,54,54
Image_9221,54,54
Image_9222,54,54
Image_9223,54,54
Image_9224,54,54
Image_9225,54,54
Image_9226,54,54
Image_9227,54,54
Image_9228,54,54
Image_9229,54,54
Image_9230,54,54
Image_9231,54,54
Image_9232,54,54
Image_9233,55,55
Image_9234,55,55
Image_9235,55,55
Image_9236,55,55
Image_9237,55,55
Image_9238,55,55
Image_9239,55,55
Image_9240,55,55
Image_9241,55,55
Image_9242,55,55
Image_9243,55,55
Image_9244,55,55
Image_9245,55,55
Image_9246,55,55
Image_9247,55,55
Image_9248,55,55
Image_9249,55,55
Image_9250,55,55
Image_9251,55,55
Image_9252,55,55
Image_9253,55,55
Image_9254,55,55
Image_9255,55,55
Image_9256,55,55
Image_9257,55,55
Image_9258,55,55
Image_9259,55,55
Image_9260,55,55
Image_9261,55,55
Image_9262,55,55
Image_9263,55,55
Image_9264,55,55
Image_9265,55,55
Image_9266,55,55
Image_9267,55,55
Image_9268,55,55
Image_9269,55,55
Image_9270,55,55
Image_9271,55,55
Image_9272,55,55
Image_9273,55,55
Image_9274,55,55
Image_9275,55,55
Image_9276,55,55
Image_9277,55,55
Image_9278,55,55
Image_9279,55,55
Image_9280,55,55
Image_9281,55,55
Image_9282,55,55
Image_9283,55,55
Image_9284,55,55
Image_9285,55,55
Image_9286,55,55
Image_9287,55,55
Image_9288,55,55
Image_9289,55,55
Image_9290,55,55
Image_9291,55,55
Image_9292,55,55
Image_9293,55,55
Image_9294,55,55
Image_9295,55,55
Image_9296,55,55
Image_9297,55,55
Image_9298,55,55
Image_9299,55,55
Image_9300,55,55
Image_9301,55,55
Image_9302,55,55
Image_9303,55,55
Image_9304,55,55
Image_9305,55,55
Image_9306,55,55
Image_9307,55,55
Image_9308,55,55
Image_9309,55,55
Image_9310,55,55
Image_9311,55,55
Image_9312,55,55
Image_9313,55,55
Image_9314,55,55
Image_9315,55,55
Image_9316,55,55
Image_9317,55,55
Image_9318,55,55
Image_9319,55,55
Image_9320,55,55
Image_9321,55,55
Image_9322,55,55
Image_9323,55,55
Image_9324,55,55
Image_9325,55,55
Image_9326,55,55
Image_9327,55,55
Image_9328,55,55
Image_9329,55,55
Image_9330,55,55
Image_9331,55,55
Image_9332,55,55
Image_9333,55,55
Image_9334,55,55
Image_9335,55,55
Image_9336,55,55
Image_9337,55,55
Image_9338,55,55
Image_9339,55,55
Image_9340,55,55
Image_9341,55,55
Image_9342,55,55
Image_9343,55,55
Image_9344,55,55
Image_9345,55,55
Image_9346,55,55
Image_9347,55,55
Image_9348,55,55
Image_9349,55,55
Image_9350,55,55
Image_9351,55,55
Image_9352,55,55
Image_9353,55,55
Image_9354,55,55
Image_9355,55,55
Image_9356,55,55
Image_9357,55,55
Image_9358,55,55
Image_9359,55,55
Image_9360,55,55
Image_9361,55,55
Image_9362,55,55
Image_9363,55,55
Image_9364,55,55
Image_9365,55,55
Image_9366,55,55
Image_9367,55,55
Image_9368,55,55
Image_9369,55,55
Image_9370,55,55
Image_9371,55,55
Image_9372,55,55
Image_9373,55,55
Image_9374,55,55
Image_9375,55,55
Image_9376,55,55
Image_9377,55,55
Image_9378,55,55
Image_9379,55,55
Image_9380,55,55
Image_9381,55,55
Image_9382,55,55
Image_9383,55,55
Image_9384,55,55
Image_9385,55,55
Image_9386,55,55
Image_9387,55,55
Image_9388,55,55
Image_9389,55,55
Image_9390,55,55
Image_9391,55,55
Image_9392,55,55
Image_9393,56,56
Image_9394,56,56
Image_9395,56,56
Image_9396,56,56
Image_9397,56,56
Image_9398,56,56
Image_9399,56,56
Image_9400,56,56
Image_9401,56,56
Image_9402,56,56
Image_9403,56,56
Image_9404,56,56
Image_9405,56,56
Image_9406,56,56
Image_9407,56,56
Image_9408,56,56
Image_9409,56,56
Image_9410,56,56
Image_9411,56,56
Image_9412,56,56
Image_9413,56,56
Image_9414,56,56
Image_9415,56,56
Image_9416,56,56
Image_9417,56,56
Image_9418,56,56
Image_9419,56,56
Image_9420,56,56
Image_9421,56,56
Image_9422,56,56
Image_9423,56,56
Image_9424,56,56
Image_9425,56,56
Image_9426,56,56
Image_9427,56,56
Image_9428,56,56
Image_9429,56,56
Image_9430,56,56
Image_9431,56,56
Image_9432,56,56
Image_9433,56,56
Image_9434,56,56
Image_9435,56,56
Image_9436,56,56
Image_9437,56,56
Image_9438,56,56
Image_9439,56,56
Image_9440,56,56
Image_9441,56,56
Image_9442,56,56
Image_9443,56,56
Image_9444,56,56
Image_9445,56,56
Image_9446,56,56
Image_9447,56,56
Image_9448,56,56
Image_9449,56,56
Image_9450,56,56
Image_9451,56,56
Image_9452,56,56
Image_9453,56,56
Image_9454,56,56
Image_9455,56,56
Image_9456,56,56
Image_9457,56,56
Image_9458,56,56
Image_9459,56,56
Image_9460,56,56
Image_9461,56,56
Image_9462,56,56
Image_9463,56,56
Image_9464,56,56
Image_9465,56,56
Image_9466,56,56
Image_9467,56,56
Image_9468,56,56
Image_9469,56,56
Image_9470,56,56
Image_9471,56,56
Image_9472,56,56
Image_9473,56,56
Image_9474,56,56
Image_9475,56,56
Image_9476,56,56
Image_9477,56,56
Image_9478,56,56
Image_9479,56,56
Image_9480,56,56
Image_9481,56,56
Image_9482,56,56
Image_9483,56,56
Image_9484,56,56
Image_9485,56,56
Image_9486,56,56
Image_9487,56,56
Image_9488,56,56
Image_9489,56,56
Image_9490,56,56
Image_9491,56,56
Image_9492,56,56
Image_9493,56,56
Image_9494,56,56
Image_9495,56,56
Image_9496,56,56
Image_9497,56,56
Image_9498,56,56
Image_9499,56,56
Image_9500,56,56
Image_9501,56,56
Image_9502,56,56
Image_9503,56,56
Image_9504,56,56
Image_9505,56,56
Image_9506,56,56
Image_9507,56,56
Image_9508,56,56
Image_9509,56,56
Image_9510,56,56
Image_9511,56,56
Image_9512,56,56
Image_9513,56,56
Image_9514,56,56
Image_9515,56,56
Image_9516,56,56
Image_9517,56,56
Image_9518,56,56
Image_9519,56,56
Image_9520,56,56
Image_9521,56,56
Image_9522,56,56
Image_9523,56,56
Image_9524,56,56
Image_9525,56,56
Image_9526,56,56
Image_9527,56,56
Image_9528,56,56
Image_9529,56,56
Image_9530,56,56
Image_9531,56,56
Image_9532,56,56
Image_9533,56,56
Image_9534,56,56
Image_9535,56,56
Image_9536,56,56
Image_9537,56,56
Image_9538,56,56
Image_9539,56,56
Image_9540,56,56
Image_9541,56,56
Image_9542,56,56
Image_9543,56,56
Image_9544,56,56
Image_9545,56,56
Image_9546,56,56
Image_9547,56,56
Image_9548,56,56
Image_9549,57,57
Image_9550,57,57
Image_9551,57,57
Image_9552,57,57
Image_9553,57,57
Image_9554,57,57
Image_9555,57,57
Image_9556,57,57
Image_9557,57,57
Image_9558,57,57
Image_9559,57,57
Image_9560,57,57
Image_9561,57,57
Image_9562,57,57
Image_9563,57,57
Image_9564,57,57
Image_9565,57,57
Image_9566,57,57
Image_9567,57,57
Image_9568,57,57
Image_9569,57,57
Image_9570,57,57
Image_9571,57,57
Image_9572,57,57
Image_9573,57,57
Image_9574,57,57
Image_9575,57,57
Image_9576,57,57
Image_9577,57,57
Image_9578,57,57
Image_9579,57,57
Image_9580,57,57
Image_9581,57,57
Image_9582,57,57
Image_9583,57,57
Image_9584,57,57
Image_9585,57,57
Image_9586,57,57
Image_9587,57,57
Image_9588,57,57
Image_9589,57,57
Image_9590,57,57
Image_9591,57,57
Image_9592,57,57
Image_9593,57,57
Image_9594,57,57
Image_9595,57,57
Image_9596,57,57
Image_9597,57,57
Image_9598,57,57
Image_9599,57,57
Image_9600,57,57
Image_9601,57,57
Image_9602,57,57
Image_9603,57,57
Image_9604,57,57
Image_9605,57,57
Image_9606,57,57
Image_9607,57,57
Image_9608,57,57
Image_9609,57,57
Image_9610,57,57
Image_9611,57,57
Image_9612,57,57
Image_9613,57,57
Image_9614,57,57
Image_9615,57,57
Image_9616,57,57
Image_9617,57,57
Image_9618,57,57
Image_9619,57,57
Image_9620,57,57
Image_9621,57,57
Image_9622,57,57
Image_9623,57,57
Image_9624,57,57
Image_9625,57,57
Image_9626,57,57
Image_9627,57,57
Image_9628,57,57
Image_9629,57,57
Image_9630,57,57
Image_9631,57,57
Image_9632,57,57
Image_9633,57,57
Image_9634,57,57
Image_9635,57,57
Image_9636,57,57
Image_9637,57,57
Image_9638,57,57
Image_9639,57,57
Image_9640,57,57
Image_9641,57,57
Image_9642,57,57
Image_9643,57,57
Image_9644,57,57
Image_9645,57,57
Image_9646,57,57
Image_9647,57,57
Image_9648,57,57
Image_9649,57,57
Image_9650,57,57
Image_9651,57,57
Image_9652,57,57
Image_9653,57,57
Image_9654,57,57
Image_9655,57,57
Image_9656,57,57
Image_9657,57,57
Image_9658,57,57
Image_9659,57,57
Image_9660,57,57
Image_9661,57,57
Image_9662,57,57
Image_9663,57,57
Image_9664,57,57
Image_9665,57,57
Image_9666,57,57
Image_9667,57,57
Image_9668,57,57
Image_9669,57,57
Image_9670,57,57
Image_9671,57,57
Image_9672,57,57
Image_9673,57,57
Image_9674,57,57
Image_9675,57,57
Image_9676,57,57
Image_9677,57,57
Image_9678,57,57
Image_9679,57,57
Image_9680,57,57
Image_9681,57,57
Image_9682,57,57
Image_9683,57,57
Image_9684,57,57
Image_9685,57,57
Image_9686,57,57
Image_9687,57,57
Image_9688,57,57
Image_9689,57,57
Image_9690,57,57
Image_9691,57,57
Image_9692,57,57
Image_9693,57,57
Image_9694,57,57
Image_9695,57,57
Image_9696,57,57
Image_9697,57,57
Image_9698,57,57
Image_9699,57,57
Image_9700,57,57
Image_9701,57,57
Image_9702,57,57
Image_9703,57,57
Image_9704,57,57
Image_9705,58,58
Image_9706,58,58
Image_9707,58,58
Image_9708,58,58
Image_9709,58,58
Image_9710,58,58
Image_9711,58,58
Image_9712,58,58
Image_9713,58,58
Image_9714,58,58
Image_9715,58,58
Image_9716,58,58
Image_9717,58,58
Image_9718,58,58
Image_9719,58,58
Image_9720,58,58
Image_9721,58,58
Image_9722,58,58
Image_9723,58,58
Image_9724,58,58
Image_9725,58,58
Image_9726,58,58
Image_9727,58,58
Image_9728,58,58
Image_9729,58,58
Image_9730,58,58
Image_9731,58,58
Image_9732,58,58
Image_9733,58,58
Image_9734,58,58
Image_9735,58,58
Image_9736,58,58
Image_9737,58,58
Image_9738,58,58
Image_9739,58,58
Image_9740,58,58
Image_9741,58,58
Image_9742,58,58
Image_9743,58,58
Image_9744,58,58
Image_9745,58,58
Image_9746,58,58
Image_9747,58,58
Image_9748,58,58
Image_9749,58,58
Image_9750,58,58
Image_9751,58,58
Image_9752,58,58
Image_9753,58,58
Image_9754,58,58
Image_9755,58,58
Image_9756,58,58
Image_9757,58,58
Image_9758,58,58
Image_9759,58,58
Image_9760,58,58
Image_9761,58,58
Image_9762,58,58
Image_9763,58,58
Image_9764,58,58
Image_9765,58,58
Image_9766,58,58
Image_9767,58,58
Image_9768,58,58
Image_9769,58,58
Image_9770,58,58
Image_9771,58,58
Image_9772,58,58
Image_9773,58,58
Image_9774,58,58
Image_9775,58,58
Image_9776,58,58
Image_9777,58,58
Image_9778,58,58
Image_9779,58,58
Image_9780,58,58
Image_9781,58,58
Image_9782,58,58
Image_9783,58,58
Image_9784,58,58
Image_9785,58,58
Image_9786,58,58
Image_9787,58,58
Image_9788,58,58
Image_9789,58,58
Image_9790,58,58
Image_9791,58,58
Image_9792,58,58
Image_9793,58,58
Image_9794,58,58
Image_9795,58,58
Image_9796,58,58
Image_9797,58,58
Image_9798,58,58
Image_9799,58,58
Image_9800,58,58
Image_9801,58,58
Image_9802,58,58
Image_9803,58,58
Image_9804,58,58
Image_9805,58,58
Image_9806,58,58
Image_9807,58,58
Image_9808,58,58
Image_9809,58,58
Image_9810,58,58
Image_9811,58,58
Image_9812,58,58
Image_9813,58,58
Image_9814,58,58
Image_9815,58,58
Image_9816,58,58
Image_9817,58,58
Image_9818,58,58
Image_9819,58,58
Image_9820,58,58
Image_9821,58,58
Image_9822,58,58
Image_9823,58,58
Image_9824,58,58
Image_9825,58,58
Image_9826,58,58
Image_9827,58,58
Image_9828,58,58
Image_9829,58,58
Image_9830,58,58
Image_9831,58,58
Image_9832,58,58
Image_9833,58,58
Image_9834,58,58
Image_9835,58,58
Image_9836,58,58
Image_9837,58,58
Image_9838,58,58
Image_9839,58,58
Image_9840,58,58
Image_9841,58,58
Image_9842,58,58
Image_9843,58,58
Image_9844,58,58
Image_9845,58,58
Image_9846,58,58
Image_9847,58,58
Image_9848,58,58
Image_9849,58,58
Image_9850,58,58
Image_9851,58,58
Image_9852,58,58
Image_9853,58,58
Image_9854,58,58
Image_9855,58,58
Image_9856,58,58
Image_9857,58,58
Image_9858,58,58
Image_9859,58,58
Image_9860,59,59
Image_9861,59,59
Image_9862,59,59
Image_9863,59,59
Image_9864,59,59
Image_9865,59,59
Image_9866,59,110
Image_9867,59,59
Image_9868,59,59
Image_9869,59,59
Image_9870,59,59
Image_9871,59,59
Image_9872,59,110
Image_9873,59,59
Image_9874,59,59
Image_9875,59,59
Image_9876,59,59
Image_9877,59,59
Image_9878,59,59
Image_9879,59,59
Image_9880,59,59
Image_9881,59,59
Image_9882,59,59
Image_9883,59,59
Image_9884,59,59
Image_9885,59,59
Image_9886,59,59
Image_9887,59,110
Image_9888,59,59
Image_9889,59,59
Image_9890,59,110
Image_9891,59,59
Image_9892,59,59
Image_9893,59,59
Image_9894,59,59
Image_9895,59,59
Image_9896,59,59
Image_9897,59,59
Image_9898,59,59
Image_9899,59,59
Image_9900,59,59
Image_9901,59,110
Image_9902,59,59
Image_9903,59,59
Image_9904,59,59
Image_9905,59,59
Image_9906,59,59
Image_9907,59,59
Image_9908,59,59
Image_9909,59,59
Image_9910,59,59
Image_9911,59,59
Image_9912,59,59
Image_9913,59,59
Image_9914,59,59
Image_9915,59,59
Image_9916,59,59
Image_9917,59,59
Image_9918,59,59
Image_9919,59,59
Image_9920,59,59
Image_9921,59,110
Image_9922,59,110
Image_9923,59,59
Image_9924,59,59
Image_9925,59,59
Image_9926,59,59
Image_9927,59,110
Image_9928,59,59
Image_9929,59,59
Image_9930,59,59
Image_9931,59,59
Image_9932,59,59
Image_9933,59,59
Image_9934,59,59
Image_9935,59,59
Image_9936,59,59
Image_9937,59,110
Image_9938,59,59
Image_9939,59,59
Image_9940,59,59
Image_9941,59,59
Image_9942,59,59
Image_9943,59,110
Image_9944,59,59
Image_9945,59,59
Image_9946,59,59
Image_9947,59,59
Image_9948,59,59
Image_9949,59,59
Image_9950,59,59
Image_9951,59,59
Image_9952,59,59
Image_9953,59,59
Image_9954,59,59
Image_9955,59,59
Image_9956,59,59
Image_9957,59,110
Image_9958,59,59
Image_9959,59,59
Image_9960,59,59
Image_9961,59,59
Image_9962,59,59
Image_9963,59,59
Image_9964,59,59
Image_9965,59,59
Image_9966,59,59
Image_9967,59,59
Image_9968,59,59
Image_9969,59,59
Image_9970,59,59
Image_9971,59,59
Image_9972,59,59
Image_9973,59,59
Image_9974,59,59
Image_9975,59,59
Image_9976,59,59
Image_9977,59,59
Image_9978,59,59
Image_9979,59,59
Image_9980,59,59
Image_9981,59,59
Image_9982,59,59
Image_9983,59,110
Image_9984,59,59
Image_9985,59,110
Image_9986,59,59
Image_9987,59,59
Image_9988,59,59
Image_9989,59,59
Image_9990,59,59
Image_9991,59,59
Image_9992,59,59
Image_9993,59,59
Image_9994,59,110
Image_9995,59,59
Image_9996,59,59
Image_9997,59,59
Image_9998,59,59
Image_9999,59,59
Image_10000,59,59
Image_10001,59,59
Image_10002,59,59
Image_10003,59,59
Image_10004,59,59
Image_10005,59,59
Image_10006,59,110
Image_10007,59,110
Image_10008,59,59
Image_10009,60,60
Image_10010,60,60
Image_10011,60,9
Image_10012,60,60
Image_10013,60,60
Image_10014,60,60
Image_10015,60,118
Image_10016,60,60
Image_10017,60,60
Image_10018,60,60
Image_10019,60,60
Image_10020,60,60
Image_10021,60,60
Image_10022,60,60
Image_10023,60,60
Image_10024,60,60
Image_10025,60,60
Image_10026,60,60
Image_10027,60,60
Image_10028,60,60
Image_10029,60,60
Image_10030,60,60
Image_10031,60,60
Image_10032,60,60
Image_10033,60,60
Image_10034,60,60
Image_10035,60,60
Image_10036,60,60
Image_10037,60,60
Image_10038,60,60
Image_10039,60,60
Image_10040,60,60
Image_10041,60,60
Image_10042,60,60
Image_10043,60,60
Image_10044,60,12
Image_10045,60,60
Image_10046,60,60
Image_10047,60,60
Image_10048,60,60
Image_10049,60,60
Image_10050,60,60
Image_10051,60,60
Image_10052,60,9
Image_10053,60,60
Image_10054,60,60
Image_10055,60,60
Image_10056,60,60
Image_10057,60,60
Image_10058,60,60
Image_10059,60,60
Image_10060,60,60
Image_10061,60,60
Image_10062,60,60
Image_10063,60,60
Image_10064,60,60
Image_10065,60,60
Image_10066,60,60
Image_10067,60,60
Image_10068,60,60
Image_10069,60,60
Image_10070,60,60
Image_10071,60,12
Image_10072,60,60
Image_10073,60,60
Image_10074,60,60
Image_10075,60,60
Image_10076,60,60
Image_10077,60,60
Image_10078,60,60
Image_10079,60,60
Image_10080,60,60
Image_10081,60,60
Image_10082,60,60
Image_10083,60,60
Image_10084,60,60
Image_10085,60,60
Image_10086,60,60
Image_10087,60,60
Image_10088,60,60
Image_10089,60,60
Image_10090,60,60
Image_10091,60,60
Image_10092,60,60
Image_10093,60,60
Image_10094,60,9
Image_10095,60,60
Image_10096,60,60
Image_10097,60,60
Image_10098,60,60
Image_10099,60,60
Image_10100,60,60
Image_10101,60,60
Image_10102,60,60
Image_10103,60,60
Image_10104,60,60
Image_10105,60,60
Image_10106,60,60
Image_10107,60,60
Image_10108,60,60
Image_10109,60,60
Image_10110,60,60
Image_10111,60,60
Image_10112,60,60
Image_10113,60,60
Image_10114,60,9
Image_10115,60,60
Image_10116,60,60
Image_10117,60,60
Image_10118,60,60
Image_10119,60,60
Image_10120,60,60
Image_10121,60,60
Image_10122,60,12
Image_10123,60,60
Image_10124,60,60
Image_10125,60,60
Image_10126,60,60
Image_10127,60,60
Image_10128,60,60
Image_10129,60,60
Image_10130,60,60
Image_10131,60,60
Image_10132,60,60
Image_10133,60,60
Image_10134,60,60
Image_10135,60,60
Image_10136,60,60
Image_10137,60,60
Image_10138,60,60
Image_10139,60,60
Image_10140,60,60
Image_10141,60,60
Image_10142,60,60
Image_10143,60,60
Image_10144,60,60
Image_10145,60,60
Image_10146,60,60
Image_10147,60,60
Image_10148,60,60
Image_10149,60,60
Image_10150,60,60
Image_10151,60,60
Image_10152,60,60
Image_10153,60,9
Image_10154,60,60
Image_10155,60,60
Image_10156,60,60
Image_10157,60,60
Image_10158,60,60
Image_10159,60,60
Image_10160,60,60
Image_10161,60,60
Image_10162,60,12
Image_10163,60,60
Image_10164,60,60
Image_10165,60,12
Image_10166,60,60
Image_10167,60,9
Image_10168,60,6
Image_10169,60,60
Image_10170,60,60
Image_10171,60,60
Image_10172,60,60
Image_10173,60,60
Image_10174,60,60
Image_10175,60,60
Image_10176,60,60
Image_10177,60,60
Image_10178,60,60
Image_10179,60,60
Image_10180,60,60
Image_10181,60,60
Image_10182,60,60
Image_10183,60,12
Image_10184,60,60
Image_10185,60,60
Image_10186,60,60
Image_10187,60,60
Image_10188,60,60
Image_10189,60,60
Image_10190,60,60
Image_10191,60,60
Image_10192,60,12
Image_10193,60,60
Image_10194,60,60
Image_10195,60,60
Image_10196,60,60
Image_10197,60,60
Image_10198,60,60
Image_10199,60,60
Image_10200,60,60
Image_10201,60,60
Image_10202,60,60
Image_10203,60,60
Image_10204,60,60
Image_10205,60,60
Image_10206,60,6
Image_10207,60,60
Image_10208,60,60
Image_10209,60,60
Image_10210,60,60
Image_10211,60,60
Image_10212,60,60
Image_10213,60,60
Image_10214,60,60
Image_10215,60,60
Image_10216,60,60
Image_10217,60,60
Image_10218,60,60
Image_10219,60,60
Image_10220,60,60
Image_10221,61,61
Image_10222,61,61
Image_10223,61,61
Image_10224,61,61
Image_10225,61,61
Image_10226,61,61
Image_10227,61,61
Image_10228,61,61
Image_10229,61,61
Image_10230,61,61
Image_10231,61,61
Image_10232,61,61
Image_10233,61,61
Image_10234,61,61
Image_10235,61,61
Image_10236,61,61
Image_10237,61,61
Image_10238,61,61
Image_10239,61,61
Image_10240,61,61
Image_10241,61,61
Image_10242,61,61
Image_10243,61,61
Image_10244,61,61
Image_10245,61,61
Image_10246,61,61
Image_10247,61,61
Image_10248,61,61
Image_10249,61,61
Image_10250,61,61
Image_10251,61,61
Image_10252,61,61
Image_10253,61,61
Image_10254,61,61
Image_10255,61,61
Image_10256,61,61
Image_10257,61,61
Image_10258,61,61
Image_10259,61,61
Image_10260,61,61
Image_10261,61,61
Image_10262,61,61
Image_10263,61,61
Image_10264,61,61
Image_10265,61,61
Image_10266,61,61
Image_10267,61,61
Image_10268,61,61
Image_10269,61,61
Image_10270,61,61
Image_10271,61,61
Image_10272,61,61
Image_10273,61,61
Image_10274,61,61
Image_10275,61,61
Image_10276,61,61
Image_10277,61,61
Image_10278,61,61
Image_10279,61,61
Image_10280,61,61
Image_10281,61,61
Image_10282,61,61
Image_10283,61,61
Image_10284,61,61
Image_10285,61,61
Image_10286,61,61
Image_10287,61,61
Image_10288,61,61
Image_10289,61,61
Image_10290,61,61
Image_10291,61,61
Image_10292,61,61
Image_10293,61,61
Image_10294,61,61
Image_10295,61,61
Image_10296,61,61
Image_10297,61,61
Image_10298,61,61
Image_10299,61,61
Image_10300,61,61
Image_10301,61,61
Image_10302,61,61
Image_10303,61,61
Image_10304,61,61
Image_10305,61,61
Image_10306,61,61
Image_10307,61,61
Image_10308,61,61
Image_10309,61,61
Image_10310,61,61
Image_10311,61,61
Image_10312,61,61
Image_10313,61,61
Image_10314,61,61
Image_10315,61,61
Image_10316,61,61
Image_10317,61,61
Image_10318,61,61
Image_10319,61,61
Image_10320,61,61
Image_10321,61,61
Image_10322,61,61
Image_10323,61,61
Image_10324,61,61
Image_10325,61,61
Image_10326,61,61
Image_10327,61,61
Image_10328,61,61
Image_10329,61,61
Image_10330,61,61
Image_10331,61,61
Image_10332,61,61
Image_10333,61,61
Image_10334,61,61
Image_10335,61,61
Image_10336,61,61
Image_10337,61,61
Image_10338,61,61
Image_10339,61,61
Image_10340,61,61
Image_10341,61,61
Image_10342,61,61
Image_10343,61,61
Image_10344,61,61
Image_10345,61,61
Image_10346,61,61
Image_10347,61,61
Image_10348,61,61
Image_10349,61,61
Image_10350,61,61
Image_10351,61,61
Image_10352,61,61
Image_10353,61,61
Image_10354,61,61
Image_10355,61,61
Image_10356,61,61
Image_10357,61,61
Image_10358,61,61
Image_10359,61,61
Image_10360,61,61
Image_10361,61,61
Image_10362,61,61
Image_10363,61,61
Image_10364,61,61
Image_10365,61,61
Image_10366,61,61
Image_10367,61,61
Image_10368,61,61
Image_10369,61,61
Image_10370,61,61
Image_10371,61,61
Image_10372,61,61
Image_10373,61,61
Image_10374,61,61
Image_10375,61,61
Image_10376,61,61
Image_10377,61,61
Image_10378,61,61
Image_10379,61,61
Image_10380,61,61
Image_10381,61,61
Image_10382,61,61
Image_10383,61,61
Image_10384,61,61
Image_10385,61,61
Image_10386,61,61
Image_10387,61,61
Image_10388,61,61
Image_10389,61,61
Image_10390,61,61
Image_10391,61,61
Image_10392,61,61
Image_10393,61,61
Image_10394,61,61
Image_10395,61,61
Image_10396,61,61
Image_10397,61,61
Image_10398,61,61
Image_10399,61,61
Image_10400,61,61
Image_10401,61,61
Image_10402,61,61
Image_10403,61,61
Image_10404,61,61
Image_10405,61,61
Image_10406,61,61
Image_10407,61,61
Image_10408,61,61
Image_10409,61,61
Image_10410,61,61
Image_10411,61,61
Image_10412,61,61
Image_10413,61,61
Image_10414,61,61
Image_10415,61,61
Image_10416,61,61
Image_10417,61,61
Image_10418,61,61
Image_10419,61,61
Image_10420,61,61
Image_10421,61,61
Image_10422,61,61
Image_10423,61,61
Image_10424,61,61
Image_10425,61,61
Image_10426,61,61
Image_10427,61,61
Image_10428,61,61
Image_10429,61,61
Image_10430,61,61
Image_10431,61,61
Image_10432,61,61
Image_10433,61,61
Image_10434,61,61
Image_10435,61,61
Image_10436,61,61
Image_10437,61,61
Image_10438,61,61
Image_10439,61,61
Image_10440,61,61
Image_10441,61,61
Image_10442,61,61
Image_10443,61,61
Image_10444,61,61
Image_10445,61,61
Image_10446,61,61
Image_10447,61,61
Image_10448,61,61
Image_10449,61,61
Image_10450,61,61
Image_10451,61,61
Image_10452,61,61
Image_10453,61,61
Image_10454,61,61
Image_10455,61,61
Image_10456,61,61
Image_10457,62,62
Image_10458,62,62
Image_10459,62,62
Image_10460,62,62
Image_10461,62,125
Image_10462,62,62
Image_10463,62,62
Image_10464,62,62
Image_10465,62,62
Image_10466,62,62
Image_10467,62,62
Image_10468,62,62
Image_10469,62,62
Image_10470,62,62
Image_10471,62,62
Image_10472,62,62
Image_10473,62,62
Image_10474,62,62
Image_10475,62,125
Image_10476,62,62
Image_10477,62,125
Image_10478,62,62
Image_10479,62,62
Image_10480,62,62
Image_10481,62,62
Image_10482,62,62
Image_10483,62,62
Image_10484,62,62
Image_10485,62,125
Image_10486,62,62
Image_10487,62,62
Image_10488,62,62
Image_10489,62,62
Image_10490,62,62
Image_10491,62,62
Image_10492,62,62
Image_10493,62,62
Image_10494,62,62
Image_10495,62,62
Image_10496,62,62
Image_10497,62,62
Image_10498,62,62
Image_10499,62,62
Image_10500,62,125
Image_10501,62,62
Image_10502,62,62
Image_10503,62,62
Image_10504,62,125
Image_10505,62,62
Image_10506,62,62
Image_10507,62,62
Image_10508,62,62
Image_10509,62,62
Image_10510,62,62
Image_10511,62,62
Image_10512,62,62
Image_10513,62,62
Image_10514,62,62
Image_10515,62,62
Image_10516,62,62
Image_10517,62,62
Image_10518,62,62
Image_10519,62,62
Image_10520,62,62
Image_10521,62,62
Image_10522,62,62
Image_10523,62,62
Image_10524,62,125
Image_10525,62,62
Image_10526,62,62
Image_10527,62,62
Image_10528,62,62
Image_10529,62,62
Image_10530,62,62
Image_10531,62,62
Image_10532,62,62
Image_10533,62,62
Image_10534,62,62
Image_10535,62,62
Image_10536,62,62
Image_10537,62,62
Image_10538,62,62
Image_10539,62,62
Image_10540,62,62
Image_10541,62,62
Image_10542,62,62
Image_10543,62,62
Image_10544,62,62
Image_10545,62,62
Image_10546,62,62
Image_10547,62,125
Image_10548,62,62
Image_10549,62,62
Image_10550,62,62
Image_10551,62,62
Image_10552,62,62
Image_10553,62,62
Image_10554,62,62
Image_10555,62,62
Image_10556,62,62
Image_10557,62,62
Image_10558,62,62
Image_10559,62,62
Image_10560,62,62
Image_10561,62,62
Image_10562,62,62
Image_10563,62,62
Image_10564,62,62
Image_10565,62,62
Image_10566,62,125
Image_10567,62,62
Image_10568,62,62
Image_10569,62,62
Image_10570,62,62
Image_10571,62,62
Image_10572,62,125
Image_10573,62,62
Image_10574,62,62
Image_10575,62,62
Image_10576,62,125
Image_10577,62,62
Image_10578,62,62
Image_10579,62,125
Image_10580,62,62
Image_10581,62,62
Image_10582,62,62
Image_10583,62,62
Image_10584,62,62
Image_10585,62,62
Image_10586,62,62
Image_10587,62,62
Image_10588,62,62
Image_10589,62,62
Image_10590,62,62
Image_10591,62,62
Image_10592,62,62
Image_10593,62,125
Image_10594,62,62
Image_10595,62,62
Image_10596,62,62
Image_10597,62,62
Image_10598,62,62
Image_10599,62,62
Image_10600,62,125
Image_10601,62,62
Image_10602,62,62
Image_10603,62,62
Image_10604,62,62
Image_10605,62,62
Image_10606,62,62
Image_10607,62,62
Image_10608,62,125
Image_10609,62,125
Image_10610,62,62
Image_10611,63,63
Image_10612,63,95
Image_10613,63,95
Image_10614,63,63
Image_10615,63,63
Image_10616,63,63
Image_10617,63,17
Image_10618,63,63
Image_10619,63,63
Image_10620,63,36
Image_10621,63,63
Image_10622,63,63
Image_10623,63,17
Image_10624,63,17
Image_10625,63,36
Image_10626,63,63
Image_10627,63,63
Image_10628,63,63
Image_10629,63,63
Image_10630,63,63
Image_10631,63,63
Image_10632,63,17
Image_10633,63,63
Image_10634,63,45
Image_10635,63,63
Image_10636,63,63
Image_10637,63,63
Image_10638,63,63
Image_10639,63,63
Image_10640,63,63
Image_10641,63,63
Image_10642,63,63
Image_10643,63,125
Image_10644,63,15
Image_10645,63,63
Image_10646,63,63
Image_10647,63,63
Image_10648,63,63
Image_10649,63,63
Image_10650,63,63
Image_10651,63,63
Image_10652,63,15
Image_10653,63,63
Image_10654,63,63
Image_10655,63,63
Image_10656,63,15
Image_10657,63,125
Image_10658,63,63
Image_10659,63,63
Image_10660,63,36
Image_10661,63,63
Image_10662,63,63
Image_10663,63,63
Image_10664,63,63
Image_10665,63,63
Image_10666,63,63
Image_10667,63,15
Image_10668,63,95
Image_10669,63,95
Image_10670,63,63
Image_10671,63,63
Image_10672,63,63
Image_10673,63,36
Image_10674,63,63
Image_10675,63,63
Image_10676,63,63
Image_10677,63,63
Image_10678,63,36
Image_10679,63,63
Image_10680,63,63
Image_10681,63,63
Image_10682,63,63
Image_10683,63,45
Image_10684,63,63
Image_10685,63,63
Image_10686,63,45
Image_10687,63,63
Image_10688,63,63
Image_10689,63,63
Image_10690,63,45
Image_10691,63,63
Image_10692,63,63
Image_10693,63,22
Image_10694,63,63
Image_10695,63,63
Image_10696,63,15
Image_10697,63,95
Image_10698,63,95
Image_10699,63,63
Image_10700,63,63
Image_10701,63,63
Image_10702,63,63
Image_10703,63,95
Image_10704,63,63
Image_10705,63,63
Image_10706,63,63
Image_10707,63,63
Image_10708,63,63
Image_10709,63,63
Image_10710,63,63
Image_10711,63,63
Image_10712,63,63
Image_10713,63,63
Image_10714,63,63
Image_10715,63,15
Image_10716,63,63
Image_10717,63,63
Image_10718,63,63
Image_10719,63,63
Image_10720,63,63
Image_10721,63,63
Image_10722,63,45
Image_10723,63,59
Image_10724,63,63
Image_10725,63,45
Image_10726,63,45
Image_10727,63,63
Image_10728,63,63
Image_10729,63,63
Image_10730,63,36
Image_10731,63,15
Image_10732,63,63
Image_10733,63,63
Image_10734,63,63
Image_10735,63,36
Image_10736,63,45
Image_10737,63,38
Image_10738,63,63
Image_10739,63,63
Image_10740,63,63
Image_10741,63,63
Image_10742,63,63
Image_10743,63,63
Image_10744,63,63
Image_10745,63,63
Image_10746,63,95
Image_10747,63,63
Image_10748,63,63
Image_10749,63,63
Image_10750,63,95
Image_10751,63,63
Image_10752,63,63
Image_10753,63,63
Image_10754,63,125
Image_10755,63,63
Image_10756,63,38
Image_10757,63,63
Image_10758,63,64
Image_10759,63,62
Image_10760,63,63
Image_10761,63,63
Image_10762,63,45
Image_10763,63,63
Image_10764,63,63
Image_10765,63,63
Image_10766,63,95
Image_10767,63,45
Image_10768,63,95
Image_10769,63,63
Image_10770,63,63
Image_10771,63,63
Image_10772,63,63
Image_10773,63,45
Image_10774,63,17
Image_10775,63,63
Image_10776,63,63
Image_10777,63,15
Image_10778,63,63
Image_10779,64,64
Image_10780,64,64
Image_10781,64,64
Image_10782,64,64
Image_10783,64,64
Image_10784,64,64
Image_10785,64,64
Image_10786,64,64
Image_10787,64,64
Image_10788,64,64
Image_10789,64,64
Image_10790,64,64
Image_10791,64,64
Image_10792,64,64
Image_10793,64,64
Image_10794,64,64
Image_10795,64,64
Image_10796,64,64
Image_10797,64,64
Image_10798,64,64
Image_10799,64,64
Image_10800,64,64
Image_10801,64,64
Image_10802,64,64
Image_10803,64,64
Image_10804,64,64
Image_10805,64,64
Image_10806,64,64
Image_10807,64,64
Image_10808,64,64
Image_10809,64,64
Image_10810,64,64
Image_10811,64,64
Image_10812,64,64
Image_10813,64,64
Image_10814,64,64
Image_10815,64,64
Image_10816,64,64
Image_10817,64,64
Image_10818,64,64
Image_10819,64,64
Image_10820,64,64
Image_10821,64,64
Image_10822,64,64
Image_10823,64,64
Image_10824,64,64
Image_10825,64,111
Image_10826,64,64
Image_10827,64,64
Image_10828,64,64
Image_10829,64,64
Image_10830,64,64
Image_10831,64,111
Image_10832,64,64
Image_10833,64,64
Image_10834,64,64
Image_10835,64,64
Image_10836,64,111
Image_10837,64,64
Image_10838,64,64
Image_10839,64,64
Image_10840,64,64
Image_10841,64,64
Image_10842,64,64
Image_10843,64,64
Image_10844,64,64
Image_10845,64,64
Image_10846,64,64
Image_10847,64,64
Image_10848,64,64
Image_10849,64,64
Image_10850,64,64
Image_10851,64,64
Image_10852,64,64
Image_10853,64,64
Image_10854,64,64
Image_10855,64,64
Image_10856,64,64
Image_10857,64,64
Image_10858,64,64
Image_10859,64,64
Image_10860,64,64
Image_10861,64,111
Image_10862,64,111
Image_10863,64,64
Image_10864,64,64
Image_10865,64,64
Image_10866,64,64
Image_10867,64,64
Image_10868,64,64
Image_10869,64,64
Image_10870,64,64
Image_10871,64,64
Image_10872,64,64
Image_10873,64,64
Image_10874,64,64
Image_10875,64,64
Image_10876,64,111
Image_10877,64,64
Image_10878,64,111
Image_10879,64,64
Image_10880,64,64
Image_10881,64,64
Image_10882,64,64
Image_10883,64,64
Image_10884,64,64
Image_10885,64,64
Image_10886,64,64
Image_10887,64,64
Image_10888,64,64
Image_10889,64,64
Image_10890,64,64
Image_10891,64,64
Image_10892,64,64
Image_10893,64,64
Image_10894,64,64
Image_10895,64,64
Image_10896,64,64
Image_10897,64,64
Image_10898,64,64
Image_10899,64,64
Image_10900,64,111
Image_10901,64,64
Image_10902,64,64
Image_10903,64,64
Image_10904,64,64
Image_10905,64,64
Image_10906,64,64
Image_10907,64,64
Image_10908,64,64
Image_10909,64,64
Image_10910,64,64
Image_10911,64,64
Image_10912,64,64
Image_10913,64,64
Image_10914,64,64
Image_10915,64,64
Image_10916,64,64
Image_10917,64,64
Image_10918,64,64
Image_10919,64,64
Image_10920,64,64
Image_10921,64,64
Image_10922,64,64
Image_10923,64,64
Image_10924,64,64
Image_10925,64,64
Image_10926,64,64
Image_10927,64,64
Image_10928,64,64
Image_10929,64,64
Image_10930,64,64
Image_10931,64,64
Image_10932,64,64
Image_10933,64,64
Image_10934,64,64
Image_10935,64,64
Image_10936,64,64
Image_10937,65,65
Image_10938,65,122
Image_10939,65,65
Image_10940,65,65
Image_10941,65,65
Image_10942,65,65
Image_10943,65,65
Image_10944,65,122
Image_10945,65,122
Image_10946,65,65
Image_10947,65,65
Image_10948,65,65
Image_10949,65,122
Image_10950,65,65
Image_10951,65,65
Image_10952,65,65
Image_10953,65,65
Image_10954,65,65
Image_10955,65,65
Image_10956,65,65
Image_10957,65,65
Image_10958,65,65
Image_10959,65,65
Image_10960,65,65
Image_10961,65,65
Image_10962,65,65
Image_10963,65,118
Image_10964,65,65
Image_10965,65,122
Image_10966,65,65
Image_10967,65,65
Image_10968,65,65
Image_10969,65,65
Image_10970,65,65
Image_10971,65,65
Image_10972,65,65
Image_10973,65,65
Image_10974,65,99
Image_10975,65,118
Image_10976,65,65
Image_10977,65,65
Image_10978,65,65
Image_10979,65,65
Image_10980,65,65
Image_10981,65,65
Image_10982,65,65
Image_10983,65,65
Image_10984,65,65
Image_10985,65,65
Image_10986,65,65
Image_10987,65,65
Image_10988,65,42
Image_10989,65,65
Image_10990,65,65
Image_10991,65,65
Image_10992,65,65
Image_10993,65,65
Image_10994,65,65
Image_10995,65,65
Image_10996,65,65
Image_10997,65,65
Image_10998,65,65
Image_10999,65,65
Image_11000,65,122
Image_11001,65,65
Image_11002,65,65
Image_11003,65,65
Image_11004,65,65
Image_11005,65,42
Image_11006,65,65
Image_11007,65,65
Image_11008,65,65
Image_11009,65,65
Image_11010,65,65
Image_11011,65,122
Image_11012,65,65
Image_11013,65,65
Image_11014,65,65
Image_11015,65,65
Image_11016,65,65
Image_11017,65,65
Image_11018,65,65
Image_11019,65,65
Image_11020,65,65
Image_11021,65,122
Image_11022,65,65
Image_11023,65,65
Image_11024,65,42
Image_11025,65,65
Image_11026,65,122
Image_11027,65,65
Image_11028,65,65
Image_11029,65,65
Image_11030,65,65
Image_11031,65,65
Image_11032,65,65
Image_11033,65,65
Image_11034,65,65
Image_11035,65,65
Image_11036,65,65
Image_11037,65,113
Image_11038,65,65
Image_11039,65,70
Image_11040,65,42
Image_11041,65,65
Image_11042,65,65
Image_11043,65,65
Image_11044,65,65
Image_11045,65,65
Image_11046,65,113
Image_11047,65,122
Image_11048,65,65
Image_11049,65,65
Image_11050,65,65
Image_11051,65,99
Image_11052,65,122
Image_11053,65,65
Image_11054,65,113
Image_11055,65,65
Image_11056,65,65
Image_11057,65,65
Image_11058,65,65
Image_11059,65,65
Image_11060,65,65
Image_11061,65,122
Image_11062,65,122
Image_11063,65,65
Image_11064,65,65
Image_11065,65,122
Image_11066,65,65
Image_11067,65,65
Image_11068,65,65
Image_11069,65,65
Image_11070,65,65
Image_11071,65,65
Image_11072,65,65
Image_11073,65,65
Image_11074,65,65
Image_11075,65,42
Image_11076,65,70
Image_11077,65,65
Image_11078,65,65
Image_11079,65,65
Image_11080,65,65
Image_11081,65,65
Image_11082,66,66
Image_11083,66,66
Image_11084,66,66
Image_11085,66,66
Image_11086,66,66
Image_11087,66,66
Image_11088,66,66
Image_11089,66,66
Image_11090,66,66
Image_11091,66,66
Image_11092,66,66
Image_11093,66,66
Image_11094,66,66
Image_11095,66,66
Image_11096,66,66
Image_11097,66,66
Image_11098,66,66
Image_11099,66,66
Image_11100,66,66
Image_11101,66,66
Image_11102,66,66
Image_11103,66,66
Image_11104,66,66
Image_11105,66,66
Image_11106,66,66
Image_11107,66,66
Image_11108,66,66
Image_11109,66,66
Image_11110,66,66
Image_11111,66,66
Image_11112,66,66
Image_11113,66,66
Image_11114,66,66
Image_11115,66,66
Image_11116,66,66
Image_11117,66,66
Image_11118,66,66
Image_11119,66,66
Image_11120,66,66
Image_11121,66,66
Image_11122,66,66
Image_11123,66,66
Image_11124,66,66
Image_11125,66,66
Image_11126,66,66
Image_11127,66,66
Image_11128,66,66
Image_11129,66,66
Image_11130,66,66
Image_11131,66,66
Image_11132,66,66
Image_11133,66,66
Image_11134,66,66
Image_11135,66,66
Image_11136,66,66
Image_11137,66,66
Image_11138,66,66
Image_11139,66,66
Image_11140,66,66
Image_11141,66,66
Image_11142,66,66
Image_11143,66,66
Image_11144,66,66
Image_11145,66,66
Image_11146,66,66
Image_11147,66,66
Image_11148,66,66
Image_11149,66,66
Image_11150,66,66
Image_11151,66,66
Image_11152,66,66
Image_11153,66,66
Image_11154,66,66
Image_11155,66,66
Image_11156,66,66
Image_11157,66,66
Image_11158,66,66
Image_11159,66,66
Image_11160,66,66
Image_11161,66,66
Image_11162,66,66
Image_11163,66,66
Image_11164,66,66
Image_11165,66,66
Image_11166,66,66
Image_11167,66,66
Image_11168,66,66
Image_11169,66,66
Image_11170,66,66
Image_11171,66,66
Image_11172,66,66
Image_11173,66,66
Image_11174,66,66
Image_11175,66,66
Image_11176,66,66
Image_11177,66,66
Image_11178,66,66
Image_11179,66,66
Image_11180,66,66
Image_11181,66,66
Image_11182,66,66
Image_11183,66,66
Image_11184,66,66
Image_11185,66,66
Image_11186,66,66
Image_11187,66,66
Image_11188,66,66
Image_11189,66,66
Image_11190,66,66
Image_11191,66,66
Image_11192,66,66
Image_11193,66,66
Image_11194,66,66
Image_11195,66,66
Image_11196,66,66
Image_11197,66,66
Image_11198,66,66
Image_11199,66,66
Image_11200,66,66
Image_11201,66,66
Image_11202,66,66
Image_11203,66,66
Image_11204,66,66
Image_11205,66,66
Image_11206,66,66
Image_11207,66,66
Image_11208,66,66
Image_11209,66,66
Image_11210,66,66
Image_11211,66,66
Image_11212,66,66
Image_11213,66,66
Image_11214,66,66
Image_11215,66,66
Image_11216,66,66
Image_11217,66,66
Image_11218,66,66
Image_11219,66,66
Image_11220,66,66
Image_11221,66,66
Image_11222,66,66
Image_11223,66,66
Image_11224,66,66
Image_11225,66,66
Image_11226,66,66
Image_11227,66,66
Image_11228,66,66
Image_11229,66,66
Image_11230,66,66
Image_11231,66,66
Image_11232,66,66
Image_11233,66,66
Image_11234,66,66
Image_11235,66,66
Image_11236,66,66
Image_11237,67,67
Image_11238,67,67
Image_11239,67,67
Image_11240,67,67
Image_11241,67,67
Image_11242,67,67
Image_11243,67,67
Image_11244,67,67
Image_11245,67,67
Image_11246,67,67
Image_11247,67,67
Image_11248,67,67
Image_11249,67,67
Image_11250,67,67
Image_11251,67,67
Image_11252,67,67
Image_11253,67,67
Image_11254,67,67
Image_11255,67,67
Image_11256,67,67
Image_11257,67,67
Image_11258,67,67
Image_11259,67,67
Image_11260,67,67
Image_11261,67,67
Image_11262,67,22
Image_11263,67,67
Image_11264,67,22
Image_11265,67,67
Image_11266,67,67
Image_11267,67,67
Image_11268,67,67
Image_11269,67,67
Image_11270,67,67
Image_11271,67,67
Image_11272,67,67
Image_11273,67,67
Image_11274,67,67
Image_11275,67,67
Image_11276,67,67
Image_11277,67,67
Image_11278,67,67
Image_11279,67,67
Image_11280,67,67
Image_11281,67,67
Image_11282,67,67
Image_11283,67,67
Image_11284,67,67
Image_11285,67,67
Image_11286,67,22
Image_11287,67,67
Image_11288,67,67
Image_11289,67,67
Image_11290,67,67
Image_11291,67,67
Image_11292,67,67
Image_11293,67,67
Image_11294,67,67
Image_11295,67,67
Image_11296,67,67
Image_11297,67,67
Image_11298,67,67
Image_11299,67,67
Image_11300,67,67
Image_11301,67,67
Image_11302,67,67
Image_11303,67,67
Image_11304,67,67
Image_11305,67,67
Image_11306,67,67
Image_11307,67,67
Image_11308,67,67
Image_11309,67,67
Image_11310,67,67
Image_11311,67,67
Image_11312,67,67
Image_11313,67,67
Image_11314,67,67
Image_11315,67,67
Image_11316,67,67
Image_11317,67,67
Image_11318,67,67
Image_11319,67,67
Image_11320,67,67
Image_11321,67,67
Image_11322,67,67
Image_11323,67,67
Image_11324,67,67
Image_11325,67,67
Image_11326,67,67
Image_11327,67,67
Image_11328,67,67
Image_11329,67,67
Image_11330,67,67
Image_11331,67,67
Image_11332,67,67
Image_11333,67,67
Image_11334,67,67
Image_11335,67,67
Image_11336,67,67
Image_11337,67,67
Image_11338,67,67
Image_11339,67,67
Image_11340,67,67
Image_11341,67,67
Image_11342,67,67
Image_11343,67,67
Image_11344,67,67
Image_11345,67,67
Image_11346,67,67
Image_11347,67,67
Image_11348,67,67
Image_11349,67,67
Image_11350,67,67
Image_11351,67,67
Image_11352,67,67
Image_11353,67,22
Image_11354,67,67
Image_11355,67,67
Image_11356,67,67
Image_11357,67,67
Image_11358,67,67
Image_11359,67,67
Image_11360,67,67
Image_11361,67,67
Image_11362,67,67
Image_11363,67,67
Image_11364,67,67
Image_11365,67,67
Image_11366,67,22
Image_11367,67,67
Image_11368,67,67
Image_11369,67,67
Image_11370,67,67
Image_11371,67,67
Image_11372,67,67
Image_11373,67,67
Image_11374,67,67
Image_11375,67,67
Image_11376,67,67
Image_11377,67,67
Image_11378,67,67
Image_11379,67,67
Image_11380,67,67
Image_11381,67,22
Image_11382,67,67
Image_11383,67,67
Image_11384,67,67
Image_11385,67,67
Image_11386,67,67
Image_11387,67,67
Image_11388,67,67
Image_11389,67,67
Image_11390,67,67
Image_11391,67,67
Image_11392,67,67
Image_11393,67,67
Image_11394,67,67
Image_11395,67,67
Image_11396,67,67
Image_11397,68,68
Image_11398,68,68
Image_11399,68,68
Image_11400,68,68
Image_11401,68,68
Image_11402,68,68
Image_11403,68,68
Image_11404,68,68
Image_11405,68,68
Image_11406,68,68
Image_11407,68,68
Image_11408,68,68
Image_11409,68,68
Image_11410,68,68
Image_11411,68,68
Image_11412,68,68
Image_11413,68,68
Image_11414,68,68
Image_11415,68,68
Image_11416,68,68
Image_11417,68,68
Image_11418,68,68
Image_11419,68,68
Image_11420,68,68
Image_11421,68,68
Image_11422,68,68
Image_11423,68,68
Image_11424,68,68
Image_11425,68,68
Image_11426,68,68
Image_11427,68,68
Image_11428,68,68
Image_11429,68,68
Image_11430,68,68
Image_11431,68,68
Image_11432,68,68
Image_11433,68,68
Image_11434,68,68
Image_11435,68,68
Image_11436,68,68
Image_11437,68,68
Image_11438,68,68
Image_11439,68,68
Image_11440,68,68
Image_11441,68,68
Image_11442,68,68
Image_11443,68,68
Image_11444,68,68
Image_11445,68,68
Image_11446,68,68
Image_11447,68,68
Image_11448,68,68
Image_11449,68,68
Image_11450,68,68
Image_11451,68,68
Image_11452,68,68
Image_11453,68,68
Image_11454,68,68
Image_11455,68,68
Image_11456,68,68
Image_11457,68,68
Image_11458,68,68
Image_11459,68,68
Image_11460,68,68
Image_11461,68,68
Image_11462,68,68
Image_11463,68,68
Image_11464,68,68
Image_11465,68,68
Image_11466,68,68
Image_11467,68,68
Image_11468,68,68
Image_11469,68,68
Image_11470,68,68
Image_11471,68,68
Image_11472,68,68
Image_11473,68,68
Image_11474,68,68
Image_11475,68,68
Image_11476,68,68
Image_11477,68,68
Image_11478,68,68
Image_11479,68,68
Image_11480,68,68
Image_11481,68,68
Image_11482,68,68
Image_11483,68,68
Image_11484,68,68
Image_11485,68,68
Image_11486,68,68
Image_11487,68,68
Image_11488,68,68
Image_11489,68,68
Image_11490,68,68
Image_11491,68,68
Image_11492,68,68
Image_11493,68,68
Image_11494,68,68
Image_11495,68,68
Image_11496,68,68
Image_11497,68,68
Image_11498,68,68
Image_11499,68,68
Image_11500,68,68
Image_11501,68,68
Image_11502,68,68
Image_11503,68,68
Image_11504,68,68
Image_11505,68,68
Image_11506,68,68
Image_11507,68,68
Image_11508,68,68
Image_11509,68,68
Image_11510,68,68
Image_11511,68,68
Image_11512,68,68
Image_11513,68,68
Image_11514,68,68
Image_11515,68,68
Image_11516,68,68
Image_11517,68,68
Image_11518,68,68
Image_11519,68,68
Image_11520,68,68
Image_11521,68,68
Image_11522,68,68
Image_11523,68,68
Image_11524,68,68
Image_11525,68,68
Image_11526,68,68
Image_11527,68,68
Image_11528,68,68
Image_11529,68,68
Image_11530,68,68
Image_11531,68,68
Image_11532,68,68
Image_11533,68,68
Image_11534,68,68
Image_11535,68,68
Image_11536,68,68
Image_11537,68,68
Image_11538,68,68
Image_11539,68,68
Image_11540,68,68
Image_11541,68,68
Image_11542,68,68
Image_11543,68,68
Image_11544,68,68
Image_11545,68,68
Image_11546,68,68
Image_11547,68,68
Image_11548,68,68
Image_11549,68,68
Image_11550,68,68
Image_11551,68,68
Image_11552,68,68
Image_11553,68,68
Image_11554,68,68
Image_11555,68,68
Image_11556,68,68
Image_11557,68,68
Image_11558,68,68
Image_11559,68,68
Image_11560,68,68
Image_11561,68,68
Image_11562,68,68
Image_11563,68,68
Image_11564,68,68
Image_11565,68,68
Image_11566,68,68
Image_11567,68,68
Image_11568,68,68
Image_11569,68,68
Image_11570,68,68
Image_11571,68,68
Image_11572,68,68
Image_11573,68,68
Image_11574,68,68
Image_11575,68,68
Image_11576,68,68
Image_11577,68,68
Image_11578,68,68
Image_11579,68,68
Image_11580,68,68
Image_11581,68,68
Image_11582,68,68
Image_11583,68,68
Image_11584,68,68
Image_11585,68,68
Image_11586,68,68
Image_11587,68,68
Image_11588,68,68
Image_11589,68,68
Image_11590,68,68
Image_11591,68,68
Image_11592,68,68
Image_11593,68,68
Image_11594,68,68
Image_11595,68,68
Image_11596,68,68
Image_11597,68,68
Image_11598,68,68
Image_11599,68,68
Image_11600,68,68
Image_11601,68,68
Image_11602,68,68
Image_11603,68,68
Image_11604,68,68
Image_11605,68,68
Image_11606,68,68
Image_11607,68,68
Image_11608,68,68
Image_11609,68,68
Image_11610,68,68
Image_11611,68,68
Image_11612,68,68
Image_11613,68,68
Image_11614,68,68
Image_11615,68,68
Image_11616,68,68
Image_11617,68,68
Image_11618,68,68
Image_11619,68,68
Image_11620,68,68
Image_11621,68,68
Image_11622,68,68
Image_11623,68,68
Image_11624,68,68
Image_11625,68,68
Image_11626,68,68
Image_11627,68,68
Image_11628,68,68
Image_11629,68,68
Image_11630,68,68
Image_11631,68,68
Image_11632,68,68
Image_11633,68,68
Image_11634,68,68
Image_11635,68,68
Image_11636,69,69
Image_11637,69,69
Image_11638,69,69
Image_11639,69,69
Image_11640,69,121
Image_11641,69,69
Image_11642,69,69
Image_11643,69,69
Image_11644,69,69
Image_11645,69,69
Image_11646,69,69
Image_11647,69,69
Image_11648,69,69
Image_11649,69,69
Image_11650,69,69
Image_11651,69,69
Image_11652,69,69
Image_11653,69,69
Image_11654,69,69
Image_11655,69,121
Image_11656,69,69
Image_11657,69,69
Image_11658,69,69
Image_11659,69,69
Image_11660,69,69
Image_11661,69,69
Image_11662,69,69
Image_11663,69,69
Image_11664,69,69
Image_11665,69,69
Image_11666,69,69
Image_11667,69,69
Image_11668,69,69
Image_11669,69,69
Image_11670,69,69
Image_11671,69,69
Image_11672,69,69
Image_11673,69,69
Image_11674,69,69
Image_11675,69,69
Image_11676,69,69
Image_11677,69,69
Image_11678,69,69
Image_11679,69,69
Image_11680,69,69
Image_11681,69,69
Image_11682,69,69
Image_11683,69,121
Image_11684,69,69
Image_11685,69,69
Image_11686,69,69
Image_11687,69,69
Image_11688,69,69
Image_11689,69,69
Image_11690,69,69
Image_11691,69,69
Image_11692,69,69
Image_11693,69,69
Image_11694,69,69
Image_11695,69,69
Image_11696,69,69
Image_11697,69,69
Image_11698,69,69
Image_11699,69,69
Image_11700,69,69
Image_11701,69,69
Image_11702,69,69
Image_11703,69,69
Image_11704,69,69
Image_11705,69,69
Image_11706,69,69
Image_11707,69,69
Image_11708,69,69
Image_11709,69,69
Image_11710,69,69
Image_11711,69,121
Image_11712,69,69
Image_11713,69,69
Image_11714,69,69
Image_11715,69,69
Image_11716,69,69
Image_11717,69,69
Image_11718,69,69
Image_11719,69,69
Image_11720,69,69
Image_11721,69,69
Image_11722,69,69
Image_11723,69,69
Image_11724,69,69
Image_11725,69,69
Image_11726,69,69
Image_11727,69,121
Image_11728,69,69
Image_11729,69,69
Image_11730,69,69
Image_11731,69,69
Image_11732,69,69
Image_11733,69,69
Image_11734,69,69
Image_11735,69,69
Image_11736,69,69
Image_11737,69,69
Image_11738,69,69
Image_11739,69,69
Image_11740,69,69
Image_11741,69,69
Image_11742,69,69
Image_11743,69,69
Image_11744,69,69
Image_11745,69,69
Image_11746,69,69
Image_11747,69,69
Image_11748,69,69
Image_11749,69,69
Image_11750,69,69
Image_11751,69,69
Image_11752,69,69
Image_11753,69,69
Image_11754,69,69
Image_11755,69,69
Image_11756,69,69
Image_11757,69,69
Image_11758,69,69
Image_11759,69,69
Image_11760,69,69
Image_11761,69,69
Image_11762,69,69
Image_11763,69,69
Image_11764,69,69
Image_11765,69,69
Image_11766,69,69
Image_11767,69,69
Image_11768,69,69
Image_11769,69,69
Image_11770,69,69
Image_11771,69,69
Image_11772,69,69
Image_11773,69,69
Image_11774,69,69
Image_11775,69,69
Image_11776,69,69
Image_11777,69,69
Image_11778,69,69
Image_11779,69,69
Image_11780,69,69
Image_11781,69,69
Image_11782,69,69
Image_11783,69,69
Image_11784,69,69
Image_11785,69,69
Image_11786,69,121
Image_11787,69,69
Image_11788,69,69
Image_11789,69,69
Image_11790,69,69
Image_11791,69,69
Image_11792,69,69
Image_11793,69,69
Image_11794,69,69
Image_11795,69,121
Image_11796,69,69
Image_11797,70,70
Image_11798,70,70
Image_11799,70,70
Image_11800,70,70
Image_11801,70,70
Image_11802,70,70
Image_11803,70,70
Image_11804,70,70
Image_11805,70,70
Image_11806,70,70
Image_11807,70,70
Image_11808,70,70
Image_11809,70,70
Image_11810,70,70
Image_11811,70,70
Image_11812,70,70
Image_11813,70,70
Image_11814,70,70
Image_11815,70,70
Image_11816,70,70
Image_11817,70,70
Image_11818,70,70
Image_11819,70,70
Image_11820,70,70
Image_11821,70,70
Image_11822,70,70
Image_11823,70,70
Image_11824,70,70
Image_11825,70,70
Image_11826,70,70
Image_11827,70,70
Image_11828,70,70
Image_11829,70,70
Image_11830,70,70
Image_11831,70,70
Image_11832,70,70
Image_11833,70,70
Image_11834,70,70
Image_11835,70,70
Image_11836,70,70
Image_11837,70,70
Image_11838,70,70
Image_11839,70,70
Image_11840,70,70
Image_11841,70,70
Image_11842,70,70
Image_11843,70,70
Image_11844,70,70
Image_11845,70,70
Image_11846,70,70
Image_11847,70,70
Image_11848,70,70
Image_11849,70,70
Image_11850,70,70
Image_11851,70,70
Image_11852,70,70
Image_11853,70,70
Image_11854,70,70
Image_11855,70,70
Image_11856,70,70
Image_11857,70,70
Image_11858,70,70
Image_11859,70,70
Image_11860,70,70
Image_11861,70,70
Image_11862,70,70
Image_11863,70,70
Image_11864,70,70
Image_11865,70,70
Image_11866,70,70
Image_11867,70,70
Image_11868,70,70
Image_11869,70,70
Image_11870,70,70
Image_11871,70,70
Image_11872,70,70
Image_11873,70,70
Image_11874,70,70
Image_11875,70,70
Image_11876,70,70
Image_11877,70,70
Image_11878,70,70
Image_11879,70,70
Image_11880,70,70
Image_11881,70,70
Image_11882,70,70
Image_11883,70,70
Image_11884,70,70
Image_11885,70,70
Image_11886,70,70
Image_11887,70,70
Image_11888,70,70
Image_11889,70,70
Image_11890,70,70
Image_11891,70,70
Image_11892,70,70
Image_11893,70,70
Image_11894,70,70
Image_11895,70,70
Image_11896,70,70
Image_11897,70,70
Image_11898,70,70
Image_11899,70,70
Image_11900,70,70
Image_11901,70,70
Image_11902,70,70
Image_11903,70,70
Image_11904,70,70
Image_11905,70,70
Image_11906,70,70
Image_11907,70,70
Image_11908,70,70
Image_11909,70,70
Image_11910,70,70
Image_11911,70,70
Image_11912,70,70
Image_11913,70,70
Image_11914,70,70
Image_11915,70,70
Image_11916,70,70
Image_11917,70,70
Image_11918,70,70
Image_11919,70,70
Image_11920,70,70
Image_11921,70,70
Image_11922,70,70
Image_11923,70,70
Image_11924,70,70
Image_11925,70,70
Image_11926,70,70
Image_11927,70,70
Image_11928,70,70
Image_11929,70,70
Image_11930,70,70
Image_11931,70,70
Image_11932,70,70
Image_11933,70,70
Image_11934,70,70
Image_11935,70,70
Image_11936,70,70
Image_11937,70,70
Image_11938,70,70
Image_11939,70,70
Image_11940,70,70
Image_11941,70,70
Image_11942,71,71
Image_11943,71,71
Image_11944,71,71
Image_11945,71,71
Image_11946,71,71
Image_11947,71,71
Image_11948,71,71
Image_11949,71,71
Image_11950,71,71
Image_11951,71,71
Image_11952,71,71
Image_11953,71,71
Image_11954,71,71
Image_11955,71,71
Image_11956,71,71
Image_11957,71,71
Image_11958,71,71
Image_11959,71,71
Image_11960,71,71
Image_11961,71,71
Image_11962,71,71
Image_11963,71,71
Image_11964,71,71
Image_11965,71,71
Image_11966,71,71
Image_11967,71,71
Image_11968,71,71
Image_11969,71,71
Image_11970,71,71
Image_11971,71,71
Image_11972,71,71
Image_11973,71,71
Image_11974,71,71
Image_11975,71,71
Image_11976,71,71
Image_11977,71,71
Image_11978,71,71
Image_11979,71,71
Image_11980,71,71
Image_11981,71,71
Image_11982,71,71
Image_11983,71,71
Image_11984,71,71
Image_11985,71,71
Image_11986,71,71
Image_11987,71,71
Image_11988,71,71
Image_11989,71,71
Image_11990,71,71
Image_11991,71,71
Image_11992,71,71
Image_11993,71,71
Image_11994,71,71
Image_11995,71,71
Image_11996,71,71
Image_11997,71,71
Image_11998,71,71
Image_11999,71,71
Image_12000,71,71
Image_12001,71,71
Image_12002,71,71
Image_12003,71,71
Image_12004,71,71
Image_12005,71,71
Image_12006,71,71
Image_12007,71,71
Image_12008,71,71
Image_12009,71,71
Image_12010,71,71
Image_12011,71,71
Image_12012,71,71
Image_12013,71,71
Image_12014,71,71
Image_12015,71,71
Image_12016,71,71
Image_12017,71,71
Image_12018,71,71
Image_12019,71,71
Image_12020,71,71
Image_12021,71,71
Image_12022,71,71
Image_12023,71,71
Image_12024,71,71
Image_12025,71,71
Image_12026,71,71
Image_12027,71,71
Image_12028,71,71
Image_12029,71,71
Image_12030,71,71
Image_12031,71,71
Image_12032,71,71
Image_12033,71,71
Image_12034,71,71
Image_12035,71,71
Image_12036,71,71
Image_12037,71,71
Image_12038,71,71
Image_12039,71,71
Image_12040,71,71
Image_12041,71,71
Image_12042,71,71
Image_12043,71,71
Image_12044,71,71
Image_12045,71,71
Image_12046,71,71
Image_12047,71,71
Image_12048,71,71
Image_12049,71,71
Image_12050,71,71
Image_12051,71,71
Image_12052,71,71
Image_12053,71,71
Image_12054,71,71
Image_12055,71,71
Image_12056,71,71
Image_12057,71,71
Image_12058,71,71
Image_12059,71,71
Image_12060,71,71
Image_12061,71,71
Image_12062,71,71
Image_12063,71,71
Image_12064,71,71
Image_12065,71,71
Image_12066,71,71
Image_12067,71,71
Image_12068,71,71
Image_12069,71,71
Image_12070,71,71
Image_12071,71,71
Image_12072,71,71
Image_12073,71,71
Image_12074,71,71
Image_12075,71,71
Image_12076,71,71
Image_12077,71,71
Image_12078,71,71
Image_12079,71,71
Image_12080,71,71
Image_12081,71,71
Image_12082,71,71
Image_12083,71,71
Image_12084,71,71
Image_12085,71,71
Image_12086,71,71
Image_12087,71,71
Image_12088,71,71
Image_12089,71,71
Image_12090,71,71
Image_12091,71,71
Image_12092,71,71
Image_12093,71,71
Image_12094,71,71
Image_12095,71,71
Image_12096,71,71
Image_12097,72,72
Image_12098,72,72
Image_12099,72,72
Image_12100,72,72
Image_12101,72,72
Image_12102,72,72
Image_12103,72,72
Image_12104,72,72
Image_12105,72,72
Image_12106,72,72
Image_12107,72,72
Image_12108,72,72
Image_12109,72,72
Image_12110,72,72
Image_12111,72,72
Image_12112,72,72
Image_12113,72,72
Image_12114,72,72
Image_12115,72,72
Image_12116,72,72
Image_12117,72,72
Image_12118,72,72
Image_12119,72,72
Image_12120,72,72
Image_12121,72,72
Image_12122,72,72
Image_12123,72,72
Image_12124,72,72
Image_12125,72,72
Image_12126,72,72
Image_12127,72,72
Image_12128,72,72
Image_12129,72,72
Image_12130,72,72
Image_12131,72,72
Image_12132,72,72
Image_12133,72,72
Image_12134,72,72
Image_12135,72,72
Image_12136,72,72
Image_12137,72,72
Image_12138,72,72
Image_12139,72,72
Image_12140,72,72
Image_12141,72,72
Image_12142,72,72
Image_12143,72,72
Image_12144,72,72
Image_12145,72,72
Image_12146,72,72
Image_12147,72,72
Image_12148,72,72
Image_12149,72,72
Image_12150,72,72
Image_12151,72,72
Image_12152,72,72
Image_12153,72,72
Image_12154,72,72
Image_12155,72,72
Image_12156,72,72
Image_12157,72,72
Image_12158,72,72
Image_12159,72,72
Image_12160,72,72
Image_12161,72,72
Image_12162,72,72
Image_12163,72,72
Image_12164,72,72
Image_12165,72,72
Image_12166,72,72
Image_12167,72,72
Image_12168,72,72
Image_12169,72,72
Image_12170,72,72
Image_12171,72,72
Image_12172,72,72
Image_12173,72,72
Image_12174,72,72
Image_12175,72,72
Image_12176,72,72
Image_12177,72,72
Image_12178,72,72
Image_12179,72,72
Image_12180,72,72
Image_12181,72,72
Image_12182,72,72
Image_12183,72,72
Image_12184,72,72
Image_12185,72,72
Image_12186,72,72
Image_12187,72,72
Image_12188,72,72
Image_12189,72,72
Image_12190,72,72
Image_12191,72,72
Image_12192,72,72
Image_12193,72,72
Image_12194,72,72
Image_12195,72,72
Image_12196,72,72
Image_12197,72,72
Image_12198,72,72
Image_12199,72,72
Image_12200,72,72
Image_12201,72,72
Image_12202,72,72
Image_12203,72,72
Image_12204,72,72
Image_12205,72,72
Image_12206,72,72
Image_12207,72,72
Image_12208,72,72
Image_12209,72,72
Image_12210,72,72
Image_12211,72,72
Image_12212,72,72
Image_12213,72,72
Image_12214,72,72
Image_12215,72,72
Image_12216,72,72
Image_12217,72,72
Image_12218,72,72
Image_12219,72,72
Image_12220,72,72
Image_12221,72,72
Image_12222,72,72
Image_12223,72,72
Image_12224,72,72
Image_12225,72,72
Image_12226,72,72
Image_12227,72,72
Image_12228,72,72
Image_12229,72,72
Image_12230,72,72
Image_12231,72,72
Image_12232,72,72
Image_12233,72,72
Image_12234,72,72
Image_12235,72,72
Image_12236,72,72
Image_12237,72,72
Image_12238,72,72
Image_12239,72,72
Image_12240,72,72
Image_12241,72,72
Image_12242,72,72
Image_12243,72,72
Image_12244,72,72
Image_12245,72,72
Image_12246,72,72
Image_12247,72,72
Image_12248,72,72
Image_12249,72,72
Image_12250,72,72
Image_12251,72,72
Image_12252,72,72
Image_12253,73,73
Image_12254,73,73
Image_12255,73,73
Image_12256,73,73
Image_12257,73,73
Image_12258,73,73
Image_12259,73,73
Image_12260,73,73
Image_12261,73,73
Image_12262,73,73
Image_12263,73,73
Image_12264,73,73
Image_12265,73,73
Image_12266,73,73
Image_12267,73,73
Image_12268,73,73
Image_12269,73,73
Image_12270,73,73
Image_12271,73,73
Image_12272,73,73
Image_12273,73,73
Image_12274,73,73
Image_12275,73,73
Image_12276,73,73
Image_12277,73,73
Image_12278,73,10
Image_12279,73,73
Image_12280,73,73
Image_12281,73,73
Image_12282,73,73
Image_12283,73,73
Image_12284,73,73
Image_12285,73,73
Image_12286,73,73
Image_12287,73,73
Image_12288,73,73
Image_12289,73,73
Image_12290,73,73
Image_12291,73,73
Image_12292,73,53
Image_12293,73,73
Image_12294,73,73
Image_12295,73,73
Image_12296,73,73
Image_12297,73,73
Image_12298,73,73
Image_12299,73,73
Image_12300,73,73
Image_12301,73,53
Image_12302,73,73
Image_12303,73,73
Image_12304,73,73
Image_12305,73,73
Image_12306,73,73
Image_12307,73,73
Image_12308,73,73
Image_12309,73,73
Image_12310,73,73
Image_12311,73,73
Image_12312,73,73
Image_12313,73,73
Image_12314,73,73
Image_12315,73,73
Image_12316,73,73
Image_12317,73,73
Image_12318,73,73
Image_12319,73,73
Image_12320,73,73
Image_12321,73,73
Image_12322,73,73
Image_12323,73,73
Image_12324,73,73
Image_12325,73,73
Image_12326,73,73
Image_12327,73,73
Image_12328,73,73
Image_12329,73,73
Image_12330,73,73
Image_12331,73,73
Image_12332,73,73
Image_12333,73,73
Image_12334,73,73
Image_12335,73,73
Image_12336,73,73
Image_12337,73,73
Image_12338,73,73
Image_12339,73,73
Image_12340,73,73
Image_12341,73,73
Image_12342,73,73
Image_12343,73,73
Image_12344,73,73
Image_12345,73,73
Image_12346,73,73
Image_12347,73,73
Image_12348,73,73
Image_12349,73,73
Image_12350,73,73
Image_12351,73,73
Image_12352,73,73
Image_12353,73,73
Image_12354,73,73
Image_12355,73,73
Image_12356,73,73
Image_12357,73,73
Image_12358,73,64
Image_12359,73,73
Image_12360,73,73
Image_12361,73,73
Image_12362,73,73
Image_12363,73,73
Image_12364,73,73
Image_12365,73,73
Image_12366,73,73
Image_12367,73,73
Image_12368,73,73
Image_12369,73,111
Image_12370,73,73
Image_12371,73,73
Image_12372,73,73
Image_12373,73,64
Image_12374,73,73
Image_12375,73,73
Image_12376,73,73
Image_12377,73,73
Image_12378,73,73
Image_12379,73,73
Image_12380,73,73
Image_12381,73,73
Image_12382,73,73
Image_12383,73,73
Image_12384,73,73
Image_12385,73,73
Image_12386,73,73
Image_12387,73,73
Image_12388,73,73
Image_12389,73,73
Image_12390,73,73
Image_12391,73,73
Image_12392,73,73
Image_12393,73,73
Image_12394,73,73
Image_12395,73,73
Image_12396,73,73
Image_12397,73,73
Image_12398,73,73
Image_12399,73,73
Image_12400,73,73
Image_12401,73,73
Image_12402,73,73
Image_12403,73,73
Image_12404,73,73
Image_12405,73,73
Image_12406,73,73
Image_12407,73,64
Image_12408,73,73
Image_12409,73,73
Image_12410,74,74
Image_12411,74,74
Image_12412,74,74
Image_12413,74,74
Image_12414,74,74
Image_12415,74,74
Image_12416,74,74
Image_12417,74,74
Image_12418,74,74
Image_12419,74,74
Image_12420,74,74
Image_12421,74,74
Image_12422,74,74
Image_12423,74,74
Image_12424,74,74
Image_12425,74,74
Image_12426,74,74
Image_12427,74,74
Image_12428,74,74
Image_12429,74,74
Image_12430,74,74
Image_12431,74,74
Image_12432,74,74
Image_12433,74,74
Image_12434,74,74
Image_12435,74,74
Image_12436,74,74
Image_12437,74,74
Image_12438,74,74
Image_12439,74,74
Image_12440,74,74
Image_12441,74,74
Image_12442,74,74
Image_12443,74,74
Image_12444,74,74
Image_12445,74,74
Image_12446,74,74
Image_12447,74,74
Image_12448,74,74
Image_12449,74,74
Image_12450,74,74
Image_12451,74,74
Image_12452,74,74
Image_12453,74,74
Image_12454,74,74
Image_12455,74,74
Image_12456,74,74
Image_12457,74,74
Image_12458,74,74
Image_12459,74,74
Image_12460,74,74
Image_12461,74,74
Image_12462,74,74
Image_12463,74,74
Image_12464,74,74
Image_12465,74,74
Image_12466,74,74
Image_12467,74,74
Image_12468,74,74
Image_12469,74,74
Image_12470,74,74
Image_12471,74,74
Image_12472,74,74
Image_12473,74,74
Image_12474,74,74
Image_12475,74,74
Image_12476,74,74
Image_12477,74,74
Image_12478,74,74
Image_12479,74,74
Image_12480,74,74
Image_12481,74,74
Image_12482,74,74
Image_12483,74,74
Image_12484,74,74
Image_12485,74,74
Image_12486,74,74
Image_12487,74,74
Image_12488,74,74
Image_12489,74,74
Image_12490,74,74
Image_12491,74,74
Image_12492,74,74
Image_12493,74,74
Image_12494,74,74
Image_12495,74,74
Image_12496,74,74
Image_12497,74,74
Image_12498,74,74
Image_12499,74,74
Image_12500,74,74
Image_12501,74,74
Image_12502,74,74
Image_12503,74,74
Image_12504,74,74
Image_12505,74,74
Image_12506,74,74
Image_12507,74,74
Image_12508,74,74
Image_12509,74,74
Image_12510,74,74
Image_12511,74,74
Image_12512,74,74
Image_12513,74,74
Image_12514,74,74
Image_12515,74,74
Image_12516,74,74
Image_12517,74,74
Image_12518,74,74
Image_12519,74,74
Image_12520,74,74
Image_12521,74,74
Image_12522,74,74
Image_12523,74,74
Image_12524,74,74
Image_12525,74,74
Image_12526,74,74
Image_12527,74,74
Image_12528,74,74
Image_12529,74,74
Image_12530,74,74
Image_12531,74,74
Image_12532,74,74
Image_12533,74,74
Image_12534,74,74
Image_12535,74,74
Image_12536,74,74
Image_12537,74,74
Image_12538,74,74
Image_12539,74,74
Image_12540,74,74
Image_12541,74,74
Image_12542,74,74
Image_12543,74,74
Image_12544,74,74
Image_12545,74,74
Image_12546,74,74
Image_12547,74,74
Image_12548,74,74
Image_12549,74,74
Image_12550,74,74
Image_12551,74,74
Image_12552,74,74
Image_12553,74,74
Image_12554,74,74
Image_12555,74,74
Image_12556,74,74
Image_12557,74,74
Image_12558,74,74
Image_12559,74,74
Image_12560,74,74
Image_12561,74,74
Image_12562,74,74
Image_12563,74,74
Image_12564,74,74
Image_12565,74,74
Image_12566,74,74
Image_12567,74,74
Image_12568,75,75
Image_12569,75,75
Image_12570,75,75
Image_12571,75,75
Image_12572,75,75
Image_12573,75,75
Image_12574,75,75
Image_12575,75,75
Image_12576,75,75
Image_12577,75,75
Image_12578,75,75
Image_12579,75,75
Image_12580,75,75
Image_12581,75,75
Image_12582,75,75
Image_12583,75,75
Image_12584,75,75
Image_12585,75,75
Image_12586,75,75
Image_12587,75,75
Image_12588,75,100
Image_12589,75,75
Image_12590,75,75
Image_12591,75,75
Image_12592,75,75
Image_12593,75,75
Image_12594,75,75
Image_12595,75,75
Image_12596,75,75
Image_12597,75,75
Image_12598,75,75
Image_12599,75,75
Image_12600,75,75
Image_12601,75,75
Image_12602,75,75
Image_12603,75,75
Image_12604,75,75
Image_12605,75,75
Image_12606,75,75
Image_12607,75,75
Image_12608,75,75
Image_12609,75,75
Image_12610,75,75
Image_12611,75,75
Image_12612,75,75
Image_12613,75,75
Image_12614,75,100
Image_12615,75,75
Image_12616,75,75
Image_12617,75,75
Image_12618,75,106
Image_12619,75,75
Image_12620,75,75
Image_12621,75,75
Image_12622,75,75
Image_12623,75,75
Image_12624,75,75
Image_12625,75,100
Image_12626,75,75
Image_12627,75,75
Image_12628,75,75
Image_12629,75,75
Image_12630,75,75
Image_12631,75,75
Image_12632,75,75
Image_12633,75,75
Image_12634,75,75
Image_12635,75,75
Image_12636,75,75
Image_12637,75,75
Image_12638,75,75
Image_12639,75,100
Image_12640,75,75
Image_12641,75,75
Image_12642,75,75
Image_12643,75,75
Image_12644,75,75
Image_12645,75,75
Image_12646,75,75
Image_12647,75,75
Image_12648,75,75
Image_12649,75,75
Image_12650,75,75
Image_12651,75,75
Image_12652,75,75
Image_12653,75,75
Image_12654,75,75
Image_12655,75,75
Image_12656,75,75
Image_12657,75,75
Image_12658,75,75
Image_12659,75,75
Image_12660,75,75
Image_12661,75,75
Image_12662,75,75
Image_12663,75,75
Image_12664,75,75
Image_12665,75,75
Image_12666,75,75
Image_12667,75,75
Image_12668,75,75
Image_12669,75,75
Image_12670,75,75
Image_12671,75,75
Image_12672,75,75
Image_12673,75,75
Image_12674,75,100
Image_12675,75,100
Image_12676,75,75
Image_12677,75,75
Image_12678,75,75
Image_12679,75,75
Image_12680,75,75
Image_12681,75,100
Image_12682,75,100
Image_12683,75,75
Image_12684,75,75
Image_12685,75,100
Image_12686,75,75
Image_12687,75,75
Image_12688,75,75
Image_12689,75,75
Image_12690,75,75
Image_12691,75,75
Image_12692,75,75
Image_12693,75,75
Image_12694,75,75
Image_12695,75,75
Image_12696,75,75
Image_12697,75,75
Image_12698,75,75
Image_12699,75,75
Image_12700,75,75
Image_12701,75,75
Image_12702,75,75
Image_12703,75,75
Image_12704,75,75
Image_12705,75,75
Image_12706,75,75
Image_12707,75,75
Image_12708,75,75
Image_12709,75,75
Image_12710,75,100
Image_12711,75,75
Image_12712,75,75
Image_12713,75,100
Image_12714,75,75
Image_12715,75,75
Image_12716,75,75
Image_12717,75,75
Image_12718,75,100
Image_12719,75,75
Image_12720,75,75
Image_12721,75,75
Image_12722,75,75
Image_12723,75,75
Image_12724,76,76
Image_12725,76,76
Image_12726,76,76
Image_12727,76,76
Image_12728,76,76
Image_12729,76,76
Image_12730,76,76
Image_12731,76,76
Image_12732,76,76
Image_12733,76,76
Image_12734,76,76
Image_12735,76,76
Image_12736,76,76
Image_12737,76,76
Image_12738,76,76
Image_12739,76,76
Image_12740,76,76
Image_12741,76,76
Image_12742,76,76
Image_12743,76,76
Image_12744,76,76
Image_12745,76,76
Image_12746,76,76
Image_12747,76,76
Image_12748,76,76
Image_12749,76,76
Image_12750,76,76
Image_12751,76,76
Image_12752,76,76
Image_12753,76,76
Image_12754,76,76
Image_12755,76,76
Image_12756,76,76
Image_12757,76,76
Image_12758,76,76
Image_12759,76,76
Image_12760,76,76
Image_12761,76,76
Image_12762,76,76
Image_12763,76,76
Image_12764,76,76
Image_12765,76,76
Image_12766,76,76
Image_12767,76,76
Image_12768,76,76
Image_12769,76,76
Image_12770,76,76
Image_12771,76,76
Image_12772,76,76
Image_12773,76,76
Image_12774,76,76
Image_12775,76,76
Image_12776,76,76
Image_12777,76,76
Image_12778,76,76
Image_12779,76,76
Image_12780,76,76
Image_12781,76,76
Image_12782,76,76
Image_12783,76,76
Image_12784,76,76
Image_12785,76,76
Image_12786,76,76
Image_12787,76,76
Image_12788,76,76
Image_12789,76,76
Image_12790,76,76
Image_12791,76,76
Image_12792,76,76
Image_12793,76,76
Image_12794,76,76
Image_12795,76,76
Image_12796,76,76
Image_12797,76,76
Image_12798,76,76
Image_12799,76,76
Image_12800,76,76
Image_12801,76,76
Image_12802,76,76
Image_12803,76,76
Image_12804,76,76
Image_12805,76,76
Image_12806,76,76
Image_12807,76,76
Image_12808,76,76
Image_12809,76,76
Image_12810,76,76
Image_12811,76,76
Image_12812,76,76
Image_12813,76,76
Image_12814,76,76
Image_12815,76,76
Image_12816,76,76
Image_12817,76,76
Image_12818,76,76
Image_12819,76,76
Image_12820,76,76
Image_12821,76,76
Image_12822,76,76
Image_12823,76,76
Image_12824,76,76
Image_12825,76,76
Image_12826,76,76
Image_12827,76,76
Image_12828,76,76
Image_12829,76,76
Image_12830,76,76
Image_12831,76,76
Image_12832,76,76
Image_12833,76,76
Image_12834,76,76
Image_12835,76,76
Image_12836,76,76
Image_12837,76,76
Image_12838,76,76
Image_12839,76,76
Image_12840,76,76
Image_12841,76,76
Image_12842,76,76
Image_12843,76,76
Image_12844,76,76
Image_12845,76,76
Image_12846,76,76
Image_12847,76,76
Image_12848,76,76
Image_12849,76,76
Image_12850,76,76
Image_12851,76,76
Image_12852,76,76
Image_12853,76,76
Image_12854,76,76
Image_12855,76,76
Image_12856,76,76
Image_12857,76,76
Image_12858,76,76
Image_12859,76,76
Image_12860,76,76
Image_12861,76,76
Image_12862,76,76
Image_12863,76,76
Image_12864,76,76
Image_12865,76,76
Image_12866,76,76
Image_12867,76,76
Image_12868,76,76
Image_12869,76,76
Image_12870,76,76
Image_12871,76,76
Image_12872,76,76
Image_12873,76,76
Image_12874,76,76
Image_12875,76,76
Image_12876,76,76
Image_12877,76,76
Image_12878,76,76
Image_12879,76,76
Image_12880,76,76
Image_12881,76,76
Image_12882,76,76
Image_12883,76,76
Image_12884,76,76
Image_12885,76,76
Image_12886,76,76
Image_12887,76,76
Image_12888,76,76
Image_12889,76,76
Image_12890,76,76
Image_12891,76,76
Image_12892,76,76
Image_12893,76,76
Image_12894,76,76
Image_12895,76,76
Image_12896,76,76
Image_12897,76,76
Image_12898,76,76
Image_12899,76,76
Image_12900,76,76
Image_12901,76,76
Image_12902,76,76
Image_12903,76,76
Image_12904,76,76
Image_12905,76,76
Image_12906,76,76
Image_12907,76,76
Image_12908,76,76
Image_12909,76,76
Image_12910,76,76
Image_12911,76,76
Image_12912,76,76
Image_12913,76,76
Image_12914,76,76
Image_12915,76,76
Image_12916,76,76
Image_12917,76,76
Image_12918,76,76
Image_12919,76,76
Image_12920,76,76
Image_12921,76,76
Image_12922,76,76
Image_12923,76,76
Image_12924,76,76
Image_12925,76,76
Image_12926,76,76
Image_12927,76,76
Image_12928,76,76
Image_12929,76,76
Image_12930,76,76
Image_12931,76,76
Image_12932,76,76
Image_12933,76,76
Image_12934,76,76
Image_12935,76,76
Image_12936,76,76
Image_12937,76,76
Image_12938,76,76
Image_12939,76,76
Image_12940,76,76
Image_12941,76,76
Image_12942,76,76
Image_12943,76,76
Image_12944,76,76
Image_12945,76,76
Image_12946,76,76
Image_12947,76,76
Image_12948,76,76
Image_12949,76,76
Image_12950,77,77
Image_12951,77,77
Image_12952,77,77
Image_12953,77,77
Image_12954,77,77
Image_12955,77,77
Image_12956,77,1
Image_12957,77,1
Image_12958,77,77
Image_12959,77,77
Image_12960,77,77
Image_12961,77,77
Image_12962,77,77
Image_12963,77,77
Image_12964,77,77
Image_12965,77,77
Image_12966,77,77
Image_12967,77,77
Image_12968,77,77
Image_12969,77,77
Image_12970,77,77
Image_12971,77,77
Image_12972,77,1
Image_12973,77,77
Image_12974,77,77
Image_12975,77,77
Image_12976,77,77
Image_12977,77,77
Image_12978,77,90
Image_12979,77,77
Image_12980,77,77
Image_12981,77,77
Image_12982,77,77
Image_12983,77,77
Image_12984,77,77
Image_12985,77,77
Image_12986,77,1
Image_12987,77,77
Image_12988,77,77
Image_12989,77,77
Image_12990,77,77
Image_12991,77,77
Image_12992,77,77
Image_12993,77,77
Image_12994,77,77
Image_12995,77,77
Image_12996,77,77
Image_12997,77,77
Image_12998,77,77
Image_12999,77,77
Image_13000,77,77
Image_13001,77,77
Image_13002,77,77
Image_13003,77,77
Image_13004,77,77
Image_13005,77,77
Image_13006,77,77
Image_13007,77,77
Image_13008,77,77
Image_13009,77,77
Image_13010,77,86
Image_13011,77,1
Image_13012,77,77
Image_13013,77,86
Image_13014,77,77
Image_13015,77,1
Image_13016,77,77
Image_13017,77,77
Image_13018,77,77
Image_13019,77,77
Image_13020,77,86
Image_13021,77,77
Image_13022,77,77
Image_13023,77,77
Image_13024,77,1
Image_13025,77,77
Image_13026,77,86
Image_13027,77,77
Image_13028,77,77
Image_13029,77,77
Image_13030,77,86
Image_13031,77,77
Image_13032,77,77
Image_13033,77,77
Image_13034,77,86
Image_13035,77,77
Image_13036,77,77
Image_13037,77,90
Image_13038,77,77
Image_13039,77,77
Image_13040,77,77
Image_13041,77,1
Image_13042,77,77
Image_13043,77,86
Image_13044,77,77
Image_13045,77,77
Image_13046,77,77
Image_13047,77,1
Image_13048,77,77
Image_13049,77,1
Image_13050,77,77
Image_13051,77,77
Image_13052,77,86
Image_13053,77,1
Image_13054,77,86
Image_13055,77,77
Image_13056,77,77
Image_13057,77,77
Image_13058,77,77
Image_13059,77,1
Image_13060,77,77
Image_13061,77,86
Image_13062,77,77
Image_13063,77,77
Image_13064,77,77
Image_13065,77,1
Image_13066,77,77
Image_13067,77,77
Image_13068,77,77
Image_13069,77,77
Image_13070,77,77
Image_13071,77,77
Image_13072,77,77
Image_13073,77,84
Image_13074,77,77
Image_13075,77,77
Image_13076,77,77
Image_13077,77,77
Image_13078,77,84
Image_13079,77,77
Image_13080,77,77
Image_13081,77,77
Image_13082,77,77
Image_13083,77,77
Image_13084,77,77
Image_13085,77,77
Image_13086,77,77
Image_13087,77,77
Image_13088,77,77
Image_13089,77,86
Image_13090,77,77
Image_13091,77,77
Image_13092,77,77
Image_13093,77,77
Image_13094,77,77
Image_13095,77,77
Image_13096,77,86
Image_13097,77,77
Image_13098,77,86
Image_13099,77,77
Image_13100,77,77
Image_13101,77,77
Image_13102,77,77
Image_13103,77,77
Image_13104,77,77
Image_13105,77,77
Image_13106,77,77
Image_13107,77,77
Image_13108,77,77
Image_13109,78,78
Image_13110,78,78
Image_13111,78,78
Image_13112,78,78
Image_13113,78,78
Image_13114,78,78
Image_13115,78,78
Image_13116,78,78
Image_13117,78,78
Image_13118,78,78
Image_13119,78,78
Image_13120,78,78
Image_13121,78,78
Image_13122,78,78
Image_13123,78,78
Image_13124,78,78
Image_13125,78,78
Image_13126,78,78
Image_13127,78,78
Image_13128,78,78
Image_13129,78,78
Image_13130,78,78
Image_13131,78,78
Image_13132,78,78
Image_13133,78,78
Image_13134,78,78
Image_13135,78,78
Image_13136,78,78
Image_13137,78,78
Image_13138,78,78
Image_13139,78,78
Image_13140,78,78
Image_13141,78,78
Image_13142,78,78
Image_13143,78,78
Image_13144,78,78
Image_13145,78,78
Image_13146,78,78
Image_13147,78,78
Image_13148,78,78
Image_13149,78,78
Image_13150,78,78
Image_13151,78,78
Image_13152,78,78
Image_13153,78,78
Image_13154,78,78
Image_13155,78,78
Image_13156,78,78
Image_13157,78,78
Image_13158,78,78
Image_13159,78,78
Image_13160,78,78
Image_13161,78,78
Image_13162,78,78
Image_13163,78,78
Image_13164,78,78
Image_13165,78,78
Image_13166,78,78
Image_13167,78,78
Image_13168,78,78
Image_13169,78,78
Image_13170,78,78
Image_13171,78,78
Image_13172,78,78
Image_13173,78,78
Image_13174,78,78
Image_13175,78,78
Image_13176,78,78
Image_13177,78,78
Image_13178,78,78
Image_13179,78,78
Image_13180,78,78
Image_13181,78,78
Image_13182,78,78
Image_13183,78,78
Image_13184,78,78
Image_13185,78,78
Image_13186,78,78
Image_13187,78,78
Image_13188,78,78
Image_13189,78,78
Image_13190,78,78
Image_13191,78,78
Image_13192,78,78
Image_13193,78,78
Image_13194,78,78
Image_13195,78,78
Image_13196,78,78
Image_13197,78,78
Image_13198,78,78
Image_13199,78,78
Image_13200,78,78
Image_13201,78,78
Image_13202,78,78
Image_13203,78,78
Image_13204,78,78
Image_13205,78,78
Image_13206,78,78
Image_13207,78,78
Image_13208,78,78
Image_13209,78,78
Image_13210,78,78
Image_13211,78,78
Image_13212,78,78
Image_13213,78,78
Image_13214,78,78
Image_13215,78,78
Image_13216,78,78
Image_13217,78,78
Image_13218,78,78
Image_13219,78,78
Image_13220,78,78
Image_13221,78,78
Image_13222,78,78
Image_13223,78,78
Image_13224,78,78
Image_13225,78,78
Image_13226,78,78
Image_13227,78,78
Image_13228,78,78
Image_13229,78,78
Image_13230,78,78
Image_13231,78,78
Image_13232,78,78
Image_13233,78,78
Image_13234,78,78
Image_13235,78,78
Image_13236,78,78
Image_13237,78,78
Image_13238,78,78
Image_13239,78,78
Image_13240,78,78
Image_13241,78,78
Image_13242,78,78
Image_13243,78,78
Image_13244,78,78
Image_13245,78,78
Image_13246,78,78
Image_13247,78,78
Image_13248,78,78
Image_13249,78,78
Image_13250,78,78
Image_13251,78,78
Image_13252,78,78
Image_13253,78,78
Image_13254,78,78
Image_13255,78,78
Image_13256,78,78
Image_13257,78,78
Image_13258,78,78
Image_13259,78,78
Image_13260,78,78
Image_13261,78,78
Image_13262,78,78
Image_13263,78,78
Image_13264,78,78
Image_13265,78,78
Image_13266,78,78
Image_13267,78,78
Image_13268,79,79
Image_13269,79,79
Image_13270,79,79
Image_13271,79,79
Image_13272,79,79
Image_13273,79,79
Image_13274,79,79
Image_13275,79,79
Image_13276,79,79
Image_13277,79,79
Image_13278,79,79
Image_13279,79,79
Image_13280,79,79
Image_13281,79,79
Image_13282,79,79
Image_13283,79,79
Image_13284,79,79
Image_13285,79,79
Image_13286,79,79
Image_13287,79,79
Image_13288,79,79
Image_13289,79,79
Image_13290,79,79
Image_13291,79,79
Image_13292,79,79
Image_13293,79,79
Image_13294,79,79
Image_13295,79,79
Image_13296,79,79
Image_13297,79,79
Image_13298,79,79
Image_13299,79,79
Image_13300,79,79
Image_13301,79,79
Image_13302,79,79
Image_13303,79,79
Image_13304,79,79
Image_13305,79,79
Image_13306,79,79
Image_13307,79,79
Image_13308,79,79
Image_13309,79,79
Image_13310,79,79
Image_13311,79,79
Image_13312,79,79
Image_13313,79,79
Image_13314,79,79
Image_13315,79,79
Image_13316,79,79
Image_13317,79,79
Image_13318,79,79
Image_13319,79,79
Image_13320,79,79
Image_13321,79,79
Image_13322,79,79
Image_13323,79,79
Image_13324,79,79
Image_13325,79,79
Image_13326,79,79
Image_13327,79,79
Image_13328,79,79
Image_13329,79,79
Image_13330,79,79
Image_13331,79,79
Image_13332,79,79
Image_13333,79,79
Image_13334,79,79
Image_13335,79,79
Image_13336,79,79
Image_13337,79,79
Image_13338,79,79
Image_13339,79,79
Image_13340,79,79
Image_13341,79,79
Image_13342,79,79
Image_13343,79,79
Image_13344,79,79
Image_13345,79,79
Image_13346,79,79
Image_13347,79,79
Image_13348,79,79
Image_13349,79,79
Image_13350,79,79
Image_13351,79,79
Image_13352,79,79
Image_13353,79,79
Image_13354,79,79
Image_13355,79,79
Image_13356,79,79
Image_13357,79,79
Image_13358,79,79
Image_13359,79,79
Image_13360,79,79
Image_13361,79,79
Image_13362,79,79
Image_13363,79,79
Image_13364,79,79
Image_13365,79,79
Image_13366,79,79
Image_13367,79,79
Image_13368,79,79
Image_13369,79,79
Image_13370,79,79
Image_13371,79,79
Image_13372,79,79
Image_13373,79,79
Image_13374,79,79
Image_13375,79,79
Image_13376,79,79
Image_13377,79,79
Image_13378,79,79
Image_13379,79,79
Image_13380,79,79
Image_13381,79,79
Image_13382,79,79
Image_13383,79,79
Image_13384,79,79
Image_13385,79,79
Image_13386,79,79
Image_13387,79,79
Image_13388,79,79
Image_13389,79,79
Image_13390,79,79
Image_13391,79,79
Image_13392,79,79
Image_13393,79,79
Image_13394,79,79
Image_13395,79,79
Image_13396,79,79
Image_13397,79,79
Image_13398,79,79
Image_13399,79,79
Image_13400,79,79
Image_13401,79,79
Image_13402,79,79
Image_13403,79,79
Image_13404,79,79
Image_13405,79,79
Image_13406,79,79
Image_13407,79,79
Image_13408,79,79
Image_13409,79,79
Image_13410,79,79
Image_13411,79,79
Image_13412,79,79
Image_13413,79,79
Image_13414,79,79
Image_13415,79,79
Image_13416,79,79
Image_13417,79,79
Image_13418,79,79
Image_13419,79,79
Image_13420,79,79
Image_13421,79,79
Image_13422,79,79
Image_13423,79,79
Image_13424,79,79
Image_13425,80,80
Image_13426,80,80
Image_13427,80,80
Image_13428,80,80
Image_13429,80,80
Image_13430,80,80
Image_13431,80,80
Image_13432,80,80
Image_13433,80,80
Image_13434,80,80
Image_13435,80,80
Image_13436,80,80
Image_13437,80,80
Image_13438,80,80
Image_13439,80,80
Image_13440,80,80
Image_13441,80,80
Image_13442,80,80
Image_13443,80,80
Image_13444,80,80
Image_13445,80,80
Image_13446,80,80
Image_13447,80,80
Image_13448,80,80
Image_13449,80,80
Image_13450,80,80
Image_13451,80,80
Image_13452,80,80
Image_13453,80,80
Image_13454,80,80
Image_13455,80,80
Image_13456,80,80
Image_13457,80,80
Image_13458,80,80
Image_13459,80,80
Image_13460,80,80
Image_13461,80,80
Image_13462,80,80
Image_13463,80,80
Image_13464,80,80
Image_13465,80,80
Image_13466,80,80
Image_13467,80,80
Image_13468,80,80
Image_13469,80,80
Image_13470,80,80
Image_13471,80,80
Image_13472,80,80
Image_13473,80,80
Image_13474,80,80
Image_13475,80,80
Image_13476,80,80
Image_13477,80,80
Image_13478,80,122
Image_13479,80,80
Image_13480,80,80
Image_13481,80,80
Image_13482,80,122
Image_13483,80,80
Image_13484,80,80
Image_13485,80,80
Image_13486,80,80
Image_13487,80,80
Image_13488,80,80
Image_13489,80,80
Image_13490,80,80
Image_13491,80,80
Image_13492,80,80
Image_13493,80,80
Image_13494,80,80
Image_13495,80,80
Image_13496,80,80
Image_13497,80,80
Image_13498,80,80
Image_13499,80,80
Image_13500,80,80
Image_13501,80,80
Image_13502,80,80
Image_13503,80,80
Image_13504,80,80
Image_13505,80,80
Image_13506,80,80
Image_13507,80,80
Image_13508,80,80
Image_13509,80,80
Image_13510,80,80
Image_13511,80,80
Image_13512,80,80
Image_13513,80,80
Image_13514,80,80
Image_13515,80,80
Image_13516,80,80
Image_13517,80,80
Image_13518,80,80
Image_13519,80,80
Image_13520,80,80
Image_13521,80,80
Image_13522,80,80
Image_13523,80,80
Image_13524,80,80
Image_13525,80,80
Image_13526,80,80
Image_13527,80,80
Image_13528,80,80
Image_13529,80,80
Image_13530,80,80
Image_13531,80,80
Image_13532,80,80
Image_13533,80,80
Image_13534,80,80
Image_13535,80,80
Image_13536,80,80
Image_13537,80,80
Image_13538,80,80
Image_13539,80,80
Image_13540,80,80
Image_13541,80,80
Image_13542,80,80
Image_13543,80,80
Image_13544,80,80
Image_13545,80,80
Image_13546,80,80
Image_13547,80,80
Image_13548,80,80
Image_13549,80,80
Image_13550,80,80
Image_13551,80,80
Image_13552,80,80
Image_13553,80,80
Image_13554,80,80
Image_13555,80,80
Image_13556,80,80
Image_13557,80,80
Image_13558,80,80
Image_13559,80,80
Image_13560,80,80
Image_13561,80,80
Image_13562,80,80
Image_13563,80,80
Image_13564,80,80
Image_13565,80,80
Image_13566,80,80
Image_13567,80,80
Image_13568,80,80
Image_13569,80,80
Image_13570,80,122
Image_13571,80,80
Image_13572,80,80
Image_13573,80,80
Image_13574,81,81
Image_13575,81,81
Image_13576,81,81
Image_13577,81,81
Image_13578,81,81
Image_13579,81,81
Image_13580,81,81
Image_13581,81,41
Image_13582,81,81
Image_13583,81,81
Image_13584,81,81
Image_13585,81,81
Image_13586,81,81
Image_13587,81,81
Image_13588,81,81
Image_13589,81,81
Image_13590,81,81
Image_13591,81,41
Image_13592,81,81
Image_13593,81,81
Image_13594,81,81
Image_13595,81,81
Image_13596,81,81
Image_13597,81,81
Image_13598,81,81
Image_13599,81,81
Image_13600,81,81
Image_13601,81,81
Image_13602,81,81
Image_13603,81,81
Image_13604,81,81
Image_13605,81,81
Image_13606,81,81
Image_13607,81,81
Image_13608,81,81
Image_13609,81,41
Image_13610,81,81
Image_13611,81,81
Image_13612,81,81
Image_13613,81,81
Image_13614,81,81
Image_13615,81,81
Image_13616,81,81
Image_13617,81,81
Image_13618,81,81
Image_13619,81,81
Image_13620,81,81
Image_13621,81,81
Image_13622,81,81
Image_13623,81,41
Image_13624,81,81
Image_13625,81,24
Image_13626,81,81
Image_13627,81,81
Image_13628,81,81
Image_13629,81,81
Image_13630,81,81
Image_13631,81,81
Image_13632,81,81
Image_13633,81,81
Image_13634,81,81
Image_13635,81,81
Image_13636,81,41
Image_13637,81,81
Image_13638,81,81
Image_13639,81,81
Image_13640,81,81
Image_13641,81,81
Image_13642,81,81
Image_13643,81,81
Image_13644,81,41
Image_13645,81,81
Image_13646,81,81
Image_13647,81,81
Image_13648,81,81
Image_13649,81,81
Image_13650,81,41
Image_13651,81,41
Image_13652,81,81
Image_13653,81,81
Image_13654,81,81
Image_13655,81,24
Image_13656,81,81
Image_13657,81,81
Image_13658,81,81
Image_13659,81,81
Image_13660,81,41
Image_13661,81,81
Image_13662,81,81
Image_13663,81,81
Image_13664,81,81
Image_13665,81,81
Image_13666,81,41
Image_13667,81,81
Image_13668,81,81
Image_13669,81,81
Image_13670,81,81
Image_13671,81,41
Image_13672,81,81
Image_13673,81,81
Image_13674,81,81
Image_13675,81,81
Image_13676,81,81
Image_13677,81,81
Image_13678,81,81
Image_13679,81,81
Image_13680,81,81
Image_13681,81,81
Image_13682,81,41
Image_13683,81,81
Image_13684,81,81
Image_13685,81,81
Image_13686,81,81
Image_13687,81,81
Image_13688,81,81
Image_13689,81,81
Image_13690,81,81
Image_13691,81,81
Image_13692,81,81
Image_13693,81,81
Image_13694,81,81
Image_13695,81,81
Image_13696,81,81
Image_13697,81,81
Image_13698,81,81
Image_13699,81,81
Image_13700,81,81
Image_13701,81,41
Image_13702,81,81
Image_13703,81,81
Image_13704,81,81
Image_13705,81,81
Image_13706,81,81
Image_13707,81,81
Image_13708,81,81
Image_13709,81,81
Image_13710,81,81
Image_13711,81,81
Image_13712,81,81
Image_13713,81,81
Image_13714,82,82
Image_13715,82,82
Image_13716,82,82
Image_13717,82,82
Image_13718,82,82
Image_13719,82,82
Image_13720,82,82
Image_13721,82,82
Image_13722,82,82
Image_13723,82,82
Image_13724,82,82
Image_13725,82,82
Image_13726,82,82
Image_13727,82,82
Image_13728,82,82
Image_13729,82,82
Image_13730,82,82
Image_13731,82,82
Image_13732,82,82
Image_13733,82,82
Image_13734,82,82
Image_13735,82,82
Image_13736,82,82
Image_13737,82,82
Image_13738,82,82
Image_13739,82,82
Image_13740,82,82
Image_13741,82,82
Image_13742,82,82
Image_13743,82,82
Image_13744,82,82
Image_13745,82,82
Image_13746,82,82
Image_13747,82,82
Image_13748,82,82
Image_13749,82,82
Image_13750,82,82
Image_13751,82,82
Image_13752,82,82
Image_13753,82,82
Image_13754,82,82
Image_13755,82,82
Image_13756,82,82
Image_13757,82,82
Image_13758,82,82
Image_13759,82,82
Image_13760,82,82
Image_13761,82,82
Image_13762,82,82
Image_13763,82,82
Image_13764,82,82
Image_13765,82,82
Image_13766,82,82
Image_13767,82,82
Image_13768,82,82
Image_13769,82,82
Image_13770,82,82
Image_13771,82,82
Image_13772,82,82
Image_13773,82,82
Image_13774,82,82
Image_13775,82,82
Image_13776,82,82
Image_13777,82,82
Image_13778,82,82
Image_13779,82,82
Image_13780,82,82
Image_13781,82,82
Image_13782,82,82
Image_13783,82,82
Image_13784,82,82
Image_13785,82,82
Image_13786,82,82
Image_13787,82,82
Image_13788,82,82
Image_13789,82,82
Image_13790,82,82
Image_13791,82,82
Image_13792,82,82
Image_13793,82,82
Image_13794,82,82
Image_13795,82,82
Image_13796,82,82
Image_13797,82,82
Image_13798,82,82
Image_13799,82,82
Image_13800,82,82
Image_13801,82,82
Image_13802,82,82
Image_13803,82,82
Image_13804,82,82
Image_13805,82,82
Image_13806,82,82
Image_13807,82,82
Image_13808,82,82
Image_13809,82,82
Image_13810,82,82
Image_13811,82,82
Image_13812,82,82
Image_13813,82,82
Image_13814,82,82
Image_13815,82,82
Image_13816,82,82
Image_13817,82,82
Image_13818,82,82
Image_13819,82,82
Image_13820,82,82
Image_13821,82,82
Image_13822,82,82
Image_13823,82,82
Image_13824,82,82
Image_13825,82,82
Image_13826,82,82
Image_13827,82,82
Image_13828,82,82
Image_13829,82,82
Image_13830,82,82
Image_13831,82,82
Image_13832,82,82
Image_13833,82,82
Image_13834,82,82
Image_13835,82,82
Image_13836,82,82
Image_13837,82,82
Image_13838,82,82
Image_13839,82,82
Image_13840,82,82
Image_13841,82,82
Image_13842,82,82
Image_13843,82,82
Image_13844,82,82
Image_13845,82,82
Image_13846,82,82
Image_13847,82,82
Image_13848,82,82
Image_13849,82,82
Image_13850,82,82
Image_13851,82,82
Image_13852,82,82
Image_13853,82,82
Image_13854,82,82
Image_13855,82,82
Image_13856,82,82
Image_13857,82,82
Image_13858,82,82
Image_13859,82,82
Image_13860,82,82
Image_13861,82,82
Image_13862,82,82
Image_13863,82,82
Image_13864,82,82
Image_13865,82,82
Image_13866,82,82
Image_13867,82,82
Image_13868,83,83
Image_13869,83,83
Image_13870,83,83
Image_13871,83,83
Image_13872,83,83
Image_13873,83,83
Image_13874,83,83
Image_13875,83,83
Image_13876,83,83
Image_13877,83,83
Image_13878,83,83
Image_13879,83,83
Image_13880,83,83
Image_13881,83,83
Image_13882,83,83
Image_13883,83,83
Image_13884,83,83
Image_13885,83,83
Image_13886,83,83
Image_13887,83,83
Image_13888,83,83
Image_13889,83,83
Image_13890,83,83
Image_13891,83,83
Image_13892,83,83
Image_13893,83,83
Image_13894,83,83
Image_13895,83,83
Image_13896,83,83
Image_13897,83,83
Image_13898,83,83
Image_13899,83,83
Image_13900,83,83
Image_13901,83,83
Image_13902,83,83
Image_13903,83,83
Image_13904,83,83
Image_13905,83,83
Image_13906,83,83
Image_13907,83,83
Image_13908,83,83
Image_13909,83,83
Image_13910,83,83
Image_13911,83,83
Image_13912,83,83
Image_13913,83,83
Image_13914,83,83
Image_13915,83,83
Image_13916,83,83
Image_13917,83,83
Image_13918,83,83
Image_13919,83,83
Image_13920,83,83
Image_13921,83,83
Image_13922,83,83
Image_13923,83,83
Image_13924,83,83
Image_13925,83,83
Image_13926,83,83
Image_13927,83,83
Image_13928,83,83
Image_13929,83,83
Image_13930,83,83
Image_13931,83,83
Image_13932,83,83
Image_13933,83,83
Image_13934,83,83
Image_13935,83,83
Image_13936,83,83
Image_13937,83,83
Image_13938,83,83
Image_13939,83,83
Image_13940,83,83
Image_13941,83,83
Image_13942,83,83
Image_13943,83,83
Image_13944,83,83
Image_13945,83,83
Image_13946,83,102
Image_13947,83,83
Image_13948,83,83
Image_13949,83,83
Image_13950,83,83
Image_13951,83,83
Image_13952,83,83
Image_13953,83,83
Image_13954,83,83
Image_13955,83,83
Image_13956,83,83
Image_13957,83,83
Image_13958,83,83
Image_13959,83,83
Image_13960,83,83
Image_13961,83,83
Image_13962,83,83
Image_13963,83,83
Image_13964,83,83
Image_13965,83,83
Image_13966,83,83
Image_13967,83,83
Image_13968,83,83
Image_13969,83,83
Image_13970,83,83
Image_13971,83,83
Image_13972,83,83
Image_13973,83,83
Image_13974,83,83
Image_13975,83,83
Image_13976,83,83
Image_13977,83,83
Image_13978,83,83
Image_13979,83,83
Image_13980,83,83
Image_13981,83,83
Image_13982,83,83
Image_13983,83,83
Image_13984,83,83
Image_13985,83,83
Image_13986,83,83
Image_13987,83,83
Image_13988,83,83
Image_13989,83,83
Image_13990,83,83
Image_13991,83,83
Image_13992,83,83
Image_13993,83,83
Image_13994,83,83
Image_13995,83,83
Image_13996,83,83
Image_13997,83,83
Image_13998,83,83
Image_13999,83,83
Image_14000,83,83
Image_14001,83,83
Image_14002,83,83
Image_14003,83,83
Image_14004,83,83
Image_14005,83,83
Image_14006,83,83
Image_14007,83,83
Image_14008,83,83
Image_14009,83,83
Image_14010,83,83
Image_14011,83,83
Image_14012,83,83
Image_14013,83,83
Image_14014,83,83
Image_14015,83,83
Image_14016,83,83
Image_14017,83,83
Image_14018,83,83
Image_14019,83,83
Image_14020,83,83
Image_14021,83,83
Image_14022,83,83
Image_14023,83,83
Image_14024,83,83
Image_14025,83,83
Image_14026,83,83
Image_14027,83,83
Image_14028,83,83
Image_14029,83,83
Image_14030,83,83
Image_14031,83,83
Image_14032,83,83
Image_14033,83,83
Image_14034,83,83
Image_14035,83,83
Image_14036,83,83
Image_14037,83,83
Image_14038,83,83
Image_14039,83,83
Image_14040,83,83
Image_14041,83,83
Image_14042,83,83
Image_14043,83,83
Image_14044,83,83
Image_14045,83,83
Image_14046,83,83
Image_14047,83,83
Image_14048,83,83
Image_14049,83,83
Image_14050,83,83
Image_14051,83,83
Image_14052,83,83
Image_14053,83,83
Image_14054,83,83
Image_14055,83,83
Image_14056,83,83
Image_14057,83,83
Image_14058,83,83
Image_14059,83,83
Image_14060,83,83
Image_14061,83,83
Image_14062,83,83
Image_14063,83,83
Image_14064,83,83
Image_14065,83,83
Image_14066,83,83
Image_14067,83,83
Image_14068,83,83
Image_14069,83,83
Image_14070,83,83
Image_14071,83,83
Image_14072,83,83
Image_14073,83,83
Image_14074,83,83
Image_14075,83,83
Image_14076,83,83
Image_14077,83,83
Image_14078,83,83
Image_14079,83,83
Image_14080,83,83
Image_14081,83,83
Image_14082,83,83
Image_14083,83,83
Image_14084,83,83
Image_14085,83,83
Image_14086,83,83
Image_14087,83,83
Image_14088,83,83
Image_14089,83,83
Image_14090,83,83
Image_14091,83,83
Image_14092,83,83
Image_14093,83,83
Image_14094,83,83
Image_14095,83,83
Image_14096,83,83
Image_14097,83,83
Image_14098,83,83
Image_14099,83,83
Image_14100,83,83
Image_14101,83,83
Image_14102,83,83
Image_14103,83,83
Image_14104,83,102
Image_14105,83,83
Image_14106,83,83
Image_14107,83,83
Image_14108,83,83
Image_14109,83,83
Image_14110,83,83
Image_14111,83,83
Image_14112,83,83
Image_14113,83,83
Image_14114,83,83
Image_14115,83,83
Image_14116,83,83
Image_14117,83,83
Image_14118,83,83
Image_14119,83,83
Image_14120,83,83
Image_14121,83,83
Image_14122,83,83
Image_14123,83,83
Image_14124,83,83
Image_14125,83,83
Image_14126,83,83
Image_14127,83,83
Image_14128,83,83
Image_14129,83,83
Image_14130,83,83
Image_14131,83,83
Image_14132,83,83
Image_14133,83,83
Image_14134,83,83
Image_14135,83,83
Image_14136,83,83
Image_14137,83,83
Image_14138,83,83
Image_14139,83,83
Image_14140,83,83
Image_14141,83,83
Image_14142,83,83
Image_14143,83,83
Image_14144,83,83
Image_14145,83,83
Image_14146,83,83
Image_14147,83,83
Image_14148,83,83
Image_14149,83,83
Image_14150,83,83
Image_14151,83,83
Image_14152,83,83
Image_14153,83,83
Image_14154,83,83
Image_14155,83,83
Image_14156,84,84
Image_14157,84,84
Image_14158,84,84
Image_14159,84,84
Image_14160,84,84
Image_14161,84,84
Image_14162,84,84
Image_14163,84,84
Image_14164,84,84
Image_14165,84,84
Image_14166,84,84
Image_14167,84,84
Image_14168,84,84
Image_14169,84,84
Image_14170,84,84
Image_14171,84,84
Image_14172,84,84
Image_14173,84,84
Image_14174,84,84
Image_14175,84,84
Image_14176,84,84
Image_14177,84,84
Image_14178,84,84
Image_14179,84,84
Image_14180,84,84
Image_14181,84,84
Image_14182,84,84
Image_14183,84,84
Image_14184,84,84
Image_14185,84,84
Image_14186,84,84
Image_14187,84,84
Image_14188,84,84
Image_14189,84,84
Image_14190,84,84
Image_14191,84,84
Image_14192,84,84
Image_14193,84,84
Image_14194,84,84
Image_14195,84,84
Image_14196,84,84
Image_14197,84,84
Image_14198,84,84
Image_14199,84,84
Image_14200,84,84
Image_14201,84,84
Image_14202,84,84
Image_14203,84,84
Image_14204,84,84
Image_14205,84,84
Image_14206,84,84
Image_14207,84,84
Image_14208,84,84
Image_14209,84,84
Image_14210,84,84
Image_14211,84,84
Image_14212,84,84
Image_14213,84,84
Image_14214,84,84
Image_14215,84,84
Image_14216,84,84
Image_14217,84,84
Image_14218,84,84
Image_14219,84,84
Image_14220,84,84
Image_14221,84,84
Image_14222,84,84
Image_14223,84,84
Image_14224,84,84
Image_14225,84,84
Image_14226,84,84
Image_14227,84,84
Image_14228,84,84
Image_14229,84,84
Image_14230,84,84
Image_14231,84,84
Image_14232,84,84
Image_14233,84,84
Image_14234,84,84
Image_14235,84,84
Image_14236,84,84
Image_14237,84,84
Image_14238,84,84
Image_14239,84,84
Image_14240,84,84
Image_14241,84,84
Image_14242,84,84
Image_14243,84,84
Image_14244,84,84
Image_14245,84,84
Image_14246,84,84
Image_14247,84,84
Image_14248,84,84
Image_14249,84,84
Image_14250,84,84
Image_14251,84,84
Image_14252,84,84
Image_14253,84,84
Image_14254,84,84
Image_14255,84,84
Image_14256,84,84
Image_14257,84,84
Image_14258,84,84
Image_14259,84,84
Image_14260,84,84
Image_14261,84,84
Image_14262,84,84
Image_14263,84,84
Image_14264,84,84
Image_14265,84,84
Image_14266,84,84
Image_14267,84,84
Image_14268,84,84
Image_14269,84,84
Image_14270,84,84
Image_14271,84,84
Image_14272,84,84
Image_14273,84,84
Image_14274,84,84
Image_14275,84,84
Image_14276,84,84
Image_14277,84,84
Image_14278,84,84
Image_14279,84,84
Image_14280,84,84
Image_14281,84,84
Image_14282,84,84
Image_14283,84,84
Image_14284,84,84
Image_14285,84,84
Image_14286,84,84
Image_14287,84,84
Image_14288,84,84
Image_14289,84,84
Image_14290,84,84
Image_14291,84,84
Image_14292,84,84
Image_14293,84,84
Image_14294,84,84
Image_14295,84,84
Image_14296,84,84
Image_14297,84,84
Image_14298,84,84
Image_14299,84,84
Image_14300,84,84
Image_14301,84,84
Image_14302,84,84
Image_14303,84,84
Image_14304,84,84
Image_14305,84,84
Image_14306,84,84
Image_14307,84,84
Image_14308,84,84
Image_14309,84,84
Image_14310,84,84
Image_14311,84,84
Image_14312,84,84
Image_14313,84,84
Image_14314,84,84
Image_14315,84,84
Image_14316,85,85
Image_14317,85,85
Image_14318,85,85
Image_14319,85,85
Image_14320,85,85
Image_14321,85,85
Image_14322,85,85
Image_14323,85,85
Image_14324,85,85
Image_14325,85,85
Image_14326,85,85
Image_14327,85,85
Image_14328,85,85
Image_14329,85,85
Image_14330,85,85
Image_14331,85,85
Image_14332,85,85
Image_14333,85,85
Image_14334,85,85
Image_14335,85,85
Image_14336,85,85
Image_14337,85,85
Image_14338,85,85
Image_14339,85,85
Image_14340,85,85
Image_14341,85,85
Image_14342,85,85
Image_14343,85,85
Image_14344,85,85
Image_14345,85,85
Image_14346,85,85
Image_14347,85,85
Image_14348,85,85
Image_14349,85,85
Image_14350,85,85
Image_14351,85,85
Image_14352,85,85
Image_14353,85,85
Image_14354,85,85
Image_14355,85,85
Image_14356,85,85
Image_14357,85,85
Image_14358,85,85
Image_14359,85,85
Image_14360,85,85
Image_14361,85,85
Image_14362,85,85
Image_14363,85,85
Image_14364,85,85
Image_14365,85,85
Image_14366,85,85
Image_14367,85,85
Image_14368,85,85
Image_14369,85,85
Image_14370,85,85
Image_14371,85,85
Image_14372,85,85
Image_14373,85,85
Image_14374,85,85
Image_14375,85,85
Image_14376,85,85
Image_14377,85,85
Image_14378,85,85
Image_14379,85,85
Image_14380,85,85
Image_14381,85,85
Image_14382,85,85
Image_14383,85,85
Image_14384,85,85
Image_14385,85,85
Image_14386,85,85
Image_14387,85,85
Image_14388,85,85
Image_14389,85,85
Image_14390,85,85
Image_14391,85,85
Image_14392,85,85
Image_14393,85,85
Image_14394,85,85
Image_14395,85,85
Image_14396,85,85
Image_14397,85,85
Image_14398,85,85
Image_14399,85,85
Image_14400,85,85
Image_14401,85,85
Image_14402,85,85
Image_14403,85,85
Image_14404,85,85
Image_14405,85,85
Image_14406,85,85
Image_14407,85,85
Image_14408,85,85
Image_14409,85,85
Image_14410,85,85
Image_14411,85,85
Image_14412,85,85
Image_14413,85,85
Image_14414,85,85
Image_14415,85,85
Image_14416,85,85
Image_14417,85,85
Image_14418,85,85
Image_14419,85,85
Image_14420,85,85
Image_14421,85,85
Image_14422,85,85
Image_14423,85,85
Image_14424,85,85
Image_14425,85,85
Image_14426,85,85
Image_14427,85,85
Image_14428,85,85
Image_14429,85,85
Image_14430,85,85
Image_14431,85,85
Image_14432,85,85
Image_14433,85,85
Image_14434,85,85
Image_14435,85,85
Image_14436,85,85
Image_14437,85,85
Image_14438,85,85
Image_14439,85,85
Image_14440,85,85
Image_14441,85,85
Image_14442,85,85
Image_14443,85,85
Image_14444,85,85
Image_14445,85,85
Image_14446,85,85
Image_14447,85,85
Image_14448,85,85
Image_14449,85,85
Image_14450,85,85
Image_14451,85,85
Image_14452,85,85
Image_14453,85,85
Image_14454,85,85
Image_14455,85,85
Image_14456,85,85
Image_14457,85,85
Image_14458,85,85
Image_14459,85,85
Image_14460,85,85
Image_14461,85,85
Image_14462,85,85
Image_14463,85,85
Image_14464,85,85
Image_14465,85,85
Image_14466,86,86
Image_14467,86,86
Image_14468,86,86
Image_14469,86,86
Image_14470,86,79
Image_14471,86,86
Image_14472,86,86
Image_14473,86,86
Image_14474,86,86
Image_14475,86,86
Image_14476,86,86
Image_14477,86,86
Image_14478,86,86
Image_14479,86,86
Image_14480,86,86
Image_14481,86,86
Image_14482,86,86
Image_14483,86,86
Image_14484,86,86
Image_14485,86,86
Image_14486,86,86
Image_14487,86,86
Image_14488,86,86
Image_14489,86,86
Image_14490,86,86
Image_14491,86,86
Image_14492,86,86
Image_14493,86,86
Image_14494,86,86
Image_14495,86,86
Image_14496,86,86
Image_14497,86,86
Image_14498,86,86
Image_14499,86,86
Image_14500,86,86
Image_14501,86,86
Image_14502,86,86
Image_14503,86,86
Image_14504,86,86
Image_14505,86,86
Image_14506,86,86
Image_14507,86,86
Image_14508,86,79
Image_14509,86,86
Image_14510,86,86
Image_14511,86,86
Image_14512,86,86
Image_14513,86,86
Image_14514,86,79
Image_14515,86,86
Image_14516,86,86
Image_14517,86,86
Image_14518,86,86
Image_14519,86,86
Image_14520,86,86
Image_14521,86,86
Image_14522,86,86
Image_14523,86,79
Image_14524,86,86
Image_14525,86,86
Image_14526,86,86
Image_14527,86,86
Image_14528,86,86
Image_14529,86,86
Image_14530,86,86
Image_14531,86,86
Image_14532,86,86
Image_14533,86,86
Image_14534,86,86
Image_14535,86,86
Image_14536,86,86
Image_14537,86,86
Image_14538,86,86
Image_14539,86,86
Image_14540,86,86
Image_14541,86,86
Image_14542,86,86
Image_14543,86,86
Image_14544,86,86
Image_14545,86,86
Image_14546,86,86
Image_14547,86,86
Image_14548,86,86
Image_14549,86,79
Image_14550,86,86
Image_14551,86,86
Image_14552,86,86
Image_14553,86,86
Image_14554,86,86
Image_14555,86,86
Image_14556,86,86
Image_14557,86,86
Image_14558,86,86
Image_14559,86,86
Image_14560,86,86
Image_14561,86,86
Image_14562,86,86
Image_14563,86,86
Image_14564,86,86
Image_14565,86,86
Image_14566,86,86
Image_14567,86,86
Image_14568,86,86
Image_14569,86,79
Image_14570,86,86
Image_14571,86,86
Image_14572,86,86
Image_14573,86,79
Image_14574,86,86
Image_14575,86,86
Image_14576,86,79
Image_14577,86,86
Image_14578,86,86
Image_14579,86,86
Image_14580,86,86
Image_14581,86,86
Image_14582,86,86
Image_14583,86,86
Image_14584,86,86
Image_14585,86,79
Image_14586,86,86
Image_14587,86,86
Image_14588,86,86
Image_14589,86,86
Image_14590,86,86
Image_14591,86,79
Image_14592,86,86
Image_14593,86,86
Image_14594,86,86
Image_14595,86,86
Image_14596,86,86
Image_14597,86,86
Image_14598,86,86
Image_14599,86,86
Image_14600,86,86
Image_14601,86,86
Image_14602,86,86
Image_14603,86,86
Image_14604,86,86
Image_14605,86,86
Image_14606,86,86
Image_14607,86,86
Image_14608,86,86
Image_14609,86,86
Image_14610,86,86
Image_14611,86,86
Image_14612,86,86
Image_14613,87,87
Image_14614,87,87
Image_14615,87,87
Image_14616,87,87
Image_14617,87,111
Image_14618,87,87
Image_14619,87,87
Image_14620,87,111
Image_14621,87,87
Image_14622,87,100
Image_14623,87,87
Image_14624,87,87
Image_14625,87,87
Image_14626,87,87
Image_14627,87,34
Image_14628,87,87
Image_14629,87,100
Image_14630,87,111
Image_14631,87,87
Image_14632,87,87
Image_14633,87,87
Image_14634,87,87
Image_14635,87,112
Image_14636,87,87
Image_14637,87,100
Image_14638,87,87
Image_14639,87,87
Image_14640,87,100
Image_14641,87,111
Image_14642,87,111
Image_14643,87,87
Image_14644,87,87
Image_14645,87,111
Image_14646,87,87
Image_14647,87,87
Image_14648,87,87
Image_14649,87,34
Image_14650,87,87
Image_14651,87,87
Image_14652,87,87
Image_14653,87,87
Image_14654,87,87
Image_14655,87,87
Image_14656,87,87
Image_14657,87,111
Image_14658,87,87
Image_14659,87,111
Image_14660,87,87
Image_14661,87,87
Image_14662,87,87
Image_14663,87,34
Image_14664,87,34
Image_14665,87,87
Image_14666,87,87
Image_14667,87,87
Image_14668,87,87
Image_14669,87,87
Image_14670,87,111
Image_14671,87,111
Image_14672,87,87
Image_14673,87,87
Image_14674,87,87
Image_14675,87,111
Image_14676,87,87
Image_14677,87,87
Image_14678,87,87
Image_14679,87,87
Image_14680,87,87
Image_14681,87,87
Image_14682,87,87
Image_14683,87,111
Image_14684,87,87
Image_14685,87,87
Image_14686,87,87
Image_14687,87,87
Image_14688,87,111
Image_14689,87,87
Image_14690,87,111
Image_14691,87,87
Image_14692,87,87
Image_14693,87,111
Image_14694,87,87
Image_14695,87,111
Image_14696,87,87
Image_14697,87,87
Image_14698,87,87
Image_14699,87,87
Image_14700,87,87
Image_14701,87,87
Image_14702,87,87
Image_14703,87,87
Image_14704,87,87
Image_14705,87,87
Image_14706,87,87
Image_14707,87,87
Image_14708,87,87
Image_14709,87,111
Image_14710,87,87
Image_14711,87,100
Image_14712,87,87
Image_14713,87,87
Image_14714,87,87
Image_14715,87,111
Image_14716,87,87
Image_14717,87,34
Image_14718,87,87
Image_14719,87,87
Image_14720,87,112
Image_14721,87,111
Image_14722,87,87
Image_14723,87,34
Image_14724,87,87
Image_14725,87,87
Image_14726,87,111
Image_14727,87,111
Image_14728,87,34
Image_14729,87,87
Image_14730,87,87
Image_14731,87,87
Image_14732,87,87
Image_14733,87,87
Image_14734,87,87
Image_14735,87,87
Image_14736,87,87
Image_14737,87,87
Image_14738,87,87
Image_14739,87,87
Image_14740,87,87
Image_14741,87,87
Image_14742,87,87
Image_14743,87,87
Image_14744,87,111
Image_14745,87,111
Image_14746,87,87
Image_14747,87,87
Image_14748,87,87
Image_14749,87,100
Image_14750,87,34
Image_14751,87,111
Image_14752,87,87
Image_14753,87,87
Image_14754,87,87
Image_14755,87,87
Image_14756,87,87
Image_14757,87,87
Image_14758,87,87
Image_14759,87,87
Image_14760,87,87
Image_14761,87,87
Image_14762,87,91
Image_14763,87,87
Image_14764,87,87
Image_14765,87,87
Image_14766,87,100
Image_14767,87,87
Image_14768,87,87
Image_14769,87,111
Image_14770,87,87
Image_14771,87,111
Image_14772,87,87
Image_14773,88,88
Image_14774,88,88
Image_14775,88,88
Image_14776,88,88
Image_14777,88,88
Image_14778,88,88
Image_14779,88,88
Image_14780,88,88
Image_14781,88,88
Image_14782,88,88
Image_14783,88,88
Image_14784,88,88
Image_14785,88,88
Image_14786,88,88
Image_14787,88,88
Image_14788,88,88
Image_14789,88,88
Image_14790,88,88
Image_14791,88,88
Image_14792,88,88
Image_14793,88,88
Image_14794,88,88
Image_14795,88,88
Image_14796,88,88
Image_14797,88,88
Image_14798,88,88
Image_14799,88,88
Image_14800,88,88
Image_14801,88,88
Image_14802,88,88
Image_14803,88,88
Image_14804,88,88
Image_14805,88,88
Image_14806,88,88
Image_14807,88,88
Image_14808,88,88
Image_14809,88,88
Image_14810,88,88
Image_14811,88,88
Image_14812,88,88
Image_14813,88,88
Image_14814,88,88
Image_14815,88,88
Image_14816,88,88
Image_14817,88,88
Image_14818,88,88
Image_14819,88,88
Image_14820,88,88
Image_14821,88,88
Image_14822,88,88
Image_14823,88,88
Image_14824,88,88
Image_14825,88,88
Image_14826,88,88
Image_14827,88,88
Image_14828,88,88
Image_14829,88,88
Image_14830,88,88
Image_14831,88,88
Image_14832,88,88
Image_14833,88,88
Image_14834,88,88
Image_14835,88,88
Image_14836,88,88
Image_14837,88,88
Image_14838,88,88
Image_14839,88,88
Image_14840,88,88
Image_14841,88,88
Image_14842,88,88
Image_14843,88,88
Image_14844,88,88
Image_14845,88,88
Image_14846,88,88
Image_14847,88,88
Image_14848,88,88
Image_14849,88,88
Image_14850,88,88
Image_14851,88,88
Image_14852,88,88
Image_14853,88,88
Image_14854,88,88
Image_14855,88,88
Image_14856,88,88
Image_14857,88,88
Image_14858,88,88
Image_14859,88,88
Image_14860,88,88
Image_14861,88,88
Image_14862,88,88
Image_14863,88,88
Image_14864,88,88
Image_14865,88,88
Image_14866,88,88
Image_14867,88,88
Image_14868,88,88
Image_14869,88,88
Image_14870,88,88
Image_14871,88,88
Image_14872,88,88
Image_14873,88,88
Image_14874,88,88
Image_14875,88,88
Image_14876,88,88
Image_14877,88,88
Image_14878,88,88
Image_14879,88,88
Image_14880,88,88
Image_14881,88,88
Image_14882,88,88
Image_14883,88,88
Image_14884,88,88
Image_14885,88,88
Image_14886,88,88
Image_14887,88,88
Image_14888,88,88
Image_14889,88,88
Image_14890,88,88
Image_14891,88,88
Image_14892,88,88
Image_14893,88,88
Image_14894,88,88
Image_14895,88,88
Image_14896,88,88
Image_14897,88,88
Image_14898,88,88
Image_14899,88,88
Image_14900,88,88
Image_14901,88,88
Image_14902,88,88
Image_14903,88,88
Image_14904,88,88
Image_14905,88,88
Image_14906,88,88
Image_14907,88,88
Image_14908,88,88
Image_14909,88,88
Image_14910,88,88
Image_14911,88,88
Image_14912,88,88
Image_14913,88,88
Image_14914,88,88
Image_14915,88,88
Image_14916,88,88
Image_14917,88,88
Image_14918,88,88
Image_14919,88,88
Image_14920,88,88
Image_14921,88,88
Image_14922,88,88
Image_14923,88,88
Image_14924,88,88
Image_14925,88,88
Image_14926,88,88
Image_14927,88,88
Image_14928,88,88
Image_14929,88,88
Image_14930,88,88
Image_14931,88,88
Image_14932,89,89
Image_14933,89,89
Image_14934,89,89
Image_14935,89,89
Image_14936,89,89
Image_14937,89,89
Image_14938,89,89
Image_14939,89,89
Image_14940,89,89
Image_14941,89,89
Image_14942,89,89
Image_14943,89,89
Image_14944,89,89
Image_14945,89,89
Image_14946,89,89
Image_14947,89,89
Image_14948,89,89
Image_14949,89,89
Image_14950,89,89
Image_14951,89,89
Image_14952,89,89
Image_14953,89,89
Image_14954,89,89
Image_14955,89,89
Image_14956,89,89
Image_14957,89,89
Image_14958,89,89
Image_14959,89,89
Image_14960,89,117
Image_14961,89,89
Image_14962,89,117
Image_14963,89,89
Image_14964,89,89
Image_14965,89,89
Image_14966,89,89
Image_14967,89,117
Image_14968,89,89
Image_14969,89,89
Image_14970,89,89
Image_14971,89,89
Image_14972,89,89
Image_14973,89,117
Image_14974,89,89
Image_14975,89,89
Image_14976,89,89
Image_14977,89,89
Image_14978,89,89
Image_14979,89,89
Image_14980,89,89
Image_14981,89,89
Image_14982,89,89
Image_14983,89,89
Image_14984,89,89
Image_14985,89,89
Image_14986,89,89
Image_14987,89,59
Image_14988,89,89
Image_14989,89,89
Image_14990,89,89
Image_14991,89,89
Image_14992,89,89
Image_14993,89,89
Image_14994,89,89
Image_14995,89,89
Image_14996,89,89
Image_14997,89,89
Image_14998,89,89
Image_14999,89,89
Image_15000,89,89
Image_15001,89,89
Image_15002,89,89
Image_15003,89,89
Image_15004,89,89
Image_15005,89,117
Image_15006,89,89
Image_15007,89,89
Image_15008,89,89
Image_15009,89,117
Image_15010,89,89
Image_15011,89,89
Image_15012,89,89
Image_15013,89,89
Image_15014,89,89
Image_15015,89,89
Image_15016,89,89
Image_15017,89,89
Image_15018,89,89
Image_15019,89,89
Image_15020,89,89
Image_15021,89,89
Image_15022,89,89
Image_15023,89,89
Image_15024,89,89
Image_15025,89,117
Image_15026,89,89
Image_15027,89,89
Image_15028,89,89
Image_15029,89,89
Image_15030,89,89
Image_15031,89,89
Image_15032,89,89
Image_15033,89,89
Image_15034,89,89
Image_15035,89,117
Image_15036,89,89
Image_15037,89,89
Image_15038,89,89
Image_15039,89,89
Image_15040,89,89
Image_15041,89,89
Image_15042,89,89
Image_15043,89,89
Image_15044,89,89
Image_15045,89,89
Image_15046,89,89
Image_15047,89,89
Image_15048,89,89
Image_15049,89,89
Image_15050,89,89
Image_15051,89,89
Image_15052,89,89
Image_15053,89,89
Image_15054,89,89
Image_15055,89,89
Image_15056,89,89
Image_15057,89,117
Image_15058,89,89
Image_15059,89,89
Image_15060,89,89
Image_15061,89,89
Image_15062,89,89
Image_15063,89,89
Image_15064,89,89
Image_15065,89,89
Image_15066,89,89
Image_15067,89,89
Image_15068,89,89
Image_15069,89,89
Image_15070,89,89
Image_15071,89,89
Image_15072,89,89
Image_15073,90,77
Image_15074,90,90
Image_15075,90,90
Image_15076,90,90
Image_15077,90,90
Image_15078,90,90
Image_15079,90,90
Image_15080,90,90
Image_15081,90,77
Image_15082,90,77
Image_15083,90,90
Image_15084,90,90
Image_15085,90,90
Image_15086,90,77
Image_15087,90,90
Image_15088,90,90
Image_15089,90,90
Image_15090,90,77
Image_15091,90,90
Image_15092,90,90
Image_15093,90,90
Image_15094,90,90
Image_15095,90,90
Image_15096,90,90
Image_15097,90,77
Image_15098,90,90
Image_15099,90,90
Image_15100,90,90
Image_15101,90,90
Image_15102,90,90
Image_15103,90,90
Image_15104,90,77
Image_15105,90,90
Image_15106,90,90
Image_15107,90,90
Image_15108,90,77
Image_15109,90,90
Image_15110,90,90
Image_15111,90,77
Image_15112,90,90
Image_15113,90,90
Image_15114,90,77
Image_15115,90,90
Image_15116,90,77
Image_15117,90,90
Image_15118,90,77
Image_15119,90,90
Image_15120,90,90
Image_15121,90,90
Image_15122,90,77
Image_15123,90,77
Image_15124,90,90
Image_15125,90,90
Image_15126,90,90
Image_15127,90,77
Image_15128,90,90
Image_15129,90,77
Image_15130,90,90
Image_15131,90,77
Image_15132,90,90
Image_15133,90,90
Image_15134,90,90
Image_15135,90,90
Image_15136,90,90
Image_15137,90,77
Image_15138,90,90
Image_15139,90,90
Image_15140,90,90
Image_15141,90,77
Image_15142,90,90
Image_15143,90,90
Image_15144,90,90
Image_15145,90,90
Image_15146,90,90
Image_15147,90,90
Image_15148,90,90
Image_15149,90,90
Image_15150,90,77
Image_15151,90,90
Image_15152,90,90
Image_15153,90,77
Image_15154,90,90
Image_15155,90,90
Image_15156,90,90
Image_15157,90,90
Image_15158,90,77
Image_15159,90,77
Image_15160,90,90
Image_15161,90,90
Image_15162,90,90
Image_15163,90,77
Image_15164,90,90
Image_15165,90,90
Image_15166,90,90
Image_15167,90,90
Image_15168,90,77
Image_15169,90,90
Image_15170,90,77
Image_15171,90,90
Image_15172,90,90
Image_15173,90,90
Image_15174,90,77
Image_15175,90,90
Image_15176,90,90
Image_15177,90,77
Image_15178,90,77
Image_15179,90,77
Image_15180,90,90
Image_15181,90,77
Image_15182,90,90
Image_15183,90,77
Image_15184,90,90
Image_15185,90,90
Image_15186,90,77
Image_15187,90,77
Image_15188,90,69
Image_15189,90,90
Image_15190,90,90
Image_15191,90,69
Image_15192,90,90
Image_15193,90,77
Image_15194,90,90
Image_15195,90,90
Image_15196,90,90
Image_15197,90,90
Image_15198,90,62
Image_15199,90,90
Image_15200,90,90
Image_15201,90,90
Image_15202,90,90
Image_15203,90,90
Image_15204,90,90
Image_15205,90,90
Image_15206,90,90
Image_15207,90,90
Image_15208,90,90
Image_15209,90,77
Image_15210,90,90
Image_15211,90,77
Image_15212,90,90
Image_15213,90,90
Image_15214,90,90
Image_15215,90,90
Image_15216,90,90
Image_15217,90,90
Image_15218,90,90
Image_15219,90,90
Image_15220,90,90
Image_15221,90,77
Image_15222,90,77
Image_15223,90,90
Image_15224,90,77
Image_15225,90,90
Image_15226,90,90
Image_15227,91,91
Image_15228,91,91
Image_15229,91,91
Image_15230,91,91
Image_15231,91,91
Image_15232,91,91
Image_15233,91,91
Image_15234,91,91
Image_15235,91,91
Image_15236,91,91
Image_15237,91,91
Image_15238,91,91
Image_15239,91,91
Image_15240,91,91
Image_15241,91,91
Image_15242,91,91
Image_15243,91,91
Image_15244,91,91
Image_15245,91,91
Image_15246,91,91
Image_15247,91,91
Image_15248,91,91
Image_15249,91,91
Image_15250,91,91
Image_15251,91,91
Image_15252,91,91
Image_15253,91,91
Image_15254,91,91
Image_15255,91,91
Image_15256,91,91
Image_15257,91,91
Image_15258,91,91
Image_15259,91,91
Image_15260,91,91
Image_15261,91,91
Image_15262,91,91
Image_15263,91,91
Image_15264,91,91
Image_15265,91,91
Image_15266,91,91
Image_15267,91,91
Image_15268,91,91
Image_15269,91,91
Image_15270,91,91
Image_15271,91,91
Image_15272,91,91
Image_15273,91,91
Image_15274,91,91
Image_15275,91,91
Image_15276,91,91
Image_15277,91,91
Image_15278,91,91
Image_15279,91,91
Image_15280,91,91
Image_15281,91,91
Image_15282,91,91
Image_15283,91,91
Image_15284,91,91
Image_15285,91,91
Image_15286,91,91
Image_15287,91,91
Image_15288,91,91
Image_15289,91,91
Image_15290,91,91
Image_15291,91,91
Image_15292,91,91
Image_15293,91,91
Image_15294,91,91
Image_15295,91,91
Image_15296,91,91
Image_15297,91,91
Image_15298,91,91
Image_15299,91,91
Image_15300,91,91
Image_15301,91,91
Image_15302,91,91
Image_15303,91,91
Image_15304,91,91
Image_15305,91,91
Image_15306,91,91
Image_15307,91,91
Image_15308,91,91
Image_15309,91,91
Image_15310,91,91
Image_15311,91,91
Image_15312,91,91
Image_15313,91,91
Image_15314,91,91
Image_15315,91,91
Image_15316,91,91
Image_15317,91,91
Image_15318,91,91
Image_15319,91,91
Image_15320,91,91
Image_15321,91,91
Image_15322,91,91
Image_15323,91,91
Image_15324,91,91
Image_15325,91,91
Image_15326,91,91
Image_15327,91,91
Image_15328,91,91
Image_15329,91,91
Image_15330,91,91
Image_15331,91,91
Image_15332,91,91
Image_15333,91,91
Image_15334,91,91
Image_15335,91,91
Image_15336,91,91
Image_15337,91,91
Image_15338,91,91
Image_15339,91,91
Image_15340,91,91
Image_15341,91,91
Image_15342,91,91
Image_15343,91,91
Image_15344,91,91
Image_15345,91,91
Image_15346,91,91
Image_15347,91,91
Image_15348,91,91
Image_15349,91,91
Image_15350,91,91
Image_15351,91,91
Image_15352,91,91
Image_15353,91,91
Image_15354,91,91
Image_15355,91,91
Image_15356,91,91
Image_15357,91,91
Image_15358,91,91
Image_15359,91,91
Image_15360,91,91
Image_15361,91,91
Image_15362,91,91
Image_15363,91,91
Image_15364,91,91
Image_15365,91,91
Image_15366,91,91
Image_15367,91,91
Image_15368,91,91
Image_15369,91,91
Image_15370,91,91
Image_15371,91,91
Image_15372,91,91
Image_15373,92,92
Image_15374,92,92
Image_15375,92,92
Image_15376,92,92
Image_15377,92,92
Image_15378,92,92
Image_15379,92,92
Image_15380,92,92
Image_15381,92,92
Image_15382,92,92
Image_15383,92,92
Image_15384,92,92
Image_15385,92,92
Image_15386,92,92
Image_15387,92,92
Image_15388,92,92
Image_15389,92,92
Image_15390,92,92
Image_15391,92,92
Image_15392,92,92
Image_15393,92,92
Image_15394,92,9
Image_15395,92,92
Image_15396,92,92
Image_15397,92,92
Image_15398,92,92
Image_15399,92,92
Image_15400,92,92
Image_15401,92,92
Image_15402,92,92
Image_15403,92,92
Image_15404,92,92
Image_15405,92,92
Image_15406,92,92
Image_15407,92,92
Image_15408,92,92
Image_15409,92,92
Image_15410,92,92
Image_15411,92,92
Image_15412,92,92
Image_15413,92,92
Image_15414,92,92
Image_15415,92,92
Image_15416,92,92
Image_15417,92,92
Image_15418,92,92
Image_15419,92,92
Image_15420,92,92
Image_15421,92,92
Image_15422,92,92
Image_15423,92,92
Image_15424,92,92
Image_15425,92,92
Image_15426,92,87
Image_15427,92,92
Image_15428,92,92
Image_15429,92,92
Image_15430,92,92
Image_15431,92,92
Image_15432,92,92
Image_15433,92,92
Image_15434,92,92
Image_15435,92,92
Image_15436,92,92
Image_15437,92,92
Image_15438,92,92
Image_15439,92,92
Image_15440,92,92
Image_15441,92,92
Image_15442,92,92
Image_15443,92,92
Image_15444,92,73
Image_15445,92,92
Image_15446,92,92
Image_15447,92,92
Image_15448,92,92
Image_15449,92,92
Image_15450,92,92
Image_15451,92,92
Image_15452,92,92
Image_15453,92,92
Image_15454,92,92
Image_15455,92,92
Image_15456,92,92
Image_15457,92,92
Image_15458,92,92
Image_15459,92,92
Image_15460,92,92
Image_15461,92,92
Image_15462,92,92
Image_15463,92,92
Image_15464,92,92
Image_15465,92,92
Image_15466,92,92
Image_15467,92,92
Image_15468,92,92
Image_15469,92,92
Image_15470,92,92
Image_15471,92,105
Image_15472,92,92
Image_15473,92,92
Image_15474,92,92
Image_15475,92,92
Image_15476,92,87
Image_15477,92,92
Image_15478,92,92
Image_15479,92,92
Image_15480,92,92
Image_15481,92,92
Image_15482,92,92
Image_15483,92,92
Image_15484,92,92
Image_15485,92,92
Image_15486,92,92
Image_15487,92,92
Image_15488,92,92
Image_15489,92,92
Image_15490,92,92
Image_15491,92,92
Image_15492,92,9
Image_15493,92,92
Image_15494,92,92
Image_15495,92,92
Image_15496,92,9
Image_15497,92,92
Image_15498,92,92
Image_15499,92,92
Image_15500,92,92
Image_15501,92,92
Image_15502,92,92
Image_15503,92,92
Image_15504,92,92
Image_15505,92,92
Image_15506,92,92
Image_15507,92,92
Image_15508,92,92
Image_15509,92,87
Image_15510,92,92
Image_15511,92,92
Image_15512,93,93
Image_15513,93,93
Image_15514,93,93
Image_15515,93,93
Image_15516,93,93
Image_15517,93,93
Image_15518,93,93
Image_15519,93,93
Image_15520,93,93
Image_15521,93,93
Image_15522,93,93
Image_15523,93,93
Image_15524,93,93
Image_15525,93,93
Image_15526,93,93
Image_15527,93,93
Image_15528,93,93
Image_15529,93,93
Image_15530,93,93
Image_15531,93,93
Image_15532,93,93
Image_15533,93,93
Image_15534,93,93
Image_15535,93,93
Image_15536,93,93
Image_15537,93,93
Image_15538,93,93
Image_15539,93,93
Image_15540,93,93
Image_15541,93,93
Image_15542,93,93
Image_15543,93,93
Image_15544,93,93
Image_15545,93,93
Image_15546,93,93
Image_15547,93,93
Image_15548,93,93
Image_15549,93,93
Image_15550,93,93
Image_15551,93,93
Image_15552,93,93
Image_15553,93,93
Image_15554,93,93
Image_15555,93,93
Image_15556,93,93
Image_15557,93,93
Image_15558,93,93
Image_15559,93,93
Image_15560,93,93
Image_15561,93,93
Image_15562,93,93
Image_15563,93,93
Image_15564,93,93
Image_15565,93,93
Image_15566,93,93
Image_15567,93,93
Image_15568,93,93
Image_15569,93,93
Image_15570,93,93
Image_15571,93,93
Image_15572,93,93
Image_15573,93,93
Image_15574,93,93
Image_15575,93,93
Image_15576,93,93
Image_15577,93,93
Image_15578,93,93
Image_15579,93,93
Image_15580,93,93
Image_15581,93,93
Image_15582,93,93
Image_15583,93,93
Image_15584,93,93
Image_15585,93,93
Image_15586,93,93
Image_15587,93,93
Image_15588,93,93
Image_15589,93,93
Image_15590,93,93
Image_15591,93,93
Image_15592,93,93
Image_15593,93,93
Image_15594,93,93
Image_15595,93,93
Image_15596,93,93
Image_15597,93,93
Image_15598,93,93
Image_15599,93,93
Image_15600,93,93
Image_15601,93,93
Image_15602,93,93
Image_15603,93,93
Image_15604,93,93
Image_15605,93,93
Image_15606,93,93
Image_15607,93,93
Image_15608,93,93
Image_15609,93,93
Image_15610,93,93
Image_15611,93,93
Image_15612,93,93
Image_15613,93,93
Image_15614,93,93
Image_15615,93,93
Image_15616,93,93
Image_15617,93,93
Image_15618,93,93
Image_15619,93,93
Image_15620,93,93
Image_15621,93,93
Image_15622,93,93
Image_15623,93,93
Image_15624,93,93
Image_15625,93,93
Image_15626,93,93
Image_15627,93,93
Image_15628,93,93
Image_15629,93,93
Image_15630,93,93
Image_15631,93,93
Image_15632,93,93
Image_15633,93,93
Image_15634,93,93
Image_15635,93,93
Image_15636,93,93
Image_15637,93,93
Image_15638,93,93
Image_15639,93,93
Image_15640,93,93
Image_15641,93,93
Image_15642,93,93
Image_15643,93,93
Image_15644,93,93
Image_15645,93,93
Image_15646,93,93
Image_15647,93,93
Image_15648,93,93
Image_15649,93,93
Image_15650,93,93
Image_15651,93,93
Image_15652,93,93
Image_15653,93,93
Image_15654,93,93
Image_15655,93,93
Image_15656,93,93
Image_15657,93,93
Image_15658,93,93
Image_15659,93,93
Image_15660,93,93
Image_15661,93,93
Image_15662,93,93
Image_15663,93,93
Image_15664,93,93
Image_15665,93,93
Image_15666,93,93
Image_15667,93,93
Image_15668,93,93
Image_15669,93,93
Image_15670,94,94
Image_15671,94,94
Image_15672,94,94
Image_15673,94,94
Image_15674,94,94
Image_15675,94,94
Image_15676,94,94
Image_15677,94,94
Image_15678,94,94
Image_15679,94,94
Image_15680,94,94
Image_15681,94,94
Image_15682,94,94
Image_15683,94,94
Image_15684,94,94
Image_15685,94,94
Image_15686,94,94
Image_15687,94,94
Image_15688,94,94
Image_15689,94,94
Image_15690,94,94
Image_15691,94,94
Image_15692,94,94
Image_15693,94,94
Image_15694,94,94
Image_15695,94,94
Image_15696,94,94
Image_15697,94,94
Image_15698,94,94
Image_15699,94,94
Image_15700,94,94
Image_15701,94,94
Image_15702,94,94
Image_15703,94,94
Image_15704,94,94
Image_15705,94,94
Image_15706,94,94
Image_15707,94,94
Image_15708,94,94
Image_15709,94,94
Image_15710,94,94
Image_15711,94,94
Image_15712,94,94
Image_15713,94,94
Image_15714,94,94
Image_15715,94,94
Image_15716,94,94
Image_15717,94,94
Image_15718,94,94
Image_15719,94,94
Image_15720,94,94
Image_15721,94,94
Image_15722,94,94
Image_15723,94,94
Image_15724,94,94
Image_15725,94,94
Image_15726,94,94
Image_15727,94,94
Image_15728,94,94
Image_15729,94,94
Image_15730,94,94
Image_15731,94,94
Image_15732,94,94
Image_15733,94,94
Image_15734,94,94
Image_15735,94,94
Image_15736,94,94
Image_15737,94,94
Image_15738,94,94
Image_15739,94,94
Image_15740,94,94
Image_15741,94,94
Image_15742,94,94
Image_15743,94,94
Image_15744,94,94
Image_15745,94,94
Image_15746,94,94
Image_15747,94,94
Image_15748,94,94
Image_15749,94,94
Image_15750,94,94
Image_15751,94,94
Image_15752,94,94
Image_15753,94,94
Image_15754,94,94
Image_15755,94,94
Image_15756,94,94
Image_15757,94,94
Image_15758,94,94
Image_15759,94,94
Image_15760,94,94
Image_15761,94,94
Image_15762,94,94
Image_15763,94,94
Image_15764,94,94
Image_15765,94,94
Image_15766,94,94
Image_15767,94,94
Image_15768,94,94
Image_15769,94,94
Image_15770,94,94
Image_15771,94,94
Image_15772,94,94
Image_15773,94,94
Image_15774,94,94
Image_15775,94,94
Image_15776,94,94
Image_15777,94,94
Image_15778,94,94
Image_15779,94,94
Image_15780,94,94
Image_15781,94,94
Image_15782,94,94
Image_15783,94,94
Image_15784,94,94
Image_15785,94,94
Image_15786,94,94
Image_15787,94,94
Image_15788,94,94
Image_15789,94,94
Image_15790,94,94
Image_15791,94,94
Image_15792,94,94
Image_15793,94,94
Image_15794,94,94
Image_15795,94,94
Image_15796,94,94
Image_15797,94,94
Image_15798,94,94
Image_15799,94,94
Image_15800,94,94
Image_15801,94,94
Image_15802,94,94
Image_15803,94,94
Image_15804,94,94
Image_15805,94,94
Image_15806,94,94
Image_15807,94,94
Image_15808,94,94
Image_15809,94,94
Image_15810,94,94
Image_15811,94,94
Image_15812,94,94
Image_15813,94,94
Image_15814,94,94
Image_15815,94,94
Image_15816,94,94
Image_15817,94,94
Image_15818,94,94
Image_15819,94,94
Image_15820,94,94
Image_15821,94,94
Image_15822,94,94
Image_15823,94,94
Image_15824,94,94
Image_15825,94,94
Image_15826,94,94
Image_15827,95,95
Image_15828,95,95
Image_15829,95,95
Image_15830,95,95
Image_15831,95,95
Image_15832,95,95
Image_15833,95,95
Image_15834,95,95
Image_15835,95,95
Image_15836,95,95
Image_15837,95,95
Image_15838,95,95
Image_15839,95,95
Image_15840,95,95
Image_15841,95,95
Image_15842,95,95
Image_15843,95,95
Image_15844,95,95
Image_15845,95,95
Image_15846,95,95
Image_15847,95,95
Image_15848,95,95
Image_15849,95,95
Image_15850,95,95
Image_15851,95,95
Image_15852,95,95
Image_15853,95,95
Image_15854,95,95
Image_15855,95,95
Image_15856,95,95
Image_15857,95,95
Image_15858,95,95
Image_15859,95,95
Image_15860,95,95
Image_15861,95,95
Image_15862,95,95
Image_15863,95,95
Image_15864,95,95
Image_15865,95,95
Image_15866,95,95
Image_15867,95,95
Image_15868,95,95
Image_15869,95,95
Image_15870,95,95
Image_15871,95,95
Image_15872,95,95
Image_15873,95,95
Image_15874,95,95
Image_15875,95,95
Image_15876,95,95
Image_15877,95,95
Image_15878,95,95
Image_15879,95,95
Image_15880,95,95
Image_15881,95,95
Image_15882,95,95
Image_15883,95,95
Image_15884,95,95
Image_15885,95,95
Image_15886,95,95
Image_15887,95,95
Image_15888,95,95
Image_15889,95,95
Image_15890,95,95
Image_15891,95,95
Image_15892,95,95
Image_15893,95,95
Image_15894,95,95
Image_15895,95,95
Image_15896,95,95
Image_15897,95,95
Image_15898,95,95
Image_15899,95,95
Image_15900,95,95
Image_15901,95,95
Image_15902,95,95
Image_15903,95,95
Image_15904,95,95
Image_15905,95,95
Image_15906,95,95
Image_15907,95,95
Image_15908,95,95
Image_15909,95,95
Image_15910,95,95
Image_15911,95,95
Image_15912,95,95
Image_15913,95,95
Image_15914,95,95
Image_15915,95,95
Image_15916,95,95
Image_15917,95,95
Image_15918,95,95
Image_15919,95,95
Image_15920,95,95
Image_15921,95,95
Image_15922,95,95
Image_15923,95,95
Image_15924,95,95
Image_15925,95,95
Image_15926,95,95
Image_15927,95,95
Image_15928,95,95
Image_15929,95,95
Image_15930,95,95
Image_15931,95,95
Image_15932,95,95
Image_15933,95,95
Image_15934,95,95
Image_15935,95,95
Image_15936,95,95
Image_15937,95,95
Image_15938,95,95
Image_15939,95,95
Image_15940,95,95
Image_15941,95,95
Image_15942,95,95
Image_15943,95,95
Image_15944,95,95
Image_15945,95,95
Image_15946,95,95
Image_15947,95,95
Image_15948,95,95
Image_15949,95,95
Image_15950,95,95
Image_15951,95,95
Image_15952,95,95
Image_15953,95,95
Image_15954,95,95
Image_15955,95,95
Image_15956,95,95
Image_15957,95,95
Image_15958,95,95
Image_15959,95,95
Image_15960,95,95
Image_15961,95,95
Image_15962,95,95
Image_15963,95,95
Image_15964,95,95
Image_15965,95,95
Image_15966,95,95
Image_15967,95,95
Image_15968,95,95
Image_15969,95,95
Image_15970,95,95
Image_15971,95,95
Image_15972,95,95
Image_15973,95,95
Image_15974,95,95
Image_15975,95,95
Image_15976,95,95
Image_15977,95,95
Image_15978,95,95
Image_15979,95,95
Image_15980,96,96
Image_15981,96,96
Image_15982,96,96
Image_15983,96,96
Image_15984,96,96
Image_15985,96,96
Image_15986,96,96
Image_15987,96,96
Image_15988,96,96
Image_15989,96,96
Image_15990,96,96
Image_15991,96,96
Image_15992,96,96
Image_15993,96,96
Image_15994,96,96
Image_15995,96,96
Image_15996,96,96
Image_15997,96,96
Image_15998,96,96
Image_15999,96,96
Image_16000,96,96
Image_16001,96,96
Image_16002,96,96
Image_16003,96,96
Image_16004,96,96
Image_16005,96,96
Image_16006,96,96
Image_16007,96,96
Image_16008,96,96
Image_16009,96,96
Image_16010,96,96
Image_16011,96,96
Image_16012,96,96
Image_16013,96,96
Image_16014,96,96
Image_16015,96,96
Image_16016,96,96
Image_16017,96,96
Image_16018,96,96
Image_16019,96,96
Image_16020,96,96
Image_16021,96,96
Image_16022,96,96
Image_16023,96,96
Image_16024,96,96
Image_16025,96,96
Image_16026,96,96
Image_16027,96,96
Image_16028,96,96
Image_16029,96,96
Image_16030,96,96
Image_16031,96,96
Image_16032,96,96
Image_16033,96,96
Image_16034,96,96
Image_16035,96,96
Image_16036,96,96
Image_16037,96,96
Image_16038,96,96
Image_16039,96,96
Image_16040,96,96
Image_16041,96,96
Image_16042,96,96
Image_16043,96,96
Image_16044,96,96
Image_16045,96,96
Image_16046,96,96
Image_16047,96,96
Image_16048,96,96
Image_16049,96,96
Image_16050,96,96
Image_16051,96,96
Image_16052,96,96
Image_16053,96,96
Image_16054,96,96
Image_16055,96,96
Image_16056,96,96
Image_16057,96,96
Image_16058,96,96
Image_16059,96,96
Image_16060,96,96
Image_16061,96,96
Image_16062,96,96
Image_16063,96,96
Image_16064,96,96
Image_16065,96,96
Image_16066,96,96
Image_16067,96,96
Image_16068,96,96
Image_16069,96,96
Image_16070,96,96
Image_16071,96,96
Image_16072,96,96
Image_16073,96,96
Image_16074,96,96
Image_16075,96,96
Image_16076,96,96
Image_16077,96,96
Image_16078,96,96
Image_16079,96,96
Image_16080,96,96
Image_16081,96,96
Image_16082,96,96
Image_16083,96,96
Image_16084,96,96
Image_16085,96,96
Image_16086,96,96
Image_16087,96,96
Image_16088,96,96
Image_16089,96,96
Image_16090,96,96
Image_16091,96,96
Image_16092,96,96
Image_16093,96,96
Image_16094,96,96
Image_16095,96,96
Image_16096,96,96
Image_16097,96,96
Image_16098,96,96
Image_16099,96,96
Image_16100,96,96
Image_16101,96,96
Image_16102,96,96
Image_16103,96,96
Image_16104,96,96
Image_16105,96,96
Image_16106,96,96
Image_16107,96,96
Image_16108,96,96
Image_16109,96,96
Image_16110,96,96
Image_16111,96,96
Image_16112,96,96
Image_16113,96,96
Image_16114,96,96
Image_16115,96,96
Image_16116,96,96
Image_16117,96,96
Image_16118,96,96
Image_16119,96,96
Image_16120,96,96
Image_16121,96,96
Image_16122,96,96
Image_16123,96,96
Image_16124,96,96
Image_16125,96,96
Image_16126,96,96
Image_16127,96,96
Image_16128,96,96
Image_16129,96,96
Image_16130,96,96
Image_16131,96,96
Image_16132,96,96
Image_16133,96,96
Image_16134,96,96
Image_16135,97,97
Image_16136,97,97
Image_16137,97,97
Image_16138,97,97
Image_16139,97,97
Image_16140,97,97
Image_16141,97,122
Image_16142,97,97
Image_16143,97,97
Image_16144,97,52
Image_16145,97,97
Image_16146,97,97
Image_16147,97,97
Image_16148,97,97
Image_16149,97,97
Image_16150,97,97
Image_16151,97,97
Image_16152,97,97
Image_16153,97,97
Image_16154,97,97
Image_16155,97,97
Image_16156,97,52
Image_16157,97,97
Image_16158,97,97
Image_16159,97,97
Image_16160,97,97
Image_16161,97,97
Image_16162,97,97
Image_16163,97,97
Image_16164,97,97
Image_16165,97,97
Image_16166,97,97
Image_16167,97,52
Image_16168,97,97
Image_16169,97,97
Image_16170,97,52
Image_16171,97,97
Image_16172,97,97
Image_16173,97,97
Image_16174,97,97
Image_16175,97,97
Image_16176,97,97
Image_16177,97,97
Image_16178,97,97
Image_16179,97,97
Image_16180,97,97
Image_16181,97,97
Image_16182,97,97
Image_16183,97,97
Image_16184,97,97
Image_16185,97,97
Image_16186,97,97
Image_16187,97,97
Image_16188,97,97
Image_16189,97,97
Image_16190,97,97
Image_16191,97,97
Image_16192,97,97
Image_16193,97,97
Image_16194,97,97
Image_16195,97,97
Image_16196,97,97
Image_16197,97,97
Image_16198,97,97
Image_16199,97,97
Image_16200,97,97
Image_16201,97,97
Image_16202,97,97
Image_16203,97,97
Image_16204,97,97
Image_16205,97,97
Image_16206,97,97
Image_16207,97,97
Image_16208,97,97
Image_16209,97,97
Image_16210,97,97
Image_16211,97,97
Image_16212,97,97
Image_16213,97,97
Image_16214,97,97
Image_16215,97,97
Image_16216,97,97
Image_16217,97,97
Image_16218,97,97
Image_16219,97,97
Image_16220,97,97
Image_16221,97,97
Image_16222,97,97
Image_16223,97,97
Image_16224,97,97
Image_16225,97,97
Image_16226,97,97
Image_16227,97,97
Image_16228,97,97
Image_16229,97,97
Image_16230,97,97
Image_16231,97,97
Image_16232,97,97
Image_16233,97,97
Image_16234,97,97
Image_16235,97,97
Image_16236,97,97
Image_16237,97,52
Image_16238,97,97
Image_16239,97,52
Image_16240,97,97
Image_16241,97,97
Image_16242,97,97
Image_16243,97,97
Image_16244,97,97
Image_16245,97,97
Image_16246,97,97
Image_16247,97,97
Image_16248,97,97
Image_16249,97,97
Image_16250,97,97
Image_16251,97,97
Image_16252,97,97
Image_16253,97,97
Image_16254,97,122
Image_16255,97,97
Image_16256,97,97
Image_16257,97,97
Image_16258,97,97
Image_16259,97,97
Image_16260,97,97
Image_16261,97,122
Image_16262,97,97
Image_16263,97,97
Image_16264,97,97
Image_16265,97,97
Image_16266,97,97
Image_16267,97,97
Image_16268,97,97
Image_16269,97,97
Image_16270,97,97
Image_16271,97,97
Image_16272,97,97
Image_16273,97,97
Image_16274,97,97
Image_16275,97,97
Image_16276,97,97
Image_16277,97,97
Image_16278,97,97
Image_16279,97,97
Image_16280,97,97
Image_16281,97,97
Image_16282,97,97
Image_16283,97,97
Image_16284,97,97
Image_16285,97,97
Image_16286,97,97
Image_16287,97,97
Image_16288,97,97
Image_16289,97,97
Image_16290,97,97
Image_16291,97,97
Image_16292,97,97
Image_16293,97,97
Image_16294,97,97
Image_16295,97,97
Image_16296,97,97
Image_16297,97,97
Image_16298,97,97
Image_16299,97,97
Image_16300,97,122
Image_16301,97,52
Image_16302,97,97
Image_16303,97,97
Image_16304,97,97
Image_16305,97,97
Image_16306,97,97
Image_16307,97,97
Image_16308,97,97
Image_16309,97,97
Image_16310,97,97
Image_16311,97,97
Image_16312,97,97
Image_16313,97,97
Image_16314,97,97
Image_16315,97,52
Image_16316,97,97
Image_16317,97,97
Image_16318,97,97
Image_16319,97,97
Image_16320,97,97
Image_16321,97,97
Image_16322,97,97
Image_16323,97,97
Image_16324,97,97
Image_16325,97,97
Image_16326,97,97
Image_16327,97,97
Image_16328,97,97
Image_16329,97,122
Image_16330,97,97
Image_16331,97,97
Image_16332,97,97
Image_16333,97,97
Image_16334,97,97
Image_16335,97,97
Image_16336,97,97
Image_16337,97,97
Image_16338,97,97
Image_16339,97,97
Image_16340,97,97
Image_16341,97,97
Image_16342,97,97
Image_16343,97,97
Image_16344,97,97
Image_16345,97,97
Image_16346,97,97
Image_16347,97,97
Image_16348,97,97
Image_16349,97,97
Image_16350,97,97
Image_16351,97,97
Image_16352,97,97
Image_16353,97,97
Image_16354,97,97
Image_16355,97,97
Image_16356,97,97
Image_16357,97,97
Image_16358,98,98
Image_16359,98,98
Image_16360,98,98
Image_16361,98,98
Image_16362,98,98
Image_16363,98,98
Image_16364,98,98
Image_16365,98,98
Image_16366,98,98
Image_16367,98,98
Image_16368,98,98
Image_16369,98,98
Image_16370,98,98
Image_16371,98,98
Image_16372,98,98
Image_16373,98,130
Image_16374,98,98
Image_16375,98,98
Image_16376,98,98
Image_16377,98,98
Image_16378,98,98
Image_16379,98,98
Image_16380,98,98
Image_16381,98,98
Image_16382,98,98
Image_16383,98,98
Image_16384,98,98
Image_16385,98,98
Image_16386,98,98
Image_16387,98,98
Image_16388,98,98
Image_16389,98,98
Image_16390,98,98
Image_16391,98,98
Image_16392,98,98
Image_16393,98,98
Image_16394,98,98
Image_16395,98,98
Image_16396,98,98
Image_16397,98,98
Image_16398,98,98
Image_16399,98,98
Image_16400,98,98
Image_16401,98,98
Image_16402,98,98
Image_16403,98,98
Image_16404,98,98
Image_16405,98,98
Image_16406,98,98
Image_16407,98,98
Image_16408,98,98
Image_16409,98,98
Image_16410,98,98
Image_16411,98,98
Image_16412,98,98
Image_16413,98,98
Image_16414,98,98
Image_16415,98,98
Image_16416,98,122
Image_16417,98,98
Image_16418,98,98
Image_16419,98,98
Image_16420,98,98
Image_16421,98,98
Image_16422,98,98
Image_16423,98,98
Image_16424,98,98
Image_16425,98,98
Image_16426,98,98
Image_16427,98,98
Image_16428,98,98
Image_16429,98,98
Image_16430,98,98
Image_16431,98,98
Image_16432,98,98
Image_16433,98,98
Image_16434,98,98
Image_16435,98,98
Image_16436,98,98
Image_16437,98,98
Image_16438,98,98
Image_16439,98,98
Image_16440,98,98
Image_16441,98,98
Image_16442,98,98
Image_16443,98,122
Image_16444,98,98
Image_16445,98,98
Image_16446,98,98
Image_16447,98,98
Image_16448,98,98
Image_16449,98,98
Image_16450,98,98
Image_16451,98,98
Image_16452,98,98
Image_16453,98,98
Image_16454,98,98
Image_16455,98,98
Image_16456,98,98
Image_16457,98,98
Image_16458,98,98
Image_16459,98,98
Image_16460,98,98
Image_16461,98,98
Image_16462,98,98
Image_16463,98,98
Image_16464,98,98
Image_16465,98,98
Image_16466,98,98
Image_16467,98,98
Image_16468,98,98
Image_16469,98,98
Image_16470,98,98
Image_16471,98,98
Image_16472,98,98
Image_16473,98,98
Image_16474,98,98
Image_16475,98,98
Image_16476,98,98
Image_16477,98,98
Image_16478,99,99
Image_16479,99,99
Image_16480,99,99
Image_16481,99,99
Image_16482,99,99
Image_16483,99,99
Image_16484,99,99
Image_16485,99,99
Image_16486,99,83
Image_16487,99,99
Image_16488,99,99
Image_16489,99,99
Image_16490,99,99
Image_16491,99,99
Image_16492,99,83
Image_16493,99,99
Image_16494,99,99
Image_16495,99,99
Image_16496,99,83
Image_16497,99,99
Image_16498,99,99
Image_16499,99,99
Image_16500,99,99
Image_16501,99,99
Image_16502,99,83
Image_16503,99,99
Image_16504,99,83
Image_16505,99,99
Image_16506,99,113
Image_16507,99,99
Image_16508,99,99
Image_16509,99,99
Image_16510,99,99
Image_16511,99,99
Image_16512,99,99
Image_16513,99,99
Image_16514,99,99
Image_16515,99,99
Image_16516,99,99
Image_16517,99,99
Image_16518,99,99
Image_16519,99,99
Image_16520,99,83
Image_16521,99,99
Image_16522,99,99
Image_16523,99,83
Image_16524,99,99
Image_16525,99,99
Image_16526,99,99
Image_16527,99,99
Image_16528,99,99
Image_16529,99,99
Image_16530,99,83
Image_16531,99,99
Image_16532,99,99
Image_16533,99,99
Image_16534,99,99
Image_16535,99,99
Image_16536,99,99
Image_16537,99,99
Image_16538,99,99
Image_16539,99,99
Image_16540,99,83
Image_16541,99,99
Image_16542,99,99
Image_16543,99,99
Image_16544,99,99
Image_16545,99,99
Image_16546,99,99
Image_16547,99,99
Image_16548,99,99
Image_16549,99,83
Image_16550,99,99
Image_16551,99,99
Image_16552,99,99
Image_16553,99,99
Image_16554,99,99
Image_16555,99,99
Image_16556,99,99
Image_16557,99,99
Image_16558,99,99
Image_16559,99,99
Image_16560,99,99
Image_16561,99,99
Image_16562,99,83
Image_16563,99,99
Image_16564,99,99
Image_16565,99,83
Image_16566,99,99
Image_16567,99,99
Image_16568,99,99
Image_16569,99,99
Image_16570,99,99
Image_16571,99,99
Image_16572,99,99
Image_16573,99,99
Image_16574,99,99
Image_16575,99,99
Image_16576,99,99
Image_16577,99,83
Image_16578,99,113
Image_16579,99,99
Image_16580,99,83
Image_16581,99,99
Image_16582,99,99
Image_16583,99,99
Image_16584,99,99
Image_16585,99,113
Image_16586,99,99
Image_16587,99,120
Image_16588,99,83
Image_16589,99,99
Image_16590,99,83
Image_16591,99,99
Image_16592,99,99
Image_16593,99,99
Image_16594,99,99
Image_16595,99,99
Image_16596,99,99
Image_16597,99,99
Image_16598,99,99
Image_16599,99,83
Image_16600,99,99
Image_16601,99,113
Image_16602,99,99
Image_16603,99,99
Image_16604,99,99
Image_16605,99,83
Image_16606,99,99
Image_16607,99,99
Image_16608,99,99
Image_16609,99,99
Image_16610,99,99
Image_16611,99,99
Image_16612,99,99
Image_16613,99,99
Image_16614,99,99
Image_16615,99,99
Image_16616,99,113
Image_16617,99,99
Image_16618,99,99
Image_16619,99,99
Image_16620,99,83
Image_16621,99,99
Image_16622,99,99
Image_16623,99,99
Image_16624,99,113
Image_16625,100,100
Image_16626,100,100
Image_16627,100,100
Image_16628,100,100
Image_16629,100,100
Image_16630,100,124
Image_16631,100,100
Image_16632,100,100
Image_16633,100,100
Image_16634,100,100
Image_16635,100,100
Image_16636,100,100
Image_16637,100,100
Image_16638,100,100
Image_16639,100,100
Image_16640,100,100
Image_16641,100,100
Image_16642,100,100
Image_16643,100,100
Image_16644,100,100
Image_16645,100,100
Image_16646,100,100
Image_16647,100,100
Image_16648,100,100
Image_16649,100,100
Image_16650,100,100
Image_16651,100,100
Image_16652,100,100
Image_16653,100,100
Image_16654,100,100
Image_16655,100,100
Image_16656,100,100
Image_16657,100,100
Image_16658,100,100
Image_16659,100,100
Image_16660,100,100
Image_16661,100,100
Image_16662,100,100
Image_16663,100,100
Image_16664,100,100
Image_16665,100,100
Image_16666,100,100
Image_16667,100,100
Image_16668,100,100
Image_16669,100,100
Image_16670,100,100
Image_16671,100,100
Image_16672,100,100
Image_16673,100,100
Image_16674,100,100
Image_16675,100,100
Image_16676,100,100
Image_16677,100,100
Image_16678,100,100
Image_16679,100,100
Image_16680,100,100
Image_16681,100,100
Image_16682,100,100
Image_16683,100,100
Image_16684,100,100
Image_16685,100,100
Image_16686,100,100
Image_16687,100,100
Image_16688,100,100
Image_16689,100,100
Image_16690,100,100
Image_16691,100,100
Image_16692,100,100
Image_16693,100,100
Image_16694,100,100
Image_16695,100,100
Image_16696,100,100
Image_16697,100,100
Image_16698,100,100
Image_16699,100,100
Image_16700,100,100
Image_16701,100,100
Image_16702,100,100
Image_16703,100,100
Image_16704,100,100
Image_16705,100,100
Image_16706,100,100
Image_16707,100,100
Image_16708,100,100
Image_16709,100,100
Image_16710,100,100
Image_16711,100,100
Image_16712,100,100
Image_16713,100,100
Image_16714,100,100
Image_16715,100,100
Image_16716,100,100
Image_16717,100,100
Image_16718,100,100
Image_16719,100,100
Image_16720,100,100
Image_16721,100,100
Image_16722,100,100
Image_16723,100,100
Image_16724,100,100
Image_16725,100,100
Image_16726,100,100
Image_16727,100,100
Image_16728,100,100
Image_16729,100,100
Image_16730,100,100
Image_16731,100,100
Image_16732,100,100
Image_16733,100,100
Image_16734,100,100
Image_16735,100,100
Image_16736,100,100
Image_16737,100,100
Image_16738,100,100
Image_16739,100,100
Image_16740,100,100
Image_16741,100,100
Image_16742,100,100
Image_16743,100,100
Image_16744,100,100
Image_16745,100,100
Image_16746,100,100
Image_16747,100,100
Image_16748,100,100
Image_16749,100,100
Image_16750,100,100
Image_16751,100,100
Image_16752,100,100
Image_16753,100,100
Image_16754,100,100
Image_16755,100,100
Image_16756,100,100
Image_16757,100,100
Image_16758,100,100
Image_16759,100,100
Image_16760,100,100
Image_16761,100,100
Image_16762,100,100
Image_16763,100,100
Image_16764,100,100
Image_16765,100,100
Image_16766,100,100
Image_16767,100,100
Image_16768,100,100
Image_16769,100,100
Image_16770,100,100
Image_16771,100,100
Image_16772,100,100
Image_16773,100,100
Image_16774,100,100
Image_16775,100,100
Image_16776,100,100
Image_16777,100,100
Image_16778,100,100
Image_16779,100,100
Image_16780,100,100
Image_16781,101,101
Image_16782,101,101
Image_16783,101,101
Image_16784,101,101
Image_16785,101,101
Image_16786,101,101
Image_16787,101,101
Image_16788,101,101
Image_16789,101,101
Image_16790,101,101
Image_16791,101,101
Image_16792,101,101
Image_16793,101,101
Image_16794,101,101
Image_16795,101,101
Image_16796,101,101
Image_16797,101,101
Image_16798,101,101
Image_16799,101,101
Image_16800,101,101
Image_16801,101,101
Image_16802,101,101
Image_16803,101,101
Image_16804,101,101
Image_16805,101,101
Image_16806,101,101
Image_16807,101,101
Image_16808,101,101
Image_16809,101,101
Image_16810,101,101
Image_16811,101,101
Image_16812,101,101
Image_16813,101,101
Image_16814,101,101
Image_16815,101,101
Image_16816,101,101
Image_16817,101,101
Image_16818,101,101
Image_16819,101,101
Image_16820,101,101
Image_16821,101,101
Image_16822,101,101
Image_16823,101,101
Image_16824,101,101
Image_16825,101,101
Image_16826,101,101
Image_16827,101,101
Image_16828,101,101
Image_16829,101,101
Image_16830,101,101
Image_16831,101,101
Image_16832,101,101
Image_16833,101,101
Image_16834,101,101
Image_16835,101,101
Image_16836,101,101
Image_16837,101,101
Image_16838,101,101
Image_16839,101,101
Image_16840,101,101
Image_16841,101,101
Image_16842,101,101
Image_16843,101,101
Image_16844,101,101
Image_16845,101,101
Image_16846,101,101
Image_16847,101,101
Image_16848,101,101
Image_16849,101,101
Image_16850,101,101
Image_16851,101,101
Image_16852,101,101
Image_16853,101,101
Image_16854,101,101
Image_16855,101,101
Image_16856,101,101
Image_16857,101,101
Image_16858,101,101
Image_16859,101,101
Image_16860,101,101
Image_16861,101,101
Image_16862,101,101
Image_16863,101,101
Image_16864,101,101
Image_16865,101,101
Image_16866,101,101
Image_16867,101,101
Image_16868,101,101
Image_16869,101,101
Image_16870,101,101
Image_16871,101,101
Image_16872,101,101
Image_16873,101,101
Image_16874,101,101
Image_16875,101,101
Image_16876,101,101
Image_16877,101,101
Image_16878,101,101
Image_16879,101,101
Image_16880,101,101
Image_16881,101,101
Image_16882,101,101
Image_16883,101,101
Image_16884,101,101
Image_16885,101,101
Image_16886,101,101
Image_16887,101,101
Image_16888,101,101
Image_16889,101,101
Image_16890,101,101
Image_16891,101,101
Image_16892,101,101
Image_16893,101,101
Image_16894,101,101
Image_16895,101,101
Image_16896,101,101
Image_16897,101,101
Image_16898,101,101
Image_16899,101,101
Image_16900,101,101
Image_16901,101,101
Image_16902,101,101
Image_16903,101,101
Image_16904,101,101
Image_16905,101,101
Image_16906,101,101
Image_16907,101,101
Image_16908,101,101
Image_16909,101,101
Image_16910,101,101
Image_16911,101,101
Image_16912,101,101
Image_16913,101,101
Image_16914,101,101
Image_16915,101,101
Image_16916,101,101
Image_16917,101,101
Image_16918,101,101
Image_16919,101,101
Image_16920,101,101
Image_16921,101,101
Image_16922,101,101
Image_16923,101,101
Image_16924,101,101
Image_16925,101,101
Image_16926,101,101
Image_16927,101,101
Image_16928,101,101
Image_16929,101,112
Image_16930,101,101
Image_16931,101,101
Image_16932,101,101
Image_16933,102,102
Image_16934,102,125
Image_16935,102,102
Image_16936,102,102
Image_16937,102,102
Image_16938,102,102
Image_16939,102,102
Image_16940,102,102
Image_16941,102,102
Image_16942,102,102
Image_16943,102,35
Image_16944,102,102
Image_16945,102,102
Image_16946,102,102
Image_16947,102,102
Image_16948,102,102
Image_16949,102,102
Image_16950,102,76
Image_16951,102,102
Image_16952,102,113
Image_16953,102,43
Image_16954,102,102
Image_16955,102,102
Image_16956,102,102
Image_16957,102,125
Image_16958,102,102
Image_16959,102,102
Image_16960,102,102
Image_16961,102,43
Image_16962,102,35
Image_16963,102,102
Image_16964,102,38
Image_16965,102,113
Image_16966,102,102
Image_16967,102,102
Image_16968,102,102
Image_16969,102,102
Image_16970,102,102
Image_16971,102,102
Image_16972,102,102
Image_16973,102,102
Image_16974,102,102
Image_16975,102,102
Image_16976,102,102
Image_16977,102,113
Image_16978,102,76
Image_16979,102,102
Image_16980,102,38
Image_16981,102,102
Image_16982,102,102
Image_16983,102,43
Image_16984,102,122
Image_16985,102,35
Image_16986,102,102
Image_16987,102,102
Image_16988,102,102
Image_16989,102,102
Image_16990,102,125
Image_16991,102,102
Image_16992,102,113
Image_16993,102,102
Image_16994,102,102
Image_16995,102,102
Image_16996,102,21
Image_16997,102,10
Image_16998,102,102
Image_16999,102,113
Image_17000,102,102
Image_17001,102,10
Image_17002,102,102
Image_17003,102,35
Image_17004,102,102
Image_17005,102,43
Image_17006,102,102
Image_17007,102,99
Image_17008,102,102
Image_17009,102,99
Image_17010,102,102
Image_17011,102,125
Image_17012,102,43
Image_17013,102,118
Image_17014,102,118
Image_17015,102,102
Image_17016,102,102
Image_17017,102,102
Image_17018,102,43
Image_17019,102,102
Image_17020,102,102
Image_17021,102,102
Image_17022,102,10
Image_17023,102,43
Image_17024,102,122
Image_17025,102,43
Image_17026,102,102
Image_17027,102,102
Image_17028,102,102
Image_17029,102,10
Image_17030,102,102
Image_17031,102,102
Image_17032,102,102
Image_17033,102,102
Image_17034,102,102
Image_17035,102,102
Image_17036,102,102
Image_17037,102,102
Image_17038,102,35
Image_17039,102,102
Image_17040,102,102
Image_17041,102,35
Image_17042,102,118
Image_17043,102,10
Image_17044,102,102
Image_17045,102,102
Image_17046,102,102
Image_17047,102,102
Image_17048,102,102
Image_17049,102,102
Image_17050,102,102
Image_17051,102,35
Image_17052,102,10
Image_17053,102,35
Image_17054,102,102
Image_17055,102,102
Image_17056,102,113
Image_17057,102,102
Image_17058,102,102
Image_17059,102,102
Image_17060,102,102
Image_17061,102,102
Image_17062,102,102
Image_17063,102,10
Image_17064,102,35
Image_17065,102,102
Image_17066,102,102
Image_17067,102,102
Image_17068,102,102
Image_17069,102,113
Image_17070,102,43
Image_17071,102,102
Image_17072,102,102
Image_17073,102,102
Image_17074,102,102
Image_17075,102,102
Image_17076,102,10
Image_17077,102,113
Image_17078,102,99
Image_17079,102,35
Image_17080,102,102
Image_17081,102,43
Image_17082,102,102
Image_17083,102,21
Image_17084,103,103
Image_17085,103,103
Image_17086,103,103
Image_17087,103,103
Image_17088,103,103
Image_17089,103,103
Image_17090,103,103
Image_17091,103,103
Image_17092,103,103
Image_17093,103,103
Image_17094,103,103
Image_17095,103,103
Image_17096,103,103
Image_17097,103,103
Image_17098,103,103
Image_17099,103,103
Image_17100,103,103
Image_17101,103,103
Image_17102,103,103
Image_17103,103,103
Image_17104,103,103
Image_17105,103,103
Image_17106,103,103
Image_17107,103,103
Image_17108,103,103
Image_17109,103,103
Image_17110,103,103
Image_17111,103,103
Image_17112,103,103
Image_17113,103,103
Image_17114,103,103
Image_17115,103,103
Image_17116,103,103
Image_17117,103,103
Image_17118,103,103
Image_17119,103,103
Image_17120,103,103
Image_17121,103,103
Image_17122,103,103
Image_17123,103,103
Image_17124,103,103
Image_17125,103,103
Image_17126,103,103
Image_17127,103,103
Image_17128,103,103
Image_17129,103,103
Image_17130,103,103
Image_17131,103,103
Image_17132,103,103
Image_17133,103,103
Image_17134,103,103
Image_17135,103,103
Image_17136,103,103
Image_17137,103,103
Image_17138,103,103
Image_17139,103,103
Image_17140,103,103
Image_17141,103,103
Image_17142,103,103
Image_17143,103,103
Image_17144,103,103
Image_17145,103,103
Image_17146,103,103
Image_17147,103,103
Image_17148,103,103
Image_17149,103,103
Image_17150,103,103
Image_17151,103,103
Image_17152,103,103
Image_17153,103,103
Image_17154,103,103
Image_17155,103,103
Image_17156,103,103
Image_17157,103,103
Image_17158,103,103
Image_17159,103,103
Image_17160,103,103
Image_17161,103,103
Image_17162,103,103
Image_17163,103,103
Image_17164,103,103
Image_17165,103,103
Image_17166,103,103
Image_17167,103,103
Image_17168,103,103
Image_17169,103,103
Image_17170,103,103
Image_17171,103,103
Image_17172,103,103
Image_17173,103,103
Image_17174,103,103
Image_17175,103,103
Image_17176,103,103
Image_17177,103,103
Image_17178,103,103
Image_17179,103,103
Image_17180,103,103
Image_17181,103,103
Image_17182,103,103
Image_17183,103,103
Image_17184,103,103
Image_17185,103,103
Image_17186,103,103
Image_17187,103,103
Image_17188,103,103
Image_17189,103,103
Image_17190,103,103
Image_17191,103,103
Image_17192,103,103
Image_17193,103,103
Image_17194,103,103
Image_17195,103,103
Image_17196,103,103
Image_17197,103,103
Image_17198,103,103
Image_17199,103,103
Image_17200,103,103
Image_17201,103,103
Image_17202,103,103
Image_17203,103,103
Image_17204,103,103
Image_17205,103,103
Image_17206,103,103
Image_17207,103,103
Image_17208,103,103
Image_17209,103,103
Image_17210,103,103
Image_17211,103,103
Image_17212,103,103
Image_17213,103,103
Image_17214,103,103
Image_17215,103,103
Image_17216,103,103
Image_17217,103,103
Image_17218,103,103
Image_17219,103,103
Image_17220,103,103
Image_17221,103,103
Image_17222,103,103
Image_17223,103,103
Image_17224,103,103
Image_17225,103,103
Image_17226,103,103
Image_17227,103,103
Image_17228,103,103
Image_17229,103,103
Image_17230,103,103
Image_17231,103,103
Image_17232,103,103
Image_17233,103,103
Image_17234,103,103
Image_17235,103,103
Image_17236,103,103
Image_17237,103,103
Image_17238,103,103
Image_17239,103,103
Image_17240,103,103
Image_17241,103,103
Image_17242,103,103
Image_17243,104,63
Image_17244,104,104
Image_17245,104,104
Image_17246,104,104
Image_17247,104,104
Image_17248,104,104
Image_17249,104,104
Image_17250,104,104
Image_17251,104,104
Image_17252,104,104
Image_17253,104,104
Image_17254,104,104
Image_17255,104,104
Image_17256,104,104
Image_17257,104,104
Image_17258,104,104
Image_17259,104,104
Image_17260,104,104
Image_17261,104,63
Image_17262,104,104
Image_17263,104,104
Image_17264,104,104
Image_17265,104,104
Image_17266,104,104
Image_17267,104,104
Image_17268,104,104
Image_17269,104,104
Image_17270,104,104
Image_17271,104,104
Image_17272,104,104
Image_17273,104,104
Image_17274,104,104
Image_17275,104,104
Image_17276,104,104
Image_17277,104,104
Image_17278,104,73
Image_17279,104,104
Image_17280,104,104
Image_17281,104,104
Image_17282,104,104
Image_17283,104,104
Image_17284,104,104
Image_17285,104,104
Image_17286,104,104
Image_17287,104,104
Image_17288,104,63
Image_17289,104,104
Image_17290,104,104
Image_17291,104,104
Image_17292,104,63
Image_17293,104,104
Image_17294,104,104
Image_17295,104,104
Image_17296,104,104
Image_17297,104,104
Image_17298,104,104
Image_17299,104,104
Image_17300,104,104
Image_17301,104,104
Image_17302,104,104
Image_17303,104,73
Image_17304,104,104
Image_17305,104,104
Image_17306,104,104
Image_17307,104,104
Image_17308,104,104
Image_17309,104,104
Image_17310,104,104
Image_17311,104,104
Image_17312,104,63
Image_17313,104,104
Image_17314,104,104
Image_17315,104,104
Image_17316,104,104
Image_17317,104,104
Image_17318,104,104
Image_17319,104,104
Image_17320,104,104
Image_17321,104,104
Image_17322,104,104
Image_17323,104,104
Image_17324,104,104
Image_17325,104,104
Image_17326,104,104
Image_17327,104,104
Image_17328,104,104
Image_17329,104,104
Image_17330,104,104
Image_17331,104,104
Image_17332,104,104
Image_17333,104,104
Image_17334,104,104
Image_17335,104,104
Image_17336,104,104
Image_17337,104,63
Image_17338,104,104
Image_17339,104,104
Image_17340,104,104
Image_17341,104,104
Image_17342,104,104
Image_17343,104,104
Image_17344,104,104
Image_17345,104,104
Image_17346,104,104
Image_17347,104,104
Image_17348,104,104
Image_17349,104,104
Image_17350,104,104
Image_17351,104,104
Image_17352,104,104
Image_17353,104,104
Image_17354,104,104
Image_17355,104,104
Image_17356,104,63
Image_17357,104,104
Image_17358,104,104
Image_17359,104,104
Image_17360,104,73
Image_17361,104,104
Image_17362,104,63
Image_17363,104,104
Image_17364,104,104
Image_17365,104,63
Image_17366,104,104
Image_17367,104,104
Image_17368,104,104
Image_17369,104,104
Image_17370,104,104
Image_17371,104,104
Image_17372,104,104
Image_17373,104,104
Image_17374,104,104
Image_17375,104,104
Image_17376,104,104
Image_17377,104,104
Image_17378,104,104
Image_17379,104,104
Image_17380,104,104
Image_17381,104,104
Image_17382,104,104
Image_17383,104,104
Image_17384,104,104
Image_17385,104,104
Image_17386,104,104
Image_17387,104,104
Image_17388,104,104
Image_17389,104,104
Image_17390,104,104
Image_17391,104,104
Image_17392,104,104
Image_17393,104,104
Image_17394,104,104
Image_17395,104,104
Image_17396,104,104
Image_17397,104,63
Image_17398,104,104
Image_17399,104,104
Image_17400,104,104
Image_17401,104,63
Image_17402,104,104
Image_17403,104,104
Image_17404,105,105
Image_17405,105,105
Image_17406,105,105
Image_17407,105,105
Image_17408,105,105
Image_17409,105,105
Image_17410,105,105
Image_17411,105,105
Image_17412,105,105
Image_17413,105,105
Image_17414,105,105
Image_17415,105,105
Image_17416,105,105
Image_17417,105,105
Image_17418,105,105
Image_17419,105,105
Image_17420,105,105
Image_17421,105,105
Image_17422,105,105
Image_17423,105,105
Image_17424,105,105
Image_17425,105,105
Image_17426,105,105
Image_17427,105,105
Image_17428,105,105
Image_17429,105,105
Image_17430,105,105
Image_17431,105,105
Image_17432,105,105
Image_17433,105,105
Image_17434,105,105
Image_17435,105,105
Image_17436,105,105
Image_17437,105,105
Image_17438,105,105
Image_17439,105,105
Image_17440,105,105
Image_17441,105,105
Image_17442,105,105
Image_17443,105,105
Image_17444,105,105
Image_17445,105,105
Image_17446,105,105
Image_17447,105,105
Image_17448,105,105
Image_17449,105,105
Image_17450,105,105
Image_17451,105,105
Image_17452,105,105
Image_17453,105,105
Image_17454,105,105
Image_17455,105,105
Image_17456,105,105
Image_17457,105,105
Image_17458,105,105
Image_17459,105,105
Image_17460,105,105
Image_17461,105,105
Image_17462,105,105
Image_17463,105,105
Image_17464,105,105
Image_17465,105,105
Image_17466,105,105
Image_17467,105,105
Image_17468,105,105
Image_17469,105,105
Image_17470,105,105
Image_17471,105,105
Image_17472,105,105
Image_17473,105,105
Image_17474,105,105
Image_17475,105,105
Image_17476,105,105
Image_17477,105,105
Image_17478,105,105
Image_17479,105,105
Image_17480,105,105
Image_17481,105,105
Image_17482,105,105
Image_17483,105,105
Image_17484,105,105
Image_17485,105,105
Image_17486,105,105
Image_17487,105,105
Image_17488,105,105
Image_17489,105,105
Image_17490,105,105
Image_17491,105,105
Image_17492,105,105
Image_17493,105,105
Image_17494,105,105
Image_17495,105,105
Image_17496,105,105
Image_17497,105,105
Image_17498,105,105
Image_17499,105,105
Image_17500,105,105
Image_17501,105,105
Image_17502,105,105
Image_17503,105,105
Image_17504,105,105
Image_17505,105,105
Image_17506,105,105
Image_17507,105,105
Image_17508,105,105
Image_17509,105,105
Image_17510,105,105
Image_17511,105,105
Image_17512,105,105
Image_17513,105,105
Image_17514,105,105
Image_17515,105,105
Image_17516,105,105
Image_17517,105,105
Image_17518,105,105
Image_17519,105,105
Image_17520,105,105
Image_17521,105,105
Image_17522,105,105
Image_17523,105,105
Image_17524,105,105
Image_17525,105,105
Image_17526,105,105
Image_17527,105,105
Image_17528,105,105
Image_17529,105,105
Image_17530,105,105
Image_17531,105,105
Image_17532,105,105
Image_17533,105,105
Image_17534,105,105
Image_17535,105,105
Image_17536,105,105
Image_17537,105,105
Image_17538,105,105
Image_17539,105,105
Image_17540,105,105
Image_17541,105,105
Image_17542,105,105
Image_17543,105,105
Image_17544,105,105
Image_17545,105,105
Image_17546,105,105
Image_17547,105,105
Image_17548,105,105
Image_17549,105,105
Image_17550,105,105
Image_17551,105,105
Image_17552,105,105
Image_17553,105,105
Image_17554,105,105
Image_17555,105,105
Image_17556,105,105
Image_17557,105,105
Image_17558,106,106
Image_17559,106,106
Image_17560,106,106
Image_17561,106,106
Image_17562,106,106
Image_17563,106,106
Image_17564,106,106
Image_17565,106,106
Image_17566,106,106
Image_17567,106,106
Image_17568,106,106
Image_17569,106,106
Image_17570,106,106
Image_17571,106,106
Image_17572,106,106
Image_17573,106,106
Image_17574,106,106
Image_17575,106,106
Image_17576,106,106
Image_17577,106,106
Image_17578,106,106
Image_17579,106,106
Image_17580,106,106
Image_17581,106,106
Image_17582,106,106
Image_17583,106,106
Image_17584,106,106
Image_17585,106,106
Image_17586,106,106
Image_17587,106,106
Image_17588,106,106
Image_17589,106,106
Image_17590,106,106
Image_17591,106,106
Image_17592,106,106
Image_17593,106,106
Image_17594,106,106
Image_17595,106,106
Image_17596,106,106
Image_17597,106,106
Image_17598,106,106
Image_17599,106,106
Image_17600,106,106
Image_17601,106,106
Image_17602,106,106
Image_17603,106,106
Image_17604,106,106
Image_17605,106,106
Image_17606,106,106
Image_17607,106,106
Image_17608,106,106
Image_17609,106,106
Image_17610,106,106
Image_17611,106,106
Image_17612,106,106
Image_17613,106,106
Image_17614,106,106
Image_17615,106,106
Image_17616,106,106
Image_17617,106,106
Image_17618,106,106
Image_17619,106,106
Image_17620,106,106
Image_17621,106,106
Image_17622,106,106
Image_17623,106,106
Image_17624,106,106
Image_17625,106,106
Image_17626,106,106
Image_17627,106,106
Image_17628,106,106
Image_17629,106,106
Image_17630,106,106
Image_17631,106,106
Image_17632,106,106
Image_17633,106,106
Image_17634,106,106
Image_17635,106,106
Image_17636,106,106
Image_17637,106,106
Image_17638,106,106
Image_17639,106,106
Image_17640,106,106
Image_17641,106,106
Image_17642,106,106
Image_17643,106,106
Image_17644,106,106
Image_17645,106,106
Image_17646,106,106
Image_17647,106,106
Image_17648,106,106
Image_17649,106,106
Image_17650,106,106
Image_17651,106,106
Image_17652,106,106
Image_17653,106,106
Image_17654,106,106
Image_17655,106,106
Image_17656,106,106
Image_17657,106,106
Image_17658,106,106
Image_17659,106,106
Image_17660,106,106
Image_17661,106,106
Image_17662,106,106
Image_17663,106,106
Image_17664,106,106
Image_17665,106,106
Image_17666,106,106
Image_17667,106,106
Image_17668,106,106
Image_17669,106,106
Image_17670,106,106
Image_17671,106,106
Image_17672,106,106
Image_17673,106,106
Image_17674,106,106
Image_17675,106,106
Image_17676,106,106
Image_17677,106,106
Image_17678,106,106
Image_17679,106,106
Image_17680,106,106
Image_17681,106,106
Image_17682,106,106
Image_17683,106,106
Image_17684,106,106
Image_17685,106,106
Image_17686,106,106
Image_17687,106,106
Image_17688,106,106
Image_17689,106,106
Image_17690,106,106
Image_17691,106,106
Image_17692,106,106
Image_17693,106,106
Image_17694,106,106
Image_17695,106,106
Image_17696,106,106
Image_17697,106,106
Image_17698,106,106
Image_17699,106,106
Image_17700,106,106
Image_17701,106,106
Image_17702,106,106
Image_17703,106,106
Image_17704,106,106
Image_17705,106,106
Image_17706,106,106
Image_17707,106,106
Image_17708,106,106
Image_17709,106,106
Image_17710,106,106
Image_17711,106,106
Image_17712,106,106
Image_17713,106,106
Image_17714,106,106
Image_17715,107,107
Image_17716,107,107
Image_17717,107,107
Image_17718,107,107
Image_17719,107,107
Image_17720,107,107
Image_17721,107,107
Image_17722,107,107
Image_17723,107,107
Image_17724,107,107
Image_17725,107,107
Image_17726,107,107
Image_17727,107,107
Image_17728,107,107
Image_17729,107,107
Image_17730,107,107
Image_17731,107,107
Image_17732,107,107
Image_17733,107,107
Image_17734,107,107
Image_17735,107,107
Image_17736,107,107
Image_17737,107,107
Image_17738,107,107
Image_17739,107,107
Image_17740,107,107
Image_17741,107,107
Image_17742,107,107
Image_17743,107,107
Image_17744,107,107
Image_17745,107,107
Image_17746,107,107
Image_17747,107,107
Image_17748,107,107
Image_17749,107,107
Image_17750,107,107
Image_17751,107,107
Image_17752,107,107
Image_17753,107,107
Image_17754,107,107
Image_17755,107,107
Image_17756,107,107
Image_17757,107,107
Image_17758,107,107
Image_17759,107,107
Image_17760,107,107
Image_17761,107,107
Image_17762,107,107
Image_17763,107,107
Image_17764,107,107
Image_17765,107,107
Image_17766,107,107
Image_17767,107,107
Image_17768,107,107
Image_17769,107,107
Image_17770,107,107
Image_17771,107,107
Image_17772,107,107
Image_17773,107,107
Image_17774,107,107
Image_17775,107,107
Image_17776,107,107
Image_17777,107,107
Image_17778,107,107
Image_17779,107,107
Image_17780,107,107
Image_17781,107,107
Image_17782,107,107
Image_17783,107,107
Image_17784,107,107
Image_17785,107,107
Image_17786,107,107
Image_17787,107,107
Image_17788,107,107
Image_17789,107,107
Image_17790,107,107
Image_17791,107,107
Image_17792,107,107
Image_17793,107,107
Image_17794,107,107
Image_17795,107,107
Image_17796,107,107
Image_17797,107,107
Image_17798,107,107
Image_17799,107,107
Image_17800,107,107
Image_17801,107,107
Image_17802,107,107
Image_17803,107,107
Image_17804,107,107
Image_17805,107,107
Image_17806,107,107
Image_17807,107,107
Image_17808,107,107
Image_17809,107,107
Image_17810,107,107
Image_17811,107,107
Image_17812,107,107
Image_17813,107,107
Image_17814,107,107
Image_17815,107,107
Image_17816,107,107
Image_17817,107,107
Image_17818,107,107
Image_17819,107,107
Image_17820,107,107
Image_17821,107,107
Image_17822,107,107
Image_17823,107,107
Image_17824,107,107
Image_17825,107,107
Image_17826,107,107
Image_17827,107,107
Image_17828,107,107
Image_17829,107,107
Image_17830,107,107
Image_17831,107,107
Image_17832,107,107
Image_17833,107,107
Image_17834,107,107
Image_17835,107,107
Image_17836,107,107
Image_17837,107,107
Image_17838,107,107
Image_17839,107,107
Image_17840,107,107
Image_17841,107,107
Image_17842,107,107
Image_17843,107,107
Image_17844,107,107
Image_17845,107,107
Image_17846,107,107
Image_17847,107,107
Image_17848,107,107
Image_17849,107,107
Image_17850,107,107
Image_17851,107,107
Image_17852,107,107
Image_17853,107,107
Image_17854,107,107
Image_17855,107,107
Image_17856,107,107
Image_17857,107,107
Image_17858,107,107
Image_17859,107,107
Image_17860,107,107
Image_17861,107,107
Image_17862,107,107
Image_17863,107,107
Image_17864,107,107
Image_17865,107,107
Image_17866,107,107
Image_17867,107,107
Image_17868,107,107
Image_17869,107,107
Image_17870,107,107
Image_17871,107,107
Image_17872,108,57
Image_17873,108,108
Image_17874,108,108
Image_17875,108,108
Image_17876,108,108
Image_17877,108,108
Image_17878,108,57
Image_17879,108,108
Image_17880,108,57
Image_17881,108,57
Image_17882,108,108
Image_17883,108,108
Image_17884,108,108
Image_17885,108,108
Image_17886,108,57
Image_17887,108,108
Image_17888,108,108
Image_17889,108,108
Image_17890,108,57
Image_17891,108,108
Image_17892,108,108
Image_17893,108,108
Image_17894,108,108
Image_17895,108,108
Image_17896,108,57
Image_17897,108,108
Image_17898,108,108
Image_17899,108,108
Image_17900,108,108
Image_17901,108,108
Image_17902,108,108
Image_17903,108,108
Image_17904,108,108
Image_17905,108,57
Image_17906,108,57
Image_17907,108,108
Image_17908,108,108
Image_17909,108,57
Image_17910,108,108
Image_17911,108,108
Image_17912,108,57
Image_17913,108,108
Image_17914,108,108
Image_17915,108,57
Image_17916,108,108
Image_17917,108,57
Image_17918,108,57
Image_17919,108,108
Image_17920,108,108
Image_17921,108,108
Image_17922,108,57
Image_17923,108,57
Image_17924,108,108
Image_17925,108,108
Image_17926,108,108
Image_17927,108,57
Image_17928,108,108
Image_17929,108,57
Image_17930,108,108
Image_17931,108,57
Image_17932,108,108
Image_17933,108,108
Image_17934,108,57
Image_17935,108,108
Image_17936,108,108
Image_17937,108,108
Image_17938,108,57
Image_17939,108,108
Image_17940,108,108
Image_17941,108,57
Image_17942,108,108
Image_17943,108,57
Image_17944,108,108
Image_17945,108,108
Image_17946,108,108
Image_17947,108,108
Image_17948,108,108
Image_17949,108,108
Image_17950,108,57
Image_17951,108,108
Image_17952,108,108
Image_17953,108,57
Image_17954,108,108
Image_17955,108,108
Image_17956,108,108
Image_17957,108,108
Image_17958,108,57
Image_17959,108,57
Image_17960,108,108
Image_17961,108,108
Image_17962,108,57
Image_17963,108,108
Image_17964,108,108
Image_17965,108,108
Image_17966,108,108
Image_17967,108,57
Image_17968,108,108
Image_17969,108,57
Image_17970,108,108
Image_17971,108,108
Image_17972,108,108
Image_17973,108,57
Image_17974,108,108
Image_17975,108,108
Image_17976,108,57
Image_17977,108,57
Image_17978,108,108
Image_17979,108,57
Image_17980,108,108
Image_17981,108,108
Image_17982,108,108
Image_17983,108,108
Image_17984,108,57
Image_17985,108,57
Image_17986,108,108
Image_17987,108,108
Image_17988,108,108
Image_17989,108,108
Image_17990,108,108
Image_17991,108,57
Image_17992,108,108
Image_17993,108,108
Image_17994,108,108
Image_17995,108,108
Image_17996,108,108
Image_17997,108,57
Image_17998,108,108
Image_17999,108,108
Image_18000,108,108
Image_18001,108,108
Image_18002,108,108
Image_18003,108,108
Image_18004,108,108
Image_18005,108,108
Image_18006,108,108
Image_18007,108,108
Image_18008,108,57
Image_18009,108,108
Image_18010,108,57
Image_18011,108,108
Image_18012,108,108
Image_18013,108,108
Image_18014,108,108
Image_18015,108,108
Image_18016,108,108
Image_18017,108,108
Image_18018,108,108
Image_18019,108,108
Image_18020,108,57
Image_18021,108,57
Image_18022,108,108
Image_18023,108,108
Image_18024,108,108
Image_18025,108,108
Image_18026,108,108
Image_18027,109,109
Image_18028,109,109
Image_18029,109,109
Image_18030,109,109
Image_18031,109,109
Image_18032,109,109
Image_18033,109,109
Image_18034,109,109
Image_18035,109,109
Image_18036,109,109
Image_18037,109,109
Image_18038,109,109
Image_18039,109,109
Image_18040,109,109
Image_18041,109,109
Image_18042,109,109
Image_18043,109,109
Image_18044,109,109
Image_18045,109,109
Image_18046,109,109
Image_18047,109,109
Image_18048,109,109
Image_18049,109,109
Image_18050,109,109
Image_18051,109,109
Image_18052,109,109
Image_18053,109,109
Image_18054,109,109
Image_18055,109,109
Image_18056,109,109
Image_18057,109,109
Image_18058,109,109
Image_18059,109,109
Image_18060,109,109
Image_18061,109,109
Image_18062,109,109
Image_18063,109,109
Image_18064,109,109
Image_18065,109,109
Image_18066,109,109
Image_18067,109,109
Image_18068,109,109
Image_18069,109,109
Image_18070,109,109
Image_18071,109,109
Image_18072,109,109
Image_18073,109,109
Image_18074,109,109
Image_18075,109,109
Image_18076,109,109
Image_18077,109,109
Image_18078,109,109
Image_18079,109,109
Image_18080,109,109
Image_18081,109,109
Image_18082,109,109
Image_18083,109,109
Image_18084,109,109
Image_18085,109,109
Image_18086,109,109
Image_18087,109,109
Image_18088,109,109
Image_18089,109,109
Image_18090,109,109
Image_18091,109,109
Image_18092,109,109
Image_18093,109,109
Image_18094,109,109
Image_18095,109,109
Image_18096,109,109
Image_18097,109,109
Image_18098,109,109
Image_18099,109,109
Image_18100,109,109
Image_18101,109,109
Image_18102,109,109
Image_18103,109,109
Image_18104,109,109
Image_18105,109,109
Image_18106,109,109
Image_18107,109,109
Image_18108,109,109
Image_18109,109,109
Image_18110,109,109
Image_18111,109,109
Image_18112,109,109
Image_18113,109,109
Image_18114,109,109
Image_18115,109,109
Image_18116,109,109
Image_18117,109,109
Image_18118,109,109
Image_18119,109,109
Image_18120,109,109
Image_18121,109,109
Image_18122,109,109
Image_18123,109,109
Image_18124,109,109
Image_18125,109,109
Image_18126,109,109
Image_18127,109,109
Image_18128,109,109
Image_18129,109,109
Image_18130,109,109
Image_18131,109,109
Image_18132,109,109
Image_18133,109,109
Image_18134,109,109
Image_18135,109,109
Image_18136,109,109
Image_18137,109,109
Image_18138,109,109
Image_18139,109,109
Image_18140,109,109
Image_18141,109,109
Image_18142,109,109
Image_18143,109,109
Image_18144,109,109
Image_18145,109,109
Image_18146,109,109
Image_18147,109,109
Image_18148,109,109
Image_18149,109,109
Image_18150,109,109
Image_18151,109,109
Image_18152,109,109
Image_18153,109,109
Image_18154,109,109
Image_18155,109,109
Image_18156,109,109
Image_18157,109,109
Image_18158,109,109
Image_18159,109,109
Image_18160,109,109
Image_18161,109,109
Image_18162,109,109
Image_18163,109,109
Image_18164,109,109
Image_18165,109,109
Image_18166,109,109
Image_18167,109,109
Image_18168,109,109
Image_18169,109,109
Image_18170,109,109
Image_18171,109,109
Image_18172,109,109
Image_18173,109,109
Image_18174,109,109
Image_18175,109,109
Image_18176,109,109
Image_18177,109,109
Image_18178,109,109
Image_18179,109,109
Image_18180,109,109
Image_18181,109,109
Image_18182,109,109
Image_18183,109,109
Image_18184,109,109
Image_18185,109,109
Image_18186,109,109
Image_18187,110,110
Image_18188,110,110
Image_18189,110,110
Image_18190,110,110
Image_18191,110,110
Image_18192,110,110
Image_18193,110,110
Image_18194,110,110
Image_18195,110,110
Image_18196,110,110
Image_18197,110,110
Image_18198,110,110
Image_18199,110,110
Image_18200,110,110
Image_18201,110,110
Image_18202,110,110
Image_18203,110,110
Image_18204,110,110
Image_18205,110,110
Image_18206,110,110
Image_18207,110,110
Image_18208,110,110
Image_18209,110,110
Image_18210,110,110
Image_18211,110,110
Image_18212,110,110
Image_18213,110,110
Image_18214,110,110
Image_18215,110,110
Image_18216,110,110
Image_18217,110,110
Image_18218,110,110
Image_18219,110,110
Image_18220,110,110
Image_18221,110,110
Image_18222,110,110
Image_18223,110,110
Image_18224,110,110
Image_18225,110,110
Image_18226,110,110
Image_18227,110,110
Image_18228,110,110
Image_18229,110,110
Image_18230,110,110
Image_18231,110,110
Image_18232,110,110
Image_18233,110,110
Image_18234,110,110
Image_18235,110,110
Image_18236,110,110
Image_18237,110,110
Image_18238,110,110
Image_18239,110,110
Image_18240,110,110
Image_18241,110,110
Image_18242,110,110
Image_18243,110,110
Image_18244,110,110
Image_18245,110,110
Image_18246,110,110
Image_18247,110,110
Image_18248,110,110
Image_18249,110,110
Image_18250,110,110
Image_18251,110,110
Image_18252,110,110
Image_18253,110,110
Image_18254,110,110
Image_18255,110,110
Image_18256,110,110
Image_18257,110,110
Image_18258,110,110
Image_18259,110,110
Image_18260,110,110
Image_18261,110,110
Image_18262,110,110
Image_18263,110,110
Image_18264,110,110
Image_18265,110,110
Image_18266,110,110
Image_18267,110,110
Image_18268,110,110
Image_18269,110,110
Image_18270,110,110
Image_18271,110,110
Image_18272,110,110
Image_18273,110,110
Image_18274,110,110
Image_18275,110,110
Image_18276,110,110
Image_18277,110,110
Image_18278,110,110
Image_18279,110,110
Image_18280,110,110
Image_18281,110,110
Image_18282,110,110
Image_18283,110,110
Image_18284,110,110
Image_18285,110,110
Image_18286,110,110
Image_18287,110,110
Image_18288,110,110
Image_18289,110,110
Image_18290,110,110
Image_18291,110,110
Image_18292,110,110
Image_18293,110,110
Image_18294,110,110
Image_18295,110,110
Image_18296,110,110
Image_18297,110,110
Image_18298,110,110
Image_18299,110,110
Image_18300,110,110
Image_18301,110,110
Image_18302,110,110
Image_18303,110,110
Image_18304,110,110
Image_18305,110,110
Image_18306,110,110
Image_18307,110,110
Image_18308,110,110
Image_18309,110,110
Image_18310,110,110
Image_18311,110,110
Image_18312,110,110
Image_18313,110,110
Image_18314,110,110
Image_18315,110,110
Image_18316,110,110
Image_18317,110,110
Image_18318,110,110
Image_18319,110,110
Image_18320,110,110
Image_18321,110,110
Image_18322,110,110
Image_18323,110,110
Image_18324,110,110
Image_18325,110,110
Image_18326,110,110
Image_18327,110,110
Image_18328,110,110
Image_18329,110,110
Image_18330,110,110
Image_18331,110,110
Image_18332,110,110
Image_18333,110,110
Image_18334,110,110
Image_18335,110,110
Image_18336,110,110
Image_18337,110,110
Image_18338,110,110
Image_18339,110,110
Image_18340,110,110
Image_18341,110,110
Image_18342,110,110
Image_18343,110,110
Image_18344,110,110
Image_18345,110,110
Image_18346,110,110
Image_18347,110,110
Image_18348,111,111
Image_18349,111,111
Image_18350,111,111
Image_18351,111,111
Image_18352,111,111
Image_18353,111,111
Image_18354,111,111
Image_18355,111,111
Image_18356,111,111
Image_18357,111,111
Image_18358,111,105
Image_18359,111,111
Image_18360,111,111
Image_18361,111,111
Image_18362,111,111
Image_18363,111,111
Image_18364,111,111
Image_18365,111,111
Image_18366,111,111
Image_18367,111,111
Image_18368,111,111
Image_18369,111,111
Image_18370,111,111
Image_18371,111,111
Image_18372,111,111
Image_18373,111,105
Image_18374,111,111
Image_18375,111,111
Image_18376,111,111
Image_18377,111,111
Image_18378,111,111
Image_18379,111,111
Image_18380,111,111
Image_18381,111,111
Image_18382,111,111
Image_18383,111,111
Image_18384,111,111
Image_18385,111,111
Image_18386,111,111
Image_18387,111,111
Image_18388,111,111
Image_18389,111,111
Image_18390,111,111
Image_18391,111,105
Image_18392,111,105
Image_18393,111,111
Image_18394,111,111
Image_18395,111,111
Image_18396,111,111
Image_18397,111,111
Image_18398,111,111
Image_18399,111,111
Image_18400,111,111
Image_18401,111,111
Image_18402,111,111
Image_18403,111,111
Image_18404,111,111
Image_18405,111,111
Image_18406,111,111
Image_18407,111,111
Image_18408,111,111
Image_18409,111,105
Image_18410,111,111
Image_18411,111,111
Image_18412,111,111
Image_18413,111,111
Image_18414,111,111
Image_18415,111,111
Image_18416,111,111
Image_18417,111,111
Image_18418,111,111
Image_18419,111,111
Image_18420,111,111
Image_18421,111,105
Image_18422,111,111
Image_18423,111,111
Image_18424,111,111
Image_18425,111,111
Image_18426,111,105
Image_18427,111,111
Image_18428,111,111
Image_18429,111,111
Image_18430,111,111
Image_18431,111,111
Image_18432,111,111
Image_18433,111,111
Image_18434,111,111
Image_18435,111,111
Image_18436,111,111
Image_18437,111,111
Image_18438,111,111
Image_18439,111,111
Image_18440,111,111
Image_18441,111,111
Image_18442,111,111
Image_18443,111,111
Image_18444,111,111
Image_18445,111,111
Image_18446,111,111
Image_18447,111,111
Image_18448,111,111
Image_18449,111,111
Image_18450,111,111
Image_18451,111,111
Image_18452,111,111
Image_18453,111,105
Image_18454,111,111
Image_18455,111,111
Image_18456,111,111
Image_18457,111,111
Image_18458,111,111
Image_18459,111,111
Image_18460,111,111
Image_18461,111,111
Image_18462,111,111
Image_18463,111,111
Image_18464,111,111
Image_18465,111,111
Image_18466,111,111
Image_18467,111,111
Image_18468,111,111
Image_18469,111,111
Image_18470,111,111
Image_18471,111,111
Image_18472,111,111
Image_18473,111,111
Image_18474,111,111
Image_18475,111,111
Image_18476,111,111
Image_18477,111,111
Image_18478,111,111
Image_18479,111,111
Image_18480,111,111
Image_18481,111,111
Image_18482,111,105
Image_18483,111,111
Image_18484,111,111
Image_18485,111,111
Image_18486,111,111
Image_18487,111,111
Image_18488,111,111
Image_18489,111,111
Image_18490,111,111
Image_18491,111,111
Image_18492,111,111
Image_18493,111,111
Image_18494,111,111
Image_18495,111,111
Image_18496,111,111
Image_18497,111,111
Image_18498,111,111
Image_18499,111,111
Image_18500,111,111
Image_18501,111,111
Image_18502,112,112
Image_18503,112,112
Image_18504,112,112
Image_18505,112,112
Image_18506,112,112
Image_18507,112,112
Image_18508,112,112
Image_18509,112,112
Image_18510,112,112
Image_18511,112,112
Image_18512,112,112
Image_18513,112,112
Image_18514,112,112
Image_18515,112,112
Image_18516,112,112
Image_18517,112,112
Image_18518,112,112
Image_18519,112,112
Image_18520,112,112
Image_18521,112,112
Image_18522,112,112
Image_18523,112,112
Image_18524,112,112
Image_18525,112,112
Image_18526,112,112
Image_18527,112,112
Image_18528,112,112
Image_18529,112,112
Image_18530,112,112
Image_18531,112,112
Image_18532,112,112
Image_18533,112,112
Image_18534,112,112
Image_18535,112,112
Image_18536,112,112
Image_18537,112,112
Image_18538,112,112
Image_18539,112,112
Image_18540,112,112
Image_18541,112,112
Image_18542,112,112
Image_18543,112,112
Image_18544,112,112
Image_18545,112,112
Image_18546,112,112
Image_18547,112,112
Image_18548,112,112
Image_18549,112,112
Image_18550,112,112
Image_18551,112,112
Image_18552,112,112
Image_18553,112,112
Image_18554,112,112
Image_18555,112,112
Image_18556,112,112
Image_18557,112,112
Image_18558,112,112
Image_18559,112,112
Image_18560,112,112
Image_18561,112,112
Image_18562,112,112
Image_18563,112,112
Image_18564,112,112
Image_18565,112,112
Image_18566,112,112
Image_18567,112,112
Image_18568,112,112
Image_18569,112,112
Image_18570,112,112
Image_18571,112,112
Image_18572,112,112
Image_18573,112,112
Image_18574,112,112
Image_18575,112,112
Image_18576,112,112
Image_18577,112,112
Image_18578,112,112
Image_18579,112,112
Image_18580,112,112
Image_18581,112,112
Image_18582,112,112
Image_18583,112,112
Image_18584,112,112
Image_18585,112,112
Image_18586,112,112
Image_18587,112,112
Image_18588,112,112
Image_18589,112,112
Image_18590,112,112
Image_18591,112,112
Image_18592,112,112
Image_18593,112,112
Image_18594,112,112
Image_18595,112,112
Image_18596,112,112
Image_18597,112,112
Image_18598,112,112
Image_18599,112,112
Image_18600,112,112
Image_18601,112,112
Image_18602,112,112
Image_18603,112,112
Image_18604,112,112
Image_18605,112,112
Image_18606,112,112
Image_18607,112,112
Image_18608,112,112
Image_18609,112,112
Image_18610,112,112
Image_18611,112,112
Image_18612,112,112
Image_18613,112,112
Image_18614,112,112
Image_18615,112,112
Image_18616,112,112
Image_18617,112,112
Image_18618,112,112
Image_18619,112,112
Image_18620,112,112
Image_18621,112,112
Image_18622,112,112
Image_18623,112,112
Image_18624,112,112
Image_18625,112,112
Image_18626,112,112
Image_18627,112,112
Image_18628,112,112
Image_18629,112,112
Image_18630,112,112
Image_18631,112,112
Image_18632,112,112
Image_18633,112,112
Image_18634,112,112
Image_18635,112,112
Image_18636,112,112
Image_18637,112,112
Image_18638,112,112
Image_18639,112,112
Image_18640,112,112
Image_18641,112,112
Image_18642,112,112
Image_18643,112,112
Image_18644,112,112
Image_18645,112,112
Image_18646,112,112
Image_18647,112,112
Image_18648,112,112
Image_18649,112,112
Image_18650,112,112
Image_18651,112,112
Image_18652,112,112
Image_18653,112,112
Image_18654,112,112
Image_18655,112,112
Image_18656,112,112
Image_18657,112,112
Image_18658,112,112
Image_18659,113,113
Image_18660,113,113
Image_18661,113,113
Image_18662,113,113
Image_18663,113,113
Image_18664,113,113
Image_18665,113,113
Image_18666,113,113
Image_18667,113,113
Image_18668,113,113
Image_18669,113,113
Image_18670,113,113
Image_18671,113,113
Image_18672,113,113
Image_18673,113,113
Image_18674,113,113
Image_18675,113,113
Image_18676,113,113
Image_18677,113,113
Image_18678,113,113
Image_18679,113,113
Image_18680,113,113
Image_18681,113,113
Image_18682,113,113
Image_18683,113,113
Image_18684,113,113
Image_18685,113,113
Image_18686,113,113
Image_18687,113,113
Image_18688,113,113
Image_18689,113,113
Image_18690,113,113
Image_18691,113,113
Image_18692,113,113
Image_18693,113,113
Image_18694,113,113
Image_18695,113,113
Image_18696,113,113
Image_18697,113,113
Image_18698,113,113
Image_18699,113,113
Image_18700,113,113
Image_18701,113,113
Image_18702,113,113
Image_18703,113,113
Image_18704,113,113
Image_18705,113,113
Image_18706,113,113
Image_18707,113,113
Image_18708,113,113
Image_18709,113,113
Image_18710,113,113
Image_18711,113,113
Image_18712,113,113
Image_18713,113,113
Image_18714,113,113
Image_18715,113,113
Image_18716,113,113
Image_18717,113,113
Image_18718,113,113
Image_18719,113,113
Image_18720,113,113
Image_18721,113,113
Image_18722,113,113
Image_18723,113,113
Image_18724,113,113
Image_18725,113,113
Image_18726,113,113
Image_18727,113,113
Image_18728,113,113
Image_18729,113,113
Image_18730,113,113
Image_18731,113,113
Image_18732,113,113
Image_18733,113,113
Image_18734,113,113
Image_18735,113,113
Image_18736,113,113
Image_18737,113,113
Image_18738,113,113
Image_18739,113,113
Image_18740,113,113
Image_18741,113,113
Image_18742,113,113
Image_18743,113,113
Image_18744,113,113
Image_18745,113,113
Image_18746,113,113
Image_18747,113,113
Image_18748,113,113
Image_18749,113,113
Image_18750,113,113
Image_18751,113,113
Image_18752,113,113
Image_18753,113,113
Image_18754,113,113
Image_18755,113,113
Image_18756,113,113
Image_18757,113,113
Image_18758,113,113
Image_18759,113,113
Image_18760,113,113
Image_18761,113,113
Image_18762,113,113
Image_18763,113,113
Image_18764,113,113
Image_18765,113,113
Image_18766,113,113
Image_18767,113,113
Image_18768,113,113
Image_18769,113,113
Image_18770,113,113
Image_18771,113,113
Image_18772,113,113
Image_18773,113,113
Image_18774,113,113
Image_18775,113,113
Image_18776,113,113
Image_18777,113,113
Image_18778,113,113
Image_18779,113,113
Image_18780,113,113
Image_18781,113,113
Image_18782,113,113
Image_18783,113,113
Image_18784,113,113
Image_18785,113,113
Image_18786,113,113
Image_18787,113,113
Image_18788,113,113
Image_18789,113,113
Image_18790,113,113
Image_18791,113,113
Image_18792,113,113
Image_18793,113,113
Image_18794,113,113
Image_18795,113,113
Image_18796,113,113
Image_18797,113,113
Image_18798,113,113
Image_18799,113,113
Image_18800,113,113
Image_18801,114,114
Image_18802,114,114
Image_18803,114,114
Image_18804,114,114
Image_18805,114,114
Image_18806,114,114
Image_18807,114,114
Image_18808,114,114
Image_18809,114,114
Image_18810,114,114
Image_18811,114,114
Image_18812,114,114
Image_18813,114,114
Image_18814,114,114
Image_18815,114,114
Image_18816,114,114
Image_18817,114,114
Image_18818,114,114
Image_18819,114,114
Image_18820,114,114
Image_18821,114,114
Image_18822,114,114
Image_18823,114,114
Image_18824,114,114
Image_18825,114,114
Image_18826,114,114
Image_18827,114,114
Image_18828,114,114
Image_18829,114,114
Image_18830,114,114
Image_18831,114,114
Image_18832,114,114
Image_18833,114,114
Image_18834,114,114
Image_18835,114,114
Image_18836,114,114
Image_18837,114,114
Image_18838,114,114
Image_18839,114,114
Image_18840,114,114
Image_18841,114,114
Image_18842,114,114
Image_18843,114,114
Image_18844,114,114
Image_18845,114,114
Image_18846,114,114
Image_18847,114,114
Image_18848,114,114
Image_18849,114,114
Image_18850,114,114
Image_18851,114,114
Image_18852,114,114
Image_18853,114,114
Image_18854,114,114
Image_18855,114,114
Image_18856,114,114
Image_18857,114,114
Image_18858,114,114
Image_18859,114,114
Image_18860,114,114
Image_18861,114,114
Image_18862,114,114
Image_18863,114,114
Image_18864,114,114
Image_18865,114,114
Image_18866,114,114
Image_18867,114,114
Image_18868,114,114
Image_18869,114,114
Image_18870,114,114
Image_18871,114,114
Image_18872,114,114
Image_18873,114,114
Image_18874,114,114
Image_18875,114,114
Image_18876,114,114
Image_18877,114,114
Image_18878,114,114
Image_18879,114,114
Image_18880,114,114
Image_18881,114,114
Image_18882,114,114
Image_18883,114,114
Image_18884,114,114
Image_18885,114,114
Image_18886,114,114
Image_18887,114,114
Image_18888,114,114
Image_18889,114,114
Image_18890,114,114
Image_18891,114,114
Image_18892,114,114
Image_18893,114,114
Image_18894,114,114
Image_18895,114,114
Image_18896,114,114
Image_18897,114,114
Image_18898,114,114
Image_18899,114,114
Image_18900,114,114
Image_18901,114,114
Image_18902,114,114
Image_18903,114,114
Image_18904,114,114
Image_18905,114,114
Image_18906,114,114
Image_18907,114,114
Image_18908,114,114
Image_18909,114,114
Image_18910,114,114
Image_18911,114,114
Image_18912,114,114
Image_18913,114,114
Image_18914,114,114
Image_18915,114,114
Image_18916,114,114
Image_18917,114,114
Image_18918,114,114
Image_18919,114,114
Image_18920,114,114
Image_18921,114,114
Image_18922,114,114
Image_18923,114,114
Image_18924,114,114
Image_18925,114,114
Image_18926,114,114
Image_18927,114,114
Image_18928,114,114
Image_18929,114,114
Image_18930,114,114
Image_18931,114,114
Image_18932,114,114
Image_18933,114,114
Image_18934,114,114
Image_18935,114,114
Image_18936,114,114
Image_18937,114,114
Image_18938,114,114
Image_18939,114,114
Image_18940,114,114
Image_18941,114,114
Image_18942,114,114
Image_18943,114,114
Image_18944,114,114
Image_18945,114,114
Image_18946,114,114
Image_18947,115,115
Image_18948,115,115
Image_18949,115,115
Image_18950,115,115
Image_18951,115,115
Image_18952,115,115
Image_18953,115,115
Image_18954,115,115
Image_18955,115,115
Image_18956,115,115
Image_18957,115,115
Image_18958,115,115
Image_18959,115,115
Image_18960,115,115
Image_18961,115,115
Image_18962,115,115
Image_18963,115,115
Image_18964,115,115
Image_18965,115,115
Image_18966,115,115
Image_18967,115,115
Image_18968,115,115
Image_18969,115,115
Image_18970,115,115
Image_18971,115,115
Image_18972,115,115
Image_18973,115,115
Image_18974,115,115
Image_18975,115,115
Image_18976,115,115
Image_18977,115,115
Image_18978,115,115
Image_18979,115,115
Image_18980,115,115
Image_18981,115,115
Image_18982,115,115
Image_18983,115,115
Image_18984,115,115
Image_18985,115,115
Image_18986,115,115
Image_18987,115,115
Image_18988,115,115
Image_18989,115,115
Image_18990,115,115
Image_18991,115,115
Image_18992,115,115
Image_18993,115,115
Image_18994,115,115
Image_18995,115,115
Image_18996,115,115
Image_18997,115,115
Image_18998,115,115
Image_18999,115,115
Image_19000,115,115
Image_19001,115,115
Image_19002,115,115
Image_19003,115,115
Image_19004,115,115
Image_19005,115,115
Image_19006,115,115
Image_19007,115,115
Image_19008,115,115
Image_19009,115,115
Image_19010,115,115
Image_19011,115,115
Image_19012,115,115
Image_19013,115,115
Image_19014,115,115
Image_19015,115,115
Image_19016,115,115
Image_19017,115,115
Image_19018,115,115
Image_19019,115,115
Image_19020,115,115
Image_19021,115,115
Image_19022,115,115
Image_19023,115,115
Image_19024,115,115
Image_19025,115,115
Image_19026,115,115
Image_19027,115,115
Image_19028,115,115
Image_19029,115,115
Image_19030,115,115
Image_19031,115,115
Image_19032,115,115
Image_19033,115,115
Image_19034,115,115
Image_19035,115,115
Image_19036,115,115
Image_19037,115,115
Image_19038,115,115
Image_19039,115,115
Image_19040,115,115
Image_19041,115,115
Image_19042,115,115
Image_19043,115,115
Image_19044,115,115
Image_19045,115,115
Image_19046,115,115
Image_19047,115,115
Image_19048,115,115
Image_19049,115,115
Image_19050,115,115
Image_19051,115,67
Image_19052,115,115
Image_19053,115,115
Image_19054,115,115
Image_19055,115,115
Image_19056,115,115
Image_19057,115,115
Image_19058,115,115
Image_19059,115,115
Image_19060,115,115
Image_19061,115,67
Image_19062,115,115
Image_19063,115,115
Image_19064,115,115
Image_19065,115,115
Image_19066,115,115
Image_19067,115,115
Image_19068,115,115
Image_19069,115,115
Image_19070,115,115
Image_19071,115,115
Image_19072,115,115
Image_19073,115,115
Image_19074,115,115
Image_19075,115,115
Image_19076,115,115
Image_19077,115,115
Image_19078,115,115
Image_19079,115,115
Image_19080,115,115
Image_19081,115,115
Image_19082,115,115
Image_19083,115,115
Image_19084,115,115
Image_19085,115,115
Image_19086,115,115
Image_19087,115,115
Image_19088,115,115
Image_19089,115,115
Image_19090,115,115
Image_19091,115,115
Image_19092,115,115
Image_19093,115,115
Image_19094,115,115
Image_19095,115,115
Image_19096,115,115
Image_19097,115,115
Image_19098,115,115
Image_19099,115,115
Image_19100,115,115
Image_19101,115,115
Image_19102,115,115
Image_19103,115,115
Image_19104,115,115
Image_19105,115,115
Image_19106,115,115
Image_19107,116,116
Image_19108,116,116
Image_19109,116,116
Image_19110,116,116
Image_19111,116,116
Image_19112,116,116
Image_19113,116,116
Image_19114,116,116
Image_19115,116,116
Image_19116,116,116
Image_19117,116,116
Image_19118,116,116
Image_19119,116,116
Image_19120,116,116
Image_19121,116,116
Image_19122,116,116
Image_19123,116,116
Image_19124,116,116
Image_19125,116,116
Image_19126,116,116
Image_19127,116,116
Image_19128,116,116
Image_19129,116,116
Image_19130,116,116
Image_19131,116,116
Image_19132,116,116
Image_19133,116,116
Image_19134,116,116
Image_19135,116,116
Image_19136,116,116
Image_19137,116,116
Image_19138,116,116
Image_19139,116,116
Image_19140,116,116
Image_19141,116,116
Image_19142,116,116
Image_19143,116,116
Image_19144,116,116
Image_19145,116,116
Image_19146,116,116
Image_19147,116,116
Image_19148,116,116
Image_19149,116,116
Image_19150,116,116
Image_19151,116,116
Image_19152,116,116
Image_19153,116,116
Image_19154,116,116
Image_19155,116,116
Image_19156,116,116
Image_19157,116,116
Image_19158,116,116
Image_19159,116,116
Image_19160,116,116
Image_19161,116,116
Image_19162,116,116
Image_19163,116,116
Image_19164,116,116
Image_19165,116,116
Image_19166,116,116
Image_19167,116,116
Image_19168,116,116
Image_19169,116,116
Image_19170,116,116
Image_19171,116,116
Image_19172,116,116
Image_19173,116,116
Image_19174,116,116
Image_19175,116,116
Image_19176,116,116
Image_19177,116,116
Image_19178,116,116
Image_19179,116,116
Image_19180,116,116
Image_19181,116,116
Image_19182,116,116
Image_19183,116,116
Image_19184,116,116
Image_19185,116,116
Image_19186,116,116
Image_19187,116,116
Image_19188,116,116
Image_19189,116,116
Image_19190,116,116
Image_19191,116,116
Image_19192,116,116
Image_19193,116,116
Image_19194,116,116
Image_19195,116,116
Image_19196,116,116
Image_19197,116,116
Image_19198,116,116
Image_19199,116,116
Image_19200,116,116
Image_19201,116,116
Image_19202,116,116
Image_19203,116,116
Image_19204,116,116
Image_19205,116,116
Image_19206,116,116
Image_19207,116,116
Image_19208,116,116
Image_19209,116,116
Image_19210,116,116
Image_19211,116,116
Image_19212,116,116
Image_19213,116,116
Image_19214,116,116
Image_19215,116,116
Image_19216,116,116
Image_19217,116,116
Image_19218,116,116
Image_19219,116,116
Image_19220,116,116
Image_19221,116,116
Image_19222,116,116
Image_19223,116,116
Image_19224,116,116
Image_19225,116,116
Image_19226,117,117
Image_19227,117,117
Image_19228,117,117
Image_19229,117,117
Image_19230,117,117
Image_19231,117,117
Image_19232,117,117
Image_19233,117,117
Image_19234,117,117
Image_19235,117,117
Image_19236,117,117
Image_19237,117,117
Image_19238,117,117
Image_19239,117,117
Image_19240,117,117
Image_19241,117,117
Image_19242,117,117
Image_19243,117,117
Image_19244,117,117
Image_19245,117,117
Image_19246,117,117
Image_19247,117,117
Image_19248,117,117
Image_19249,117,117
Image_19250,117,117
Image_19251,117,117
Image_19252,117,117
Image_19253,117,117
Image_19254,117,117
Image_19255,117,117
Image_19256,117,117
Image_19257,117,117
Image_19258,117,117
Image_19259,117,117
Image_19260,117,117
Image_19261,117,117
Image_19262,117,117
Image_19263,117,117
Image_19264,117,117
Image_19265,117,117
Image_19266,117,117
Image_19267,117,117
Image_19268,117,117
Image_19269,117,117
Image_19270,117,117
Image_19271,117,117
Image_19272,117,117
Image_19273,117,117
Image_19274,117,117
Image_19275,117,117
Image_19276,117,117
Image_19277,117,117
Image_19278,117,117
Image_19279,117,117
Image_19280,117,117
Image_19281,117,117
Image_19282,117,117
Image_19283,117,117
Image_19284,117,117
Image_19285,117,117
Image_19286,117,117
Image_19287,117,117
Image_19288,117,117
Image_19289,117,117
Image_19290,117,117
Image_19291,117,117
Image_19292,117,117
Image_19293,117,117
Image_19294,117,117
Image_19295,117,117
Image_19296,117,117
Image_19297,117,117
Image_19298,117,117
Image_19299,117,117
Image_19300,117,117
Image_19301,117,117
Image_19302,117,117
Image_19303,117,117
Image_19304,117,117
Image_19305,117,117
Image_19306,117,117
Image_19307,117,117
Image_19308,117,117
Image_19309,117,117
Image_19310,117,117
Image_19311,117,117
Image_19312,117,117
Image_19313,117,117
Image_19314,117,117
Image_19315,117,117
Image_19316,117,117
Image_19317,117,117
Image_19318,117,117
Image_19319,117,117
Image_19320,117,117
Image_19321,117,117
Image_19322,117,117
Image_19323,117,117
Image_19324,117,117
Image_19325,117,117
Image_19326,117,117
Image_19327,117,117
Image_19328,117,117
Image_19329,117,117
Image_19330,117,117
Image_19331,117,117
Image_19332,117,117
Image_19333,117,117
Image_19334,117,117
Image_19335,117,117
Image_19336,117,117
Image_19337,117,117
Image_19338,117,117
Image_19339,117,117
Image_19340,117,117
Image_19341,117,117
Image_19342,117,117
Image_19343,117,117
Image_19344,117,117
Image_19345,117,117
Image_19346,117,117
Image_19347,117,117
Image_19348,117,117
Image_19349,117,117
Image_19350,117,117
Image_19351,117,117
Image_19352,117,117
Image_19353,117,117
Image_19354,117,117
Image_19355,117,117
Image_19356,117,117
Image_19357,117,117
Image_19358,117,117
Image_19359,117,117
Image_19360,117,117
Image_19361,117,117
Image_19362,117,117
Image_19363,117,117
Image_19364,117,117
Image_19365,117,117
Image_19366,117,117
Image_19367,117,117
Image_19368,117,117
Image_19369,117,117
Image_19370,117,117
Image_19371,117,117
Image_19372,117,117
Image_19373,117,117
Image_19374,117,117
Image_19375,117,117
Image_19376,117,117
Image_19377,117,117
Image_19378,117,117
Image_19379,117,117
Image_19380,117,117
Image_19381,117,117
Image_19382,117,117
Image_19383,117,117
Image_19384,117,117
Image_19385,118,118
Image_19386,118,118
Image_19387,118,118
Image_19388,118,126
Image_19389,118,118
Image_19390,118,118
Image_19391,118,118
Image_19392,118,118
Image_19393,118,118
Image_19394,118,118
Image_19395,118,118
Image_19396,118,118
Image_19397,118,118
Image_19398,118,118
Image_19399,118,118
Image_19400,118,118
Image_19401,118,118
Image_19402,118,118
Image_19403,118,118
Image_19404,118,118
Image_19405,118,118
Image_19406,118,118
Image_19407,118,118
Image_19408,118,118
Image_19409,118,118
Image_19410,118,118
Image_19411,118,118
Image_19412,118,118
Image_19413,118,118
Image_19414,118,118
Image_19415,118,118
Image_19416,118,118
Image_19417,118,118
Image_19418,118,118
Image_19419,118,118
Image_19420,118,118
Image_19421,118,118
Image_19422,118,118
Image_19423,118,118
Image_19424,118,118
Image_19425,118,118
Image_19426,118,118
Image_19427,118,118
Image_19428,118,118
Image_19429,118,118
Image_19430,118,118
Image_19431,118,118
Image_19432,118,118
Image_19433,118,118
Image_19434,118,118
Image_19435,118,118
Image_19436,118,118
Image_19437,118,118
Image_19438,118,118
Image_19439,118,118
Image_19440,118,118
Image_19441,118,118
Image_19442,118,118
Image_19443,118,118
Image_19444,118,118
Image_19445,118,118
Image_19446,118,118
Image_19447,118,118
Image_19448,118,118
Image_19449,118,118
Image_19450,118,118
Image_19451,118,118
Image_19452,118,118
Image_19453,118,118
Image_19454,118,118
Image_19455,118,118
Image_19456,118,118
Image_19457,118,118
Image_19458,118,118
Image_19459,118,118
Image_19460,118,118
Image_19461,118,118
Image_19462,118,118
Image_19463,118,118
Image_19464,118,118
Image_19465,118,118
Image_19466,118,118
Image_19467,118,118
Image_19468,118,118
Image_19469,118,118
Image_19470,118,118
Image_19471,118,118
Image_19472,118,118
Image_19473,118,118
Image_19474,118,118
Image_19475,118,118
Image_19476,118,118
Image_19477,118,118
Image_19478,118,118
Image_19479,118,118
Image_19480,118,118
Image_19481,118,118
Image_19482,118,118
Image_19483,118,118
Image_19484,118,118
Image_19485,118,118
Image_19486,118,118
Image_19487,118,118
Image_19488,118,118
Image_19489,118,118
Image_19490,118,118
Image_19491,118,118
Image_19492,118,118
Image_19493,118,118
Image_19494,118,118
Image_19495,118,118
Image_19496,118,118
Image_19497,118,118
Image_19498,118,118
Image_19499,118,118
Image_19500,118,118
Image_19501,118,118
Image_19502,118,118
Image_19503,118,118
Image_19504,118,118
Image_19505,118,118
Image_19506,118,118
Image_19507,118,118
Image_19508,118,118
Image_19509,118,118
Image_19510,118,118
Image_19511,118,118
Image_19512,118,118
Image_19513,118,118
Image_19514,118,118
Image_19515,118,118
Image_19516,118,118
Image_19517,118,118
Image_19518,118,118
Image_19519,118,118
Image_19520,118,118
Image_19521,118,118
Image_19522,118,118
Image_19523,118,118
Image_19524,118,118
Image_19525,118,118
Image_19526,118,118
Image_19527,118,118
Image_19528,118,118
Image_19529,118,118
Image_19530,118,118
Image_19531,118,118
Image_19532,118,118
Image_19533,118,118
Image_19534,118,118
Image_19535,118,118
Image_19536,119,119
Image_19537,119,119
Image_19538,119,119
Image_19539,119,119
Image_19540,119,119
Image_19541,119,119
Image_19542,119,119
Image_19543,119,119
Image_19544,119,119
Image_19545,119,119
Image_19546,119,119
Image_19547,119,119
Image_19548,119,119
Image_19549,119,119
Image_19550,119,119
Image_19551,119,119
Image_19552,119,119
Image_19553,119,119
Image_19554,119,119
Image_19555,119,119
Image_19556,119,119
Image_19557,119,119
Image_19558,119,119
Image_19559,119,119
Image_19560,119,119
Image_19561,119,119
Image_19562,119,119
Image_19563,119,119
Image_19564,119,119
Image_19565,119,119
Image_19566,119,119
Image_19567,119,119
Image_19568,119,119
Image_19569,119,119
Image_19570,119,119
Image_19571,119,119
Image_19572,119,119
Image_19573,119,119
Image_19574,119,119
Image_19575,119,119
Image_19576,119,119
Image_19577,119,119
Image_19578,119,119
Image_19579,119,119
Image_19580,119,119
Image_19581,119,119
Image_19582,119,119
Image_19583,119,119
Image_19584,119,119
Image_19585,119,119
Image_19586,119,119
Image_19587,119,119
Image_19588,119,119
Image_19589,119,119
Image_19590,119,119
Image_19591,119,119
Image_19592,119,119
Image_19593,119,119
Image_19594,119,119
Image_19595,119,119
Image_19596,119,119
Image_19597,119,119
Image_19598,119,119
Image_19599,119,119
Image_19600,119,119
Image_19601,119,119
Image_19602,119,119
Image_19603,119,119
Image_19604,119,119
Image_19605,119,119
Image_19606,119,119
Image_19607,119,119
Image_19608,119,119
Image_19609,119,119
Image_19610,119,119
Image_19611,119,119
Image_19612,119,119
Image_19613,119,119
Image_19614,119,119
Image_19615,119,119
Image_19616,119,119
Image_19617,119,119
Image_19618,119,119
Image_19619,119,119
Image_19620,119,119
Image_19621,119,119
Image_19622,119,119
Image_19623,119,119
Image_19624,119,119
Image_19625,119,119
Image_19626,119,119
Image_19627,119,119
Image_19628,119,119
Image_19629,119,119
Image_19630,119,119
Image_19631,119,119
Image_19632,119,119
Image_19633,119,119
Image_19634,119,119
Image_19635,119,119
Image_19636,119,119
Image_19637,119,119
Image_19638,119,119
Image_19639,119,119
Image_19640,119,119
Image_19641,119,119
Image_19642,119,119
Image_19643,119,119
Image_19644,119,119
Image_19645,119,119
Image_19646,119,119
Image_19647,119,119
Image_19648,119,119
Image_19649,119,119
Image_19650,119,119
Image_19651,119,119
Image_19652,119,119
Image_19653,119,119
Image_19654,119,119
Image_19655,119,119
Image_19656,119,119
Image_19657,119,119
Image_19658,119,119
Image_19659,119,119
Image_19660,119,119
Image_19661,119,119
Image_19662,119,119
Image_19663,119,119
Image_19664,119,119
Image_19665,119,119
Image_19666,119,119
Image_19667,119,119
Image_19668,119,119
Image_19669,119,119
Image_19670,119,119
Image_19671,119,119
Image_19672,119,119
Image_19673,119,119
Image_19674,119,119
Image_19675,119,119
Image_19676,119,119
Image_19677,119,119
Image_19678,119,119
Image_19679,119,119
Image_19680,119,119
Image_19681,119,119
Image_19682,119,119
Image_19683,119,119
Image_19684,119,119
Image_19685,119,119
Image_19686,119,119
Image_19687,119,119
Image_19688,119,119
Image_19689,119,119
Image_19690,119,119
Image_19691,119,119
Image_19692,119,119
Image_19693,119,119
Image_19694,119,119
Image_19695,119,119
Image_19696,119,119
Image_19697,119,119
Image_19698,119,119
Image_19699,119,119
Image_19700,119,119
Image_19701,119,119
Image_19702,119,119
Image_19703,119,119
Image_19704,119,119
Image_19705,119,119
Image_19706,119,119
Image_19707,119,119
Image_19708,119,119
Image_19709,119,119
Image_19710,119,119
Image_19711,119,119
Image_19712,119,119
Image_19713,119,119
Image_19714,119,119
Image_19715,119,119
Image_19716,119,119
Image_19717,119,119
Image_19718,119,119
Image_19719,119,119
Image_19720,119,119
Image_19721,119,119
Image_19722,119,119
Image_19723,119,119
Image_19724,119,119
Image_19725,119,119
Image_19726,119,119
Image_19727,119,119
Image_19728,119,119
Image_19729,119,119
Image_19730,119,119
Image_19731,119,119
Image_19732,119,119
Image_19733,119,119
Image_19734,119,119
Image_19735,119,119
Image_19736,119,119
Image_19737,119,119
Image_19738,119,119
Image_19739,119,119
Image_19740,119,119
Image_19741,119,119
Image_19742,119,119
Image_19743,119,119
Image_19744,120,120
Image_19745,120,120
Image_19746,120,120
Image_19747,120,120
Image_19748,120,120
Image_19749,120,120
Image_19750,120,120
Image_19751,120,120
Image_19752,120,120
Image_19753,120,120
Image_19754,120,120
Image_19755,120,120
Image_19756,120,120
Image_19757,120,120
Image_19758,120,120
Image_19759,120,120
Image_19760,120,120
Image_19761,120,120
Image_19762,120,120
Image_19763,120,120
Image_19764,120,120
Image_19765,120,120
Image_19766,120,120
Image_19767,120,120
Image_19768,120,120
Image_19769,120,120
Image_19770,120,120
Image_19771,120,120
Image_19772,120,120
Image_19773,120,120
Image_19774,120,120
Image_19775,120,120
Image_19776,120,120
Image_19777,120,120
Image_19778,120,120
Image_19779,120,120
Image_19780,120,120
Image_19781,120,120
Image_19782,120,120
Image_19783,120,120
Image_19784,120,120
Image_19785,120,120
Image_19786,120,120
Image_19787,120,120
Image_19788,120,120
Image_19789,120,120
Image_19790,120,120
Image_19791,120,120
Image_19792,120,120
Image_19793,120,120
Image_19794,120,120
Image_19795,120,120
Image_19796,120,120
Image_19797,120,120
Image_19798,120,120
Image_19799,120,120
Image_19800,120,120
Image_19801,120,120
Image_19802,120,120
Image_19803,120,120
Image_19804,120,120
Image_19805,120,120
Image_19806,120,120
Image_19807,120,120
Image_19808,120,120
Image_19809,120,120
Image_19810,120,120
Image_19811,120,120
Image_19812,120,120
Image_19813,120,120
Image_19814,120,120
Image_19815,120,120
Image_19816,120,120
Image_19817,120,120
Image_19818,120,120
Image_19819,120,120
Image_19820,120,120
Image_19821,120,120
Image_19822,120,120
Image_19823,120,120
Image_19824,120,120
Image_19825,120,120
Image_19826,120,120
Image_19827,120,120
Image_19828,120,120
Image_19829,120,120
Image_19830,120,120
Image_19831,120,120
Image_19832,120,120
Image_19833,120,120
Image_19834,120,120
Image_19835,120,120
Image_19836,120,120
Image_19837,120,120
Image_19838,120,120
Image_19839,120,120
Image_19840,120,120
Image_19841,120,120
Image_19842,120,120
Image_19843,120,120
Image_19844,120,120
Image_19845,120,120
Image_19846,120,120
Image_19847,120,120
Image_19848,120,120
Image_19849,120,120
Image_19850,120,120
Image_19851,120,120
Image_19852,120,120
Image_19853,120,120
Image_19854,120,120
Image_19855,120,120
Image_19856,120,120
Image_19857,120,120
Image_19858,120,120
Image_19859,120,120
Image_19860,120,120
Image_19861,120,120
Image_19862,120,120
Image_19863,120,120
Image_19864,120,120
Image_19865,120,120
Image_19866,120,120
Image_19867,120,120
Image_19868,120,120
Image_19869,120,120
Image_19870,120,120
Image_19871,120,120
Image_19872,120,120
Image_19873,120,120
Image_19874,120,120
Image_19875,120,120
Image_19876,120,120
Image_19877,120,120
Image_19878,120,120
Image_19879,120,120
Image_19880,120,120
Image_19881,120,120
Image_19882,120,120
Image_19883,120,120
Image_19884,120,120
Image_19885,120,120
Image_19886,120,120
Image_19887,120,120
Image_19888,120,120
Image_19889,120,120
Image_19890,120,67
Image_19891,120,120
Image_19892,120,120
Image_19893,120,120
Image_19894,120,120
Image_19895,120,120
Image_19896,120,120
Image_19897,120,120
Image_19898,120,120
Image_19899,120,120
Image_19900,121,121
Image_19901,121,90
Image_19902,121,121
Image_19903,121,121
Image_19904,121,121
Image_19905,121,121
Image_19906,121,121
Image_19907,121,121
Image_19908,121,121
Image_19909,121,121
Image_19910,121,121
Image_19911,121,121
Image_19912,121,121
Image_19913,121,121
Image_19914,121,121
Image_19915,121,121
Image_19916,121,121
Image_19917,121,121
Image_19918,121,121
Image_19919,121,121
Image_19920,121,121
Image_19921,121,121
Image_19922,121,121
Image_19923,121,121
Image_19924,121,121
Image_19925,121,121
Image_19926,121,121
Image_19927,121,121
Image_19928,121,121
Image_19929,121,121
Image_19930,121,121
Image_19931,121,121
Image_19932,121,121
Image_19933,121,121
Image_19934,121,121
Image_19935,121,90
Image_19936,121,121
Image_19937,121,121
Image_19938,121,121
Image_19939,121,121
Image_19940,121,121
Image_19941,121,121
Image_19942,121,121
Image_19943,121,121
Image_19944,121,121
Image_19945,121,121
Image_19946,121,121
Image_19947,121,121
Image_19948,121,121
Image_19949,121,121
Image_19950,121,121
Image_19951,121,121
Image_19952,121,121
Image_19953,121,121
Image_19954,121,121
Image_19955,121,121
Image_19956,121,121
Image_19957,121,121
Image_19958,121,121
Image_19959,121,121
Image_19960,121,121
Image_19961,121,121
Image_19962,121,121
Image_19963,121,121
Image_19964,121,121
Image_19965,121,121
Image_19966,121,121
Image_19967,121,121
Image_19968,121,121
Image_19969,121,121
Image_19970,121,121
Image_19971,121,121
Image_19972,121,121
Image_19973,121,121
Image_19974,121,121
Image_19975,121,121
Image_19976,121,121
Image_19977,121,121
Image_19978,121,121
Image_19979,121,121
Image_19980,121,121
Image_19981,121,121
Image_19982,121,121
Image_19983,121,121
Image_19984,121,121
Image_19985,121,90
Image_19986,121,121
Image_19987,121,121
Image_19988,121,121
Image_19989,121,121
Image_19990,121,121
Image_19991,121,121
Image_19992,121,121
Image_19993,121,121
Image_19994,121,121
Image_19995,121,90
Image_19996,121,121
Image_19997,121,121
Image_19998,121,121
Image_19999,121,121
Image_20000,121,121
Image_20001,121,121
Image_20002,121,121
Image_20003,121,121
Image_20004,121,121
Image_20005,121,121
Image_20006,121,90
Image_20007,121,121
Image_20008,121,121
Image_20009,121,121
Image_20010,121,121
Image_20011,121,121
Image_20012,121,90
Image_20013,121,121
Image_20014,121,121
Image_20015,121,121
Image_20016,121,121
Image_20017,121,121
Image_20018,121,121
Image_20019,121,121
Image_20020,121,121
Image_20021,121,121
Image_20022,121,121
Image_20023,121,121
Image_20024,121,121
Image_20025,121,121
Image_20026,121,90
Image_20027,121,121
Image_20028,121,121
Image_20029,121,121
Image_20030,121,121
Image_20031,121,121
Image_20032,121,121
Image_20033,121,121
Image_20034,121,121
Image_20035,121,121
Image_20036,121,121
Image_20037,121,121
Image_20038,121,121
Image_20039,121,121
Image_20040,121,121
Image_20041,121,121
Image_20042,121,121
Image_20043,121,90
Image_20044,121,121
Image_20045,121,121
Image_20046,121,121
Image_20047,121,40
Image_20048,121,121
Image_20049,121,121
Image_20050,121,121
Image_20051,121,90
Image_20052,121,121
Image_20053,121,121
Image_20054,121,90
Image_20055,122,122
Image_20056,122,122
Image_20057,122,122
Image_20058,122,122
Image_20059,122,122
Image_20060,122,122
Image_20061,122,122
Image_20062,122,99
Image_20063,122,122
Image_20064,122,122
Image_20065,122,122
Image_20066,122,122
Image_20067,122,122
Image_20068,122,122
Image_20069,122,122
Image_20070,122,122
Image_20071,122,122
Image_20072,122,122
Image_20073,122,122
Image_20074,122,122
Image_20075,122,122
Image_20076,122,122
Image_20077,122,122
Image_20078,122,122
Image_20079,122,122
Image_20080,122,122
Image_20081,122,122
Image_20082,122,122
Image_20083,122,122
Image_20084,122,122
Image_20085,122,122
Image_20086,122,122
Image_20087,122,122
Image_20088,122,122
Image_20089,122,122
Image_20090,122,122
Image_20091,122,122
Image_20092,122,122
Image_20093,122,122
Image_20094,122,122
Image_20095,122,122
Image_20096,122,122
Image_20097,122,122
Image_20098,122,99
Image_20099,122,122
Image_20100,122,122
Image_20101,122,122
Image_20102,122,122
Image_20103,122,122
Image_20104,122,122
Image_20105,122,122
Image_20106,122,122
Image_20107,122,122
Image_20108,122,122
Image_20109,122,122
Image_20110,122,122
Image_20111,122,122
Image_20112,122,122
Image_20113,122,122
Image_20114,122,122
Image_20115,122,122
Image_20116,122,122
Image_20117,122,122
Image_20118,122,122
Image_20119,122,122
Image_20120,122,122
Image_20121,122,122
Image_20122,122,122
Image_20123,122,122
Image_20124,122,122
Image_20125,122,122
Image_20126,122,122
Image_20127,122,122
Image_20128,122,122
Image_20129,122,122
Image_20130,122,122
Image_20131,122,122
Image_20132,122,122
Image_20133,122,122
Image_20134,122,122
Image_20135,122,122
Image_20136,122,122
Image_20137,122,122
Image_20138,122,122
Image_20139,122,122
Image_20140,122,122
Image_20141,122,122
Image_20142,122,122
Image_20143,122,122
Image_20144,122,122
Image_20145,122,122
Image_20146,122,122
Image_20147,122,122
Image_20148,122,122
Image_20149,122,122
Image_20150,122,122
Image_20151,122,122
Image_20152,122,122
Image_20153,122,122
Image_20154,122,122
Image_20155,122,122
Image_20156,122,122
Image_20157,122,122
Image_20158,122,122
Image_20159,122,122
Image_20160,122,122
Image_20161,122,122
Image_20162,122,122
Image_20163,122,122
Image_20164,122,122
Image_20165,122,122
Image_20166,122,122
Image_20167,122,122
Image_20168,122,122
Image_20169,122,122
Image_20170,122,122
Image_20171,122,122
Image_20172,122,122
Image_20173,122,122
Image_20174,122,122
Image_20175,122,122
Image_20176,122,122
Image_20177,122,122
Image_20178,122,122
Image_20179,122,122
Image_20180,122,122
Image_20181,122,122
Image_20182,122,122
Image_20183,122,122
Image_20184,122,122
Image_20185,122,99
Image_20186,122,122
Image_20187,122,122
Image_20188,122,122
Image_20189,122,122
Image_20190,122,122
Image_20191,122,122
Image_20192,122,122
Image_20193,122,122
Image_20194,122,122
Image_20195,122,122
Image_20196,122,122
Image_20197,122,122
Image_20198,122,122
Image_20199,122,99
Image_20200,122,122
Image_20201,122,122
Image_20202,122,122
Image_20203,122,122
Image_20204,122,122
Image_20205,122,122
Image_20206,122,122
Image_20207,122,122
Image_20208,122,122
Image_20209,122,122
Image_20210,122,99
Image_20211,122,122
Image_20212,122,122
Image_20213,122,122
Image_20214,122,122
Image_20215,122,122
Image_20216,122,122
Image_20217,122,122
Image_20218,122,122
Image_20219,122,122
Image_20220,122,122
Image_20221,122,122
Image_20222,122,122
Image_20223,122,122
Image_20224,122,122
Image_20225,122,122
Image_20226,122,122
Image_20227,122,122
Image_20228,122,122
Image_20229,122,122
Image_20230,122,122
Image_20231,122,122
Image_20232,122,122
Image_20233,122,122
Image_20234,122,122
Image_20235,122,122
Image_20236,122,122
Image_20237,122,122
Image_20238,122,122
Image_20239,122,122
Image_20240,122,122
Image_20241,122,122
Image_20242,122,122
Image_20243,122,122
Image_20244,122,122
Image_20245,122,122
Image_20246,122,122
Image_20247,122,122
Image_20248,122,122
Image_20249,122,122
Image_20250,122,122
Image_20251,122,122
Image_20252,122,122
Image_20253,122,122
Image_20254,122,122
Image_20255,122,122
Image_20256,122,122
Image_20257,122,122
Image_20258,122,122
Image_20259,122,122
Image_20260,122,122
Image_20261,122,122
Image_20262,122,122
Image_20263,122,122
Image_20264,122,122
Image_20265,122,122
Image_20266,122,122
Image_20267,122,122
Image_20268,122,122
Image_20269,122,122
Image_20270,122,122
Image_20271,122,122
Image_20272,122,122
Image_20273,122,99
Image_20274,122,122
Image_20275,122,122
Image_20276,122,122
Image_20277,122,122
Image_20278,122,99
Image_20279,122,122
Image_20280,122,122
Image_20281,122,122
Image_20282,122,122
Image_20283,122,122
Image_20284,122,122
Image_20285,122,122
Image_20286,122,122
Image_20287,122,122
Image_20288,123,123
Image_20289,123,123
Image_20290,123,123
Image_20291,123,123
Image_20292,123,123
Image_20293,123,123
Image_20294,123,123
Image_20295,123,123
Image_20296,123,123
Image_20297,123,123
Image_20298,123,123
Image_20299,123,123
Image_20300,123,123
Image_20301,123,123
Image_20302,123,123
Image_20303,123,123
Image_20304,123,123
Image_20305,123,123
Image_20306,123,123
Image_20307,123,123
Image_20308,123,123
Image_20309,123,123
Image_20310,123,123
Image_20311,123,123
Image_20312,123,123
Image_20313,123,123
Image_20314,123,123
Image_20315,123,123
Image_20316,123,123
Image_20317,123,123
Image_20318,123,123
Image_20319,123,123
Image_20320,123,123
Image_20321,123,123
Image_20322,123,123
Image_20323,123,123
Image_20324,123,123
Image_20325,123,123
Image_20326,123,123
Image_20327,123,123
Image_20328,123,123
Image_20329,123,123
Image_20330,123,123
Image_20331,123,123
Image_20332,123,123
Image_20333,123,123
Image_20334,123,123
Image_20335,123,123
Image_20336,123,123
Image_20337,123,123
Image_20338,123,123
Image_20339,123,123
Image_20340,123,123
Image_20341,123,123
Image_20342,123,123
Image_20343,123,123
Image_20344,123,123
Image_20345,123,123
Image_20346,123,123
Image_20347,123,123
Image_20348,123,123
Image_20349,123,123
Image_20350,123,123
Image_20351,123,123
Image_20352,123,123
Image_20353,123,123
Image_20354,123,123
Image_20355,123,123
Image_20356,123,123
Image_20357,123,123
Image_20358,123,123
Image_20359,123,123
Image_20360,123,123
Image_20361,123,123
Image_20362,123,123
Image_20363,123,123
Image_20364,123,123
Image_20365,123,123
Image_20366,123,123
Image_20367,123,123
Image_20368,123,123
Image_20369,123,123
Image_20370,123,123
Image_20371,123,123
Image_20372,123,123
Image_20373,123,123
Image_20374,123,123
Image_20375,123,123
Image_20376,123,123
Image_20377,123,123
Image_20378,123,123
Image_20379,123,123
Image_20380,123,123
Image_20381,123,123
Image_20382,123,123
Image_20383,123,123
Image_20384,123,123
Image_20385,123,123
Image_20386,123,123
Image_20387,123,123
Image_20388,123,123
Image_20389,123,123
Image_20390,123,123
Image_20391,123,123
Image_20392,123,123
Image_20393,123,123
Image_20394,123,123
Image_20395,123,123
Image_20396,123,123
Image_20397,123,123
Image_20398,123,123
Image_20399,123,123
Image_20400,123,123
Image_20401,123,123
Image_20402,123,123
Image_20403,123,123
Image_20404,123,123
Image_20405,123,123
Image_20406,123,123
Image_20407,123,123
Image_20408,123,123
Image_20409,123,123
Image_20410,123,123
Image_20411,123,123
Image_20412,123,123
Image_20413,123,123
Image_20414,123,123
Image_20415,123,123
Image_20416,123,123
Image_20417,123,123
Image_20418,123,123
Image_20419,123,123
Image_20420,123,123
Image_20421,123,123
Image_20422,123,123
Image_20423,123,123
Image_20424,123,123
Image_20425,123,123
Image_20426,123,123
Image_20427,123,123
Image_20428,123,123
Image_20429,123,123
Image_20430,123,123
Image_20431,123,123
Image_20432,123,123
Image_20433,123,123
Image_20434,123,123
Image_20435,123,123
Image_20436,123,123
Image_20437,123,123
Image_20438,123,123
Image_20439,123,123
Image_20440,123,123
Image_20441,123,123
Image_20442,123,123
Image_20443,123,123
Image_20444,123,123
Image_20445,123,123
Image_20446,123,123
Image_20447,123,123
Image_20448,123,123
Image_20449,123,123
Image_20450,123,123
Image_20451,123,123
Image_20452,123,123
Image_20453,123,123
Image_20454,123,123
Image_20455,123,123
Image_20456,123,123
Image_20457,123,123
Image_20458,123,123
Image_20459,123,123
Image_20460,123,123
Image_20461,123,123
Image_20462,123,123
Image_20463,123,123
Image_20464,123,123
Image_20465,123,123
Image_20466,123,123
Image_20467,123,123
Image_20468,123,123
Image_20469,123,123
Image_20470,123,123
Image_20471,123,123
Image_20472,123,123
Image_20473,123,123
Image_20474,123,123
Image_20475,123,123
Image_20476,123,123
Image_20477,123,123
Image_20478,123,123
Image_20479,123,123
Image_20480,123,123
Image_20481,123,123
Image_20482,123,123
Image_20483,123,123
Image_20484,123,123
Image_20485,123,123
Image_20486,123,123
Image_20487,123,123
Image_20488,123,123
Image_20489,123,123
Image_20490,123,123
Image_20491,123,123
Image_20492,123,123
Image_20493,123,123
Image_20494,123,123
Image_20495,123,123
Image_20496,123,123
Image_20497,123,123
Image_20498,123,123
Image_20499,123,123
Image_20500,124,75
Image_20501,124,124
Image_20502,124,124
Image_20503,124,92
Image_20504,124,70
Image_20505,124,75
Image_20506,124,124
Image_20507,124,70
Image_20508,124,75
Image_20509,124,75
Image_20510,124,75
Image_20511,124,124
Image_20512,124,124
Image_20513,124,124
Image_20514,124,92
Image_20515,124,124
Image_20516,124,92
Image_20517,124,124
Image_20518,124,92
Image_20519,124,124
Image_20520,124,124
Image_20521,124,70
Image_20522,124,124
Image_20523,124,124
Image_20524,124,124
Image_20525,124,124
Image_20526,124,75
Image_20527,124,124
Image_20528,124,124
Image_20529,124,92
Image_20530,124,92
Image_20531,124,92
Image_20532,124,70
Image_20533,124,100
Image_20534,124,92
Image_20535,124,20
Image_20536,124,100
Image_20537,124,124
Image_20538,124,124
Image_20539,124,100
Image_20540,124,124
Image_20541,124,124
Image_20542,124,25
Image_20543,124,70
Image_20544,124,124
Image_20545,124,70
Image_20546,124,75
Image_20547,124,70
Image_20548,124,124
Image_20549,124,70
Image_20550,124,25
Image_20551,124,82
Image_20552,124,70
Image_20553,124,124
Image_20554,124,124
Image_20555,124,75
Image_20556,124,92
Image_20557,124,124
Image_20558,124,75
Image_20559,124,75
Image_20560,124,124
Image_20561,124,124
Image_20562,124,75
Image_20563,124,75
Image_20564,124,75
Image_20565,124,124
Image_20566,124,124
Image_20567,124,124
Image_20568,124,70
Image_20569,124,70
Image_20570,124,92
Image_20571,124,124
Image_20572,124,92
Image_20573,124,56
Image_20574,124,100
Image_20575,124,100
Image_20576,124,124
Image_20577,124,75
Image_20578,124,92
Image_20579,124,92
Image_20580,124,124
Image_20581,124,20
Image_20582,124,100
Image_20583,124,124
Image_20584,124,70
Image_20585,124,124
Image_20586,124,124
Image_20587,124,124
Image_20588,124,100
Image_20589,124,70
Image_20590,124,124
Image_20591,124,124
Image_20592,124,124
Image_20593,124,124
Image_20594,124,75
Image_20595,124,92
Image_20596,124,75
Image_20597,124,100
Image_20598,124,20
Image_20599,124,124
Image_20600,124,124
Image_20601,124,70
Image_20602,124,124
Image_20603,124,124
Image_20604,124,124
Image_20605,124,124
Image_20606,124,92
Image_20607,124,124
Image_20608,124,124
Image_20609,124,124
Image_20610,124,124
Image_20611,124,75
Image_20612,124,124
Image_20613,124,124
Image_20614,124,124
Image_20615,124,75
Image_20616,124,70
Image_20617,124,82
Image_20618,124,124
Image_20619,124,92
Image_20620,124,100
Image_20621,124,124
Image_20622,124,20
Image_20623,124,75
Image_20624,124,100
Image_20625,124,100
Image_20626,124,75
Image_20627,124,75
Image_20628,124,124
Image_20629,124,124
Image_20630,124,75
Image_20631,124,100
Image_20632,124,124
Image_20633,124,124
Image_20634,124,92
Image_20635,124,124
Image_20636,124,70
Image_20637,124,70
Image_20638,124,124
Image_20639,124,124
Image_20640,124,34
Image_20641,124,92
Image_20642,124,124
Image_20643,124,75
Image_20644,124,124
Image_20645,124,70
Image_20646,125,125
Image_20647,125,125
Image_20648,125,125
Image_20649,125,125
Image_20650,125,125
Image_20651,125,125
Image_20652,125,125
Image_20653,125,125
Image_20654,125,125
Image_20655,125,125
Image_20656,125,125
Image_20657,125,125
Image_20658,125,22
Image_20659,125,125
Image_20660,125,22
Image_20661,125,125
Image_20662,125,125
Image_20663,125,125
Image_20664,125,125
Image_20665,125,125
Image_20666,125,125
Image_20667,125,125
Image_20668,125,125
Image_20669,125,125
Image_20670,125,125
Image_20671,125,125
Image_20672,125,125
Image_20673,125,125
Image_20674,125,125
Image_20675,125,125
Image_20676,125,125
Image_20677,125,125
Image_20678,125,125
Image_20679,125,125
Image_20680,125,125
Image_20681,125,22
Image_20682,125,125
Image_20683,125,125
Image_20684,125,22
Image_20685,125,125
Image_20686,125,125
Image_20687,125,125
Image_20688,125,125
Image_20689,125,125
Image_20690,125,125
Image_20691,125,125
Image_20692,125,125
Image_20693,125,125
Image_20694,125,125
Image_20695,125,125
Image_20696,125,125
Image_20697,125,125
Image_20698,125,125
Image_20699,125,125
Image_20700,125,125
Image_20701,125,125
Image_20702,125,125
Image_20703,125,125
Image_20704,125,125
Image_20705,125,125
Image_20706,125,125
Image_20707,125,125
Image_20708,125,125
Image_20709,125,125
Image_20710,125,125
Image_20711,125,125
Image_20712,125,125
Image_20713,125,125
Image_20714,125,125
Image_20715,125,125
Image_20716,125,125
Image_20717,125,125
Image_20718,125,125
Image_20719,125,125
Image_20720,125,125
Image_20721,125,125
Image_20722,125,125
Image_20723,125,125
Image_20724,125,22
Image_20725,125,125
Image_20726,125,125
Image_20727,125,125
Image_20728,125,125
Image_20729,125,125
Image_20730,125,125
Image_20731,125,125
Image_20732,125,125
Image_20733,125,63
Image_20734,125,125
Image_20735,125,125
Image_20736,125,125
Image_20737,125,125
Image_20738,125,125
Image_20739,125,125
Image_20740,125,125
Image_20741,125,125
Image_20742,125,125
Image_20743,125,125
Image_20744,125,125
Image_20745,125,125
Image_20746,125,125
Image_20747,125,125
Image_20748,125,22
Image_20749,125,125
Image_20750,125,125
Image_20751,125,125
Image_20752,125,125
Image_20753,125,125
Image_20754,125,125
Image_20755,125,125
Image_20756,125,125
Image_20757,125,125
Image_20758,125,22
Image_20759,125,125
Image_20760,125,125
Image_20761,125,125
Image_20762,125,125
Image_20763,125,125
Image_20764,125,125
Image_20765,125,125
Image_20766,125,125
Image_20767,125,125
Image_20768,125,125
Image_20769,125,125
Image_20770,125,125
Image_20771,125,125
Image_20772,125,125
Image_20773,125,125
Image_20774,125,125
Image_20775,125,125
Image_20776,125,125
Image_20777,125,125
Image_20778,125,125
Image_20779,125,125
Image_20780,125,125
Image_20781,125,125
Image_20782,125,125
Image_20783,125,63
Image_20784,125,125
Image_20785,125,125
Image_20786,125,125
Image_20787,125,125
Image_20788,125,125
Image_20789,125,125
Image_20790,125,125
Image_20791,125,125
Image_20792,125,125
Image_20793,125,125
Image_20794,125,125
Image_20795,125,125
Image_20796,125,125
Image_20797,125,125
Image_20798,125,125
Image_20799,125,125
Image_20800,125,125
Image_20801,125,125
Image_20802,125,43
Image_20803,125,125
Image_20804,125,125
Image_20805,125,125
Image_20806,125,125
Image_20807,125,125
Image_20808,125,125
Image_20809,125,125
Image_20810,125,125
Image_20811,125,125
Image_20812,125,125
Image_20813,125,125
Image_20814,125,125
Image_20815,125,125
Image_20816,125,125
Image_20817,125,125
Image_20818,125,125
Image_20819,125,22
Image_20820,125,125
Image_20821,125,125
Image_20822,125,36
Image_20823,125,125
Image_20824,125,125
Image_20825,125,125
Image_20826,125,125
Image_20827,125,125
Image_20828,125,125
Image_20829,125,125
Image_20830,125,125
Image_20831,125,125
Image_20832,125,125
Image_20833,125,125
Image_20834,125,125
Image_20835,125,125
Image_20836,125,125
Image_20837,125,125
Image_20838,125,125
Image_20839,125,125
Image_20840,125,125
Image_20841,125,125
Image_20842,125,125
Image_20843,125,125
Image_20844,125,125
Image_20845,125,125
Image_20846,125,125
Image_20847,125,125
Image_20848,125,125
Image_20849,125,125
Image_20850,125,125
Image_20851,125,125
Image_20852,125,125
Image_20853,125,125
Image_20854,125,125
Image_20855,125,125
Image_20856,125,125
Image_20857,125,125
Image_20858,125,125
Image_20859,125,125
Image_20860,125,125
Image_20861,125,125
Image_20862,125,125
Image_20863,125,125
Image_20864,125,125
Image_20865,125,125
Image_20866,125,125
Image_20867,125,125
Image_20868,125,125
Image_20869,125,125
Image_20870,125,125
Image_20871,125,125
Image_20872,125,125
Image_20873,125,125
Image_20874,125,125
Image_20875,125,22
Image_20876,125,125
Image_20877,126,126
Image_20878,126,126
Image_20879,126,126
Image_20880,126,126
Image_20881,126,126
Image_20882,126,126
Image_20883,126,126
Image_20884,126,126
Image_20885,126,126
Image_20886,126,126
Image_20887,126,126
Image_20888,126,126
Image_20889,126,126
Image_20890,126,126
Image_20891,126,126
Image_20892,126,126
Image_20893,126,126
Image_20894,126,126
Image_20895,126,126
Image_20896,126,126
Image_20897,126,126
Image_20898,126,126
Image_20899,126,126
Image_20900,126,126
Image_20901,126,126
Image_20902,126,126
Image_20903,126,126
Image_20904,126,126
Image_20905,126,126
Image_20906,126,126
Image_20907,126,126
Image_20908,126,126
Image_20909,126,126
Image_20910,126,126
Image_20911,126,126
Image_20912,126,126
Image_20913,126,126
Image_20914,126,126
Image_20915,126,126
Image_20916,126,126
Image_20917,126,126
Image_20918,126,126
Image_20919,126,126
Image_20920,126,126
Image_20921,126,126
Image_20922,126,126
Image_20923,126,126
Image_20924,126,126
Image_20925,126,126
Image_20926,126,126
Image_20927,126,126
Image_20928,126,126
Image_20929,126,126
Image_20930,126,126
Image_20931,126,126
Image_20932,126,126
Image_20933,126,126
Image_20934,126,126
Image_20935,126,126
Image_20936,126,126
Image_20937,126,126
Image_20938,126,126
Image_20939,126,126
Image_20940,126,126
Image_20941,126,126
Image_20942,126,126
Image_20943,126,126
Image_20944,126,126
Image_20945,126,126
Image_20946,126,126
Image_20947,126,126
Image_20948,126,126
Image_20949,126,126
Image_20950,126,126
Image_20951,126,126
Image_20952,126,126
Image_20953,126,126
Image_20954,126,126
Image_20955,126,126
Image_20956,126,126
Image_20957,126,126
Image_20958,126,126
Image_20959,126,126
Image_20960,126,126
Image_20961,126,126
Image_20962,126,126
Image_20963,126,126
Image_20964,126,126
Image_20965,126,126
Image_20966,126,126
Image_20967,126,126
Image_20968,126,126
Image_20969,126,126
Image_20970,126,126
Image_20971,126,126
Image_20972,126,126
Image_20973,126,126
Image_20974,126,126
Image_20975,126,126
Image_20976,126,126
Image_20977,126,126
Image_20978,126,126
Image_20979,126,126
Image_20980,126,126
Image_20981,126,126
Image_20982,126,126
Image_20983,126,126
Image_20984,126,126
Image_20985,126,126
Image_20986,126,126
Image_20987,126,126
Image_20988,126,126
Image_20989,126,126
Image_20990,126,126
Image_20991,126,126
Image_20992,126,126
Image_20993,126,126
Image_20994,126,126
Image_20995,126,126
Image_20996,126,126
Image_20997,126,126
Image_20998,126,126
Image_20999,126,126
Image_21000,126,126
Image_21001,126,126
Image_21002,126,126
Image_21003,126,126
Image_21004,126,126
Image_21005,126,126
Image_21006,126,126
Image_21007,126,126
Image_21008,126,126
Image_21009,126,126
Image_21010,126,126
Image_21011,126,126
Image_21012,126,126
Image_21013,126,126
Image_21014,127,127
Image_21015,127,127
Image_21016,127,127
Image_21017,127,127
Image_21018,127,127
Image_21019,127,127
Image_21020,127,127
Image_21021,127,127
Image_21022,127,127
Image_21023,127,127
Image_21024,127,127
Image_21025,127,127
Image_21026,127,127
Image_21027,127,127
Image_21028,127,127
Image_21029,127,127
Image_21030,127,127
Image_21031,127,127
Image_21032,127,127
Image_21033,127,127
Image_21034,127,127
Image_21035,127,127
Image_21036,127,127
Image_21037,127,127
Image_21038,127,127
Image_21039,127,127
Image_21040,127,127
Image_21041,127,127
Image_21042,127,127
Image_21043,127,127
Image_21044,127,127
Image_21045,127,127
Image_21046,127,127
Image_21047,127,127
Image_21048,127,127
Image_21049,127,127
Image_21050,127,127
Image_21051,127,127
Image_21052,127,127
Image_21053,127,127
Image_21054,127,127
Image_21055,127,127
Image_21056,127,127
Image_21057,127,127
Image_21058,127,127
Image_21059,127,127
Image_21060,127,127
Image_21061,127,127
Image_21062,127,127
Image_21063,127,127
Image_21064,127,127
Image_21065,127,127
Image_21066,127,127
Image_21067,127,127
Image_21068,127,127
Image_21069,127,127
Image_21070,127,127
Image_21071,127,127
Image_21072,127,127
Image_21073,127,127
Image_21074,127,127
Image_21075,127,127
Image_21076,127,127
Image_21077,127,127
Image_21078,127,127
Image_21079,127,127
Image_21080,127,127
Image_21081,127,127
Image_21082,127,127
Image_21083,127,127
Image_21084,127,127
Image_21085,127,127
Image_21086,127,127
Image_21087,127,127
Image_21088,127,127
Image_21089,127,127
Image_21090,127,127
Image_21091,127,127
Image_21092,127,127
Image_21093,127,127
Image_21094,127,127
Image_21095,127,127
Image_21096,127,127
Image_21097,127,127
Image_21098,127,127
Image_21099,127,127
Image_21100,127,127
Image_21101,127,127
Image_21102,127,127
Image_21103,127,127
Image_21104,127,127
Image_21105,127,127
Image_21106,127,127
Image_21107,127,127
Image_21108,127,127
Image_21109,127,127
Image_21110,127,127
Image_21111,127,127
Image_21112,127,127
Image_21113,127,127
Image_21114,127,127
Image_21115,127,127
Image_21116,127,127
Image_21117,127,127
Image_21118,127,127
Image_21119,127,127
Image_21120,127,127
Image_21121,127,127
Image_21122,127,127
Image_21123,127,127
Image_21124,127,127
Image_21125,127,127
Image_21126,127,127
Image_21127,127,127
Image_21128,127,127
Image_21129,127,127
Image_21130,127,127
Image_21131,127,127
Image_21132,127,127
Image_21133,127,127
Image_21134,127,127
Image_21135,127,127
Image_21136,127,127
Image_21137,127,127
Image_21138,127,127
Image_21139,127,127
Image_21140,127,127
Image_21141,127,127
Image_21142,127,127
Image_21143,127,127
Image_21144,127,127
Image_21145,127,127
Image_21146,127,127
Image_21147,127,127
Image_21148,127,127
Image_21149,127,127
Image_21150,127,127
Image_21151,127,127
Image_21152,127,127
Image_21153,127,127
Image_21154,127,127
Image_21155,127,127
Image_21156,127,127
Image_21157,127,127
Image_21158,127,127
Image_21159,127,127
Image_21160,127,127
Image_21161,127,127
Image_21162,127,127
Image_21163,127,127
Image_21164,127,127
Image_21165,127,127
Image_21166,127,127
Image_21167,127,127
Image_21168,127,127
Image_21169,127,127
Image_21170,127,127
Image_21171,128,128
Image_21172,128,128
Image_21173,128,128
Image_21174,128,128
Image_21175,128,128
Image_21176,128,128
Image_21177,128,40
Image_21178,128,128
Image_21179,128,128
Image_21180,128,128
Image_21181,128,128
Image_21182,128,128
Image_21183,128,128
Image_21184,128,128
Image_21185,128,128
Image_21186,128,128
Image_21187,128,128
Image_21188,128,128
Image_21189,128,128
Image_21190,128,128
Image_21191,128,128
Image_21192,128,128
Image_21193,128,128
Image_21194,128,128
Image_21195,128,128
Image_21196,128,128
Image_21197,128,128
Image_21198,128,128
Image_21199,128,128
Image_21200,128,128
Image_21201,128,128
Image_21202,128,128
Image_21203,128,128
Image_21204,128,128
Image_21205,128,128
Image_21206,128,128
Image_21207,128,128
Image_21208,128,128
Image_21209,128,128
Image_21210,128,128
Image_21211,128,128
Image_21212,128,128
Image_21213,128,128
Image_21214,128,128
Image_21215,128,128
Image_21216,128,128
Image_21217,128,128
Image_21218,128,128
Image_21219,128,128
Image_21220,128,128
Image_21221,128,128
Image_21222,128,128
Image_21223,128,128
Image_21224,128,128
Image_21225,128,128
Image_21226,128,128
Image_21227,128,128
Image_21228,128,128
Image_21229,128,128
Image_21230,128,128
Image_21231,128,128
Image_21232,128,128
Image_21233,128,128
Image_21234,128,128
Image_21235,128,128
Image_21236,128,128
Image_21237,128,128
Image_21238,128,128
Image_21239,128,128
Image_21240,128,128
Image_21241,128,128
Image_21242,128,128
Image_21243,128,128
Image_21244,128,128
Image_21245,128,128
Image_21246,128,128
Image_21247,128,128
Image_21248,128,128
Image_21249,128,128
Image_21250,128,128
Image_21251,128,128
Image_21252,128,128
Image_21253,128,128
Image_21254,128,128
Image_21255,128,128
Image_21256,128,128
Image_21257,128,128
Image_21258,128,128
Image_21259,128,128
Image_21260,128,128
Image_21261,128,128
Image_21262,128,128
Image_21263,128,128
Image_21264,128,128
Image_21265,128,128
Image_21266,128,40
Image_21267,128,128
Image_21268,128,128
Image_21269,128,128
Image_21270,128,128
Image_21271,128,128
Image_21272,128,128
Image_21273,128,128
Image_21274,128,128
Image_21275,128,128
Image_21276,128,128
Image_21277,128,128
Image_21278,128,128
Image_21279,128,128
Image_21280,128,128
Image_21281,128,128
Image_21282,128,128
Image_21283,128,128
Image_21284,128,128
Image_21285,128,128
Image_21286,128,128
Image_21287,128,128
Image_21288,128,128
Image_21289,128,128
Image_21290,128,128
Image_21291,128,128
Image_21292,128,128
Image_21293,128,128
Image_21294,128,128
Image_21295,128,128
Image_21296,128,128
Image_21297,128,128
Image_21298,128,128
Image_21299,128,128
Image_21300,128,128
Image_21301,128,128
Image_21302,128,128
Image_21303,128,128
Image_21304,128,128
Image_21305,128,128
Image_21306,128,128
Image_21307,128,128
Image_21308,128,128
Image_21309,128,128
Image_21310,129,129
Image_21311,129,129
Image_21312,129,129
Image_21313,129,129
Image_21314,129,129
Image_21315,129,129
Image_21316,129,129
Image_21317,129,129
Image_21318,129,129
Image_21319,129,129
Image_21320,129,129
Image_21321,129,129
Image_21322,129,129
Image_21323,129,129
Image_21324,129,129
Image_21325,129,129
Image_21326,129,129
Image_21327,129,129
Image_21328,129,129
Image_21329,129,129
Image_21330,129,129
Image_21331,129,129
Image_21332,129,129
Image_21333,129,129
Image_21334,129,129
Image_21335,129,129
Image_21336,129,129
Image_21337,129,129
Image_21338,129,129
Image_21339,129,129
Image_21340,129,129
Image_21341,129,129
Image_21342,129,129
Image_21343,129,129
Image_21344,129,129
Image_21345,129,129
Image_21346,129,129
Image_21347,129,129
Image_21348,129,129
Image_21349,129,129
Image_21350,129,129
Image_21351,129,129
Image_21352,129,129
Image_21353,129,129
Image_21354,129,129
Image_21355,129,129
Image_21356,129,129
Image_21357,129,129
Image_21358,129,129
Image_21359,129,129
Image_21360,129,129
Image_21361,129,129
Image_21362,129,129
Image_21363,129,129
Image_21364,129,129
Image_21365,129,129
Image_21366,129,129
Image_21367,129,129
Image_21368,129,129
Image_21369,129,129
Image_21370,129,129
Image_21371,129,129
Image_21372,129,129
Image_21373,129,129
Image_21374,129,129
Image_21375,129,129
Image_21376,129,129
Image_21377,129,129
Image_21378,129,129
Image_21379,129,129
Image_21380,129,129
Image_21381,129,129
Image_21382,129,129
Image_21383,129,129
Image_21384,129,129
Image_21385,129,129
Image_21386,129,129
Image_21387,129,129
Image_21388,129,129
Image_21389,129,129
Image_21390,129,129
Image_21391,129,129
Image_21392,129,129
Image_21393,129,129
Image_21394,129,129
Image_21395,129,129
Image_21396,129,129
Image_21397,129,129
Image_21398,129,129
Image_21399,129,129
Image_21400,129,129
Image_21401,129,129
Image_21402,129,129
Image_21403,129,129
Image_21404,129,129
Image_21405,129,129
Image_21406,129,129
Image_21407,129,129
Image_21408,129,129
Image_21409,129,129
Image_21410,129,129
Image_21411,129,129
Image_21412,129,129
Image_21413,129,129
Image_21414,129,129
Image_21415,129,129
Image_21416,129,129
Image_21417,129,129
Image_21418,129,129
Image_21419,129,129
Image_21420,129,129
Image_21421,129,129
Image_21422,129,129
Image_21423,129,129
Image_21424,129,129
Image_21425,129,129
Image_21426,129,129
Image_21427,129,129
Image_21428,129,129
Image_21429,129,129
Image_21430,129,129
Image_21431,129,129
Image_21432,129,129
Image_21433,129,129
Image_21434,129,129
Image_21435,129,129
Image_21436,129,129
Image_21437,129,129
Image_21438,129,129
Image_21439,129,129
Image_21440,129,129
Image_21441,129,129
Image_21442,129,129
Image_21443,129,129
Image_21444,129,129
Image_21445,129,129
Image_21446,129,129
Image_21447,129,129
Image_21448,129,129
Image_21449,129,129
Image_21450,129,129
Image_21451,129,129
Image_21452,129,129
Image_21453,129,129
Image_21454,129,129
Image_21455,129,129
Image_21456,129,129
Image_21457,129,129
Image_21458,129,129
Image_21459,129,129
Image_21460,129,129
Image_21461,129,129
Image_21462,129,129
Image_21463,129,129
Image_21464,129,129
Image_21465,129,129
Image_21466,129,129
Image_21467,129,129
Image_21468,129,129
Image_21469,129,129
Image_21470,129,129
Image_21471,129,129
Image_21472,129,129
Image_21473,129,129
Image_21474,129,129
Image_21475,129,129
Image_21476,129,129
Image_21477,129,129
Image_21478,129,129
Image_21479,129,129
Image_21480,129,129
Image_21481,129,129
Image_21482,129,129
Image_21483,129,129
Image_21484,129,129
Image_21485,129,129
Image_21486,129,129
Image_21487,129,129
Image_21488,129,129
Image_21489,129,129
Image_21490,129,129
Image_21491,129,129
Image_21492,129,129
Image_21493,129,129
Image_21494,129,129
Image_21495,129,129
Image_21496,129,129
Image_21497,129,129
Image_21498,129,129
Image_21499,129,129
Image_21500,129,129
Image_21501,129,129
Image_21502,129,129
Image_21503,129,129
Image_21504,129,129
Image_21505,129,129
Image_21506,129,129
Image_21507,129,129
Image_21508,129,129
Image_21509,129,129
Image_21510,129,129
Image_21511,129,129
Image_21512,129,129
Image_21513,129,129
Image_21514,129,129
Image_21515,129,129
Image_21516,129,129
Image_21517,129,129
Image_21518,129,129
Image_21519,129,129
Image_21520,129,129
Image_21521,129,129
Image_21522,129,129
Image_21523,129,129
Image_21524,129,129
Image_21525,129,129
Image_21526,129,129
Image_21527,129,129
Image_21528,129,129
Image_21529,129,129
Image_21530,129,129
Image_21531,129,129
Image_21532,129,129
Image_21533,129,129
Image_21534,129,129
Image_21535,129,129
Image_21536,129,129
Image_21537,129,129
Image_21538,129,129
Image_21539,129,129
Image_21540,129,129
Image_21541,129,129
Image_21542,129,129
Image_21543,129,129
Image_21544,129,129
Image_21545,130,130
Image_21546,130,130
Image_21547,130,130
Image_21548,130,130
Image_21549,130,130
Image_21550,130,130
Image_21551,130,130
Image_21552,130,130
Image_21553,130,130
Image_21554,130,130
Image_21555,130,130
Image_21556,130,130
Image_21557,130,130
Image_21558,130,130
Image_21559,130,130
Image_21560,130,130
Image_21561,130,130
Image_21562,130,130
Image_21563,130,130
Image_21564,130,130
Image_21565,130,130
Image_21566,130,130
Image_21567,130,130
Image_21568,130,130
Image_21569,130,130
Image_21570,130,130
Image_21571,130,130
Image_21572,130,130
Image_21573,130,130
Image_21574,130,130
Image_21575,130,130
Image_21576,130,130
Image_21577,130,130
Image_21578,130,130
Image_21579,130,130
Image_21580,130,130
Image_21581,130,130
Image_21582,130,130
Image_21583,130,130
Image_21584,130,130
Image_21585,130,130
Image_21586,130,130
Image_21587,130,130
Image_21588,130,130
Image_21589,130,130
Image_21590,130,130
Image_21591,130,130
Image_21592,130,130
Image_21593,130,130
Image_21594,130,130
Image_21595,130,130
Image_21596,130,130
Image_21597,130,130
Image_21598,130,130
Image_21599,130,130
Image_21600,130,130
Image_21601,130,130
Image_21602,130,130
Image_21603,130,130
Image_21604,130,130
Image_21605,130,130
Image_21606,130,130
Image_21607,130,130
Image_21608,130,130
Image_21609,130,130
Image_21610,130,130
Image_21611,130,130
Image_21612,130,130
Image_21613,130,130
Image_21614,130,130
Image_21615,130,130
Image_21616,130,130
Image_21617,130,130
Image_21618,130,130
Image_21619,130,130
Image_21620,130,130
Image_21621,130,130
Image_21622,130,130
Image_21623,130,130
Image_21624,130,130
Image_21625,130,130
Image_21626,130,130
Image_21627,130,130
Image_21628,130,130
Image_21629,130,130
Image_21630,130,130
Image_21631,130,130
Image_21632,130,130
Image_21633,130,130
Image_21634,130,130
Image_21635,130,130
Image_21636,130,130
Image_21637,130,130
Image_21638,130,130
Image_21639,130,130
Image_21640,130,130
Image_21641,130,130
Image_21642,130,130
Image_21643,130,130
Image_21644,130,130
Image_21645,130,130
Image_21646,130,130
Image_21647,130,130
Image_21648,130,130
Image_21649,130,130
Image_21650,130,130
Image_21651,130,130
Image_21652,130,130
Image_21653,130,130
Image_21654,130,130
Image_21655,130,130
Image_21656,130,130
Image_21657,130,130
Image_21658,130,130
Image_21659,130,130
Image_21660,130,130
Image_21661,130,130
Image_21662,130,130
Image_21663,130,130
Image_21664,130,130
Image_21665,130,130
Image_21666,130,130
Image_21667,130,130
Image_21668,130,130
Image_21669,130,130
Image_21670,130,130
Image_21671,130,130
Image_21672,130,130
Image_21673,130,130
Image_21674,130,130
Image_21675,130,130
Image_21676,130,130
Image_21677,130,130
Image_21678,130,130
Image_21679,130,130
Image_21680,130,130
Image_21681,130,130
Image_21682,130,130
Image_21683,130,130
Image_21684,130,130
Image_21685,130,130
Image_21686,130,130
Image_21687,130,130
